INFO    : Building target web
INFO    : XSL conversion of /workspaces/activediscreteTEST0312826/Doree-main/source/main.ptx by /home/codespace/.ptx/2.43.1/core/xsl/utilities/pretext-enhanced-source.xsl
INFO    : successful application of /home/codespace/.ptx/2.43.1/core/xsl/utilities/pretext-enhanced-source.xsl
WARNING : Schema validation could not be completed: no validator was available (jing is not installed and lxml could not compile the schema). Continuing with build.
INFO    : Generating any needed assets.
WARNING : Now generating latex images
INFO    : converting latex-image pictures from /workspaces/activediscreteTEST0312826/Doree-main/source/main.ptx to svg graphics for placement in /workspaces/activediscreteTEST0312826/Doree-main/generated-assets/latex-image
INFO    : extracting latex-image pictures from /workspaces/activediscreteTEST0312826/Doree-main/source/main.ptx
INFO    : string parameters passed to extraction stylesheet: {'cli.version': '2.43', 'publisher': '/home/codespace/.ptx/2.43.1/templates/publication.ptx'}
INFO    : discovering source file's directory name: /workspaces/activediscreteTEST0312826/Doree-main/source
INFO    : verifying and expanding input directory: /workspaces/activediscreteTEST0312826/Doree-main/source/../generated-assets
INFO    : input directory expanded to absolute path: /workspaces/activediscreteTEST0312826/Doree-main/generated-assets
INFO    : verifying and expanding input directory: /workspaces/activediscreteTEST0312826/Doree-main/source/../assets
INFO    : input directory expanded to absolute path: /workspaces/activediscreteTEST0312826/Doree-main/assets
INFO    : discovering source file's directory name: /workspaces/activediscreteTEST0312826/Doree-main/source
INFO    : XSL conversion of /workspaces/activediscreteTEST0312826/Doree-main/source/main.ptx by /home/codespace/.ptx/2.43.1/core/xsl/extract-latex-image.xsl
INFO    : messages from the log for XSL processing:
ERROR   : * PTX:ERROR: the @xml:id value "exam_finite_geom_sum" should be unique, but is authored multiple times.
INFO    : *            Results will be unpredictable, and likely incorrect.  Information on the locations follows:
INFO    : *              located at: pretext/book/chapter/section/subsection/example
INFO    : *              located within: "exam_finite_geom_sum" (xml:id), "Finite geometric sum conjecture" (title)
INFO    : *              located at: pretext/book/chapter/section/subsection/example
INFO    : *              located within: "exam_finite_geom_sum" (xml:id), "Using the finite geometric sum formula" (title)
ERROR   : * PTX:ERROR: the @xml:id value "exer_eval_fofnminus1_exponentials" should be unique, but is authored multiple times.
INFO    : *            Results will be unpredictable, and likely incorrect.  Information on the locations follows:
INFO    : *              located at: pretext/book/chapter/section/subsection/subsubsection/exercise
INFO    : *              located within: "exer_eval_fofnminus1_exponentials" (xml:id), "\exerP" (title)
INFO    : *              located at: pretext/book/chapter/section/subsection/subsubsection/exercise
INFO    : *              located within: "exer_eval_fofnminus1_exponentials" (xml:id), "\exerP" (title)
ERROR   : * PTX:ERROR: the @xml:id value "exer_math_ind_sum_squares" should be unique, but is authored multiple times.
INFO    : *            Results will be unpredictable, and likely incorrect.  Information on the locations follows:
INFO    : *              located at: pretext/book/chapter/section/subsection/subsubsection/exercise
INFO    : *              located within: "exer_math_ind_sum_squares" (xml:id), "\exerU" (title)
INFO    : *              located at: pretext/book/chapter/section/subsection/subsubsection/exercise
INFO    : *              located within: "exer_math_ind_sum_squares" (xml:id), "\exerU" (title)
INFO    : successful application of /home/codespace/.ptx/2.43.1/core/xsl/extract-latex-image.xsl
WARNING : PTX:ERROR: cannot locate executable with configuration name `LatexEngine.XELATEX` as command `xelatex`
***  Edit the configuration file  ("pretext.cfg" or "project.ptx") and/or install  ***
***  the necessary program and/or make sure the executable is on your PATH         ***
WARNING : PTX:ERROR: cannot locate executable with configuration name `LatexEngine.XELATEX` as command `xelatex`
***  Edit the configuration file  ("pretext.cfg" or "project.ptx") and/or install  ***
***  the necessary program and/or make sure the executable is on your PATH         ***
ERROR   : Unable to generate some latex-image assets:
 LaTeX compilation failed for 2 "latex-image"(s).
Review the log for error messages, and LaTeX transcripts.
Images are:
  fig_number_line_ceiling-2.tex
  fig_number_line_floor-2.tex
INFO    : Removing temporary directory /tmp/ptx-6lqc5hsw
INFO    : Finished generating assets.

INFO    : Preparing to build into /workspaces/activediscreteTEST0312826/Doree-main/source/build/web.
INFO    : discovering source file's directory name: /workspaces/activediscreteTEST0312826/Doree-main/source
INFO    : verifying and expanding input directory: /workspaces/activediscreteTEST0312826/Doree-main/source/../generated-assets
INFO    : input directory expanded to absolute path: /workspaces/activediscreteTEST0312826/Doree-main/generated-assets
INFO    : verifying and expanding input directory: /workspaces/activediscreteTEST0312826/Doree-main/source/../assets
INFO    : input directory expanded to absolute path: /workspaces/activediscreteTEST0312826/Doree-main/assets
INFO    : discovering source file's directory name: /workspaces/activediscreteTEST0312826/Doree-main/source
INFO    : XSL conversion of /workspaces/activediscreteTEST0312826/Doree-main/source/main.ptx by /home/codespace/.ptx/2.43.1/core/xsl/utilities/report-publisher-variables.xsl
INFO    : successful application of /home/codespace/.ptx/2.43.1/core/xsl/utilities/report-publisher-variables.xsl
INFO    : Downloading rs services file from https://runestone.academy/cdn/runestone/latest/webpack_static_imports.xml.
INFO    : Runestone Services via online CDN query: version 8.1.8
INFO    : Downloading Runestone Services, version 8.1.8
INFO    : Extracting Runestone Services from archive file
INFO    : Building custom css theme: theme-default-modern
INFO    : converting /workspaces/activediscreteTEST0312826/Doree-main/source/main.ptx to HTML in /tmp/ptx-na1bpgb2
INFO    : XSL conversion of /workspaces/activediscreteTEST0312826/Doree-main/source/main.ptx by /home/codespace/.ptx/2.43.1/core/xsl/pretext-html.xsl
INFO    : messages from the log for XSL processing:
ERROR   : * PTX:ERROR: the @xml:id value "exam_finite_geom_sum" should be unique, but is authored multiple times.
INFO    : *            Results will be unpredictable, and likely incorrect.  Information on the locations follows:
INFO    : *              located at: pretext/book/chapter/section/subsection/example
INFO    : *              located within: "exam_finite_geom_sum" (xml:id), "Finite geometric sum conjecture" (title)
INFO    : *              located at: pretext/book/chapter/section/subsection/example
INFO    : *              located within: "exam_finite_geom_sum" (xml:id), "Using the finite geometric sum formula" (title)
ERROR   : * PTX:ERROR: the @xml:id value "exer_eval_fofnminus1_exponentials" should be unique, but is authored multiple times.
INFO    : *            Results will be unpredictable, and likely incorrect.  Information on the locations follows:
INFO    : *              located at: pretext/book/chapter/section/subsection/subsubsection/exercise
INFO    : *              located within: "exer_eval_fofnminus1_exponentials" (xml:id), "\exerP" (title)
INFO    : *              located at: pretext/book/chapter/section/subsection/subsubsection/exercise
INFO    : *              located within: "exer_eval_fofnminus1_exponentials" (xml:id), "\exerP" (title)
ERROR   : * PTX:ERROR: the @xml:id value "exer_math_ind_sum_squares" should be unique, but is authored multiple times.
INFO    : *            Results will be unpredictable, and likely incorrect.  Information on the locations follows:
INFO    : *              located at: pretext/book/chapter/section/subsection/subsubsection/exercise
INFO    : *              located within: "exer_math_ind_sum_squares" (xml:id), "\exerU" (title)
INFO    : *              located at: pretext/book/chapter/section/subsection/subsubsection/exercise
INFO    : *              located within: "exer_math_ind_sum_squares" (xml:id), "\exerU" (title)
WARNING : * PTX:WARNING:    An <xref> wants to build text using a number to identify the target, but the target (which has @xml:id "exer_not_last_winning_position") does not have a number. You could try 'text="title"' or 'text="custom"' on the "xref".
INFO    : *              located at: pretext/book/chapter/section/subsection/subsubsection/title/xref
INFO    : *              located within: " Select Answers and Hints" (title)
WARNING : * PTX:WARNING:    An <xref> wants to build text using a number to identify the target, but the target (which has @xml:id "exer_not_last_conj") does not have a number. You could try 'text="title"' or 'text="custom"' on the "xref".
INFO    : *              located at: pretext/book/chapter/section/subsection/subsubsection/title/xref
INFO    : *              located within: " Select Answers and Hints" (title)
WARNING : * PTX:WARNING:    An <xref> wants to build text using a number to identify the target, but the target (which has @xml:id "exer_diagram_partition") does not have a number. You could try 'text="title"' or 'text="custom"' on the "xref".
INFO    : *              located at: pretext/book/chapter/section/subsection/subsubsection/title/xref
INFO    : *              located within: " Select Answers and Hints" (title)
WARNING : * PTX:WARNING:    An <xref> wants to build text using a number to identify the target, but the target (which has @xml:id "exer_even_selfconj_examples") does not have a number. You could try 'text="title"' or 'text="custom"' on the "xref".
INFO    : *              located at: pretext/book/chapter/section/subsection/subsubsection/title/xref
INFO    : *              located within: " Select Answers and Hints" (title)
WARNING : * PTX:WARNING:    An <xref> wants to build text using a number to identify the target, but the target (which has @xml:id "exer_even_selfconj_always") does not have a number. You could try 'text="title"' or 'text="custom"' on the "xref".
INFO    : *              located at: pretext/book/chapter/section/subsection/subsubsection/title/xref
INFO    : *              located within: " Select Answers and Hints" (title)
WARNING : * PTX:WARNING:    An <xref> wants to build text using a number to identify the target, but the target (which has @xml:id "exer_fact_rep_largest_upto6_") does not have a number. You could try 'text="title"' or 'text="custom"' on the "xref".
INFO    : *              located at: pretext/book/chapter/section/subsection/subsubsection/title/xref
INFO    : *              located within: " Select Answers and Hints" (title)
WARNING : * PTX:WARNING:    An <xref> wants to build text using a number to identify the target, but the target (which has @xml:id "exer_larger_fact_rep") does not have a number. You could try 'text="title"' or 'text="custom"' on the "xref".
INFO    : *              located at: pretext/book/chapter/section/subsection/subsubsection/title/xref
INFO    : *              located within: " Select Answers and Hints" (title)
WARNING : * PTX:WARNING:    An <xref> wants to build text using a number to identify the target, but the target (which has @xml:id "exer_fact_rep_divisibility") does not have a number. You could try 'text="title"' or 'text="custom"' on the "xref".
INFO    : *              located at: pretext/book/chapter/section/subsection/subsubsection/title/xref
INFO    : *              located within: " Select Answers and Hints" (title)
WARNING : * PTX:WARNING:    An <xref> wants to build text using a number to identify the target, but the target (which has @xml:id "exer_fact_rep_alg_example") does not have a number. You could try 'text="title"' or 'text="custom"' on the "xref".
INFO    : *              located at: pretext/book/chapter/section/subsection/subsubsection/title/xref
INFO    : *              located within: " Select Answers and Hints" (title)
WARNING : * PTX:WARNING: There are apparent XML elements in locations that should be text only (1 times).
WARNING : * PTX:WARNING: There is an apparent XML element (<ndash>) inside an <c> element, which should only contain text.  Using an escaped "less than" ('&lt;') might be the solution, or using a CDATA section.
INFO    : *              located at: pretext/book/chapter/section/subsection/subsubsection/exercise/statement/p/c/ndash
INFO    : *              located within: "exer_bal_ternary_strings" (xml:id), "\exerE" (title)
INFO    : * PTX:INFO:   checking all deprecated elements.
WARNING : * PTX:DEPRECATE: (2024-10-08) elements previously included in a "titlepage" element inside the "frontmatter" (author, editor, credit, date, and event) should now be placed in "frontmatter/bibinfo".  To ensure a title page is created, put only the empty element "titlepage-items" inside "titlepage".  Until you move these elements, we will try to honor your intent. (1 time)
INFO    : *              located at: pretext/book/frontmatter/titlepage
INFO    : *              located within: "\textsc{Active Discrete Mathematics:\\ Patterns, Structures, and Proof}" (title)
INFO    : * --------------
WARNING : * PTX:DEPRECATE: (2026-05-11) the "me" and "men" elements have been deprecated.  The replacement is an "md" with no "mrow" children, and numbering is controlled by the "@number" attribute, or a global setting in "docinfo". (841 times)
INFO    : *              located at: pretext/book/chapter/activity/p/ol/li/p/me
INFO    : *              located within: "act_handshakes" (xml:id), "Handshakes puzzle" (title)
INFO    : *              located at: pretext/book/chapter/example/solution/p/me
INFO    : *              located within: "exam_hs6" (xml:id), "Six students shake hands" (title)
INFO    : *              located at: pretext/book/chapter/example/solution/p/me
INFO    : *              located within: "exam_hs6" (xml:id), "Six students shake hands" (title)
INFO    : *              located at: pretext/book/chapter/example/solution/p/me
INFO    : *              located within: "exam_hs6" (xml:id), "Six students shake hands" (title)
INFO    : *              located at: pretext/book/chapter/p/me
INFO    : *              located within: "ch_prologue" (xml:id), "Prologue: Handshakes" (title)
INFO    : *              located at: pretext/book/chapter/section/subsection/example/statement/p/ol/li/p/solution/figure/me
INFO    : *              located within: "fig_sq_dom6_start1" (xml:id)
INFO    : *              located at: pretext/book/chapter/section/subsection/example/statement/p/ol/li/p/solution/figure/me
INFO    : *              located within: "fig_sq_dom6_start2" (xml:id)
INFO    : *              located at: pretext/book/chapter/section/subsection/example/statement/p/ol/li/p/solution/p/me
INFO    : *              located within: "exam_sq_dom8" (xml:id), "Counting squares and dominoes tilings of a 1 \times 8 board" (title)
INFO    : * --------------
ERROR   : * PTX:ERROR:   a cross-reference ("xref") uses references [sub_handshakes] that do not point to any target, or perhaps point to multiple targets.  Maybe you typed an @xml:id value wrong, maybe the target of the @xml:id is nonexistent, or maybe you temporarily removed the target from your source, or maybe an auxiliary file contains a duplicate.  Your output will contain some placeholder text that you will not want to distribute to your readers.
INFO    : *              located at: pretext/book/chapter/p/xref
INFO    : *              located within: "ch_prologue" (xml:id), "Prologue: Handshakes" (title)
ERROR   : * PTX:ERROR:   a cross-reference ("xref") uses references [sub_learning] that do not point to any target, or perhaps point to multiple targets.  Maybe you typed an @xml:id value wrong, maybe the target of the @xml:id is nonexistent, or maybe you temporarily removed the target from your source, or maybe an auxiliary file contains a duplicate.  Your output will contain some placeholder text that you will not want to distribute to your readers.
INFO    : *              located at: pretext/book/chapter/p/xref
INFO    : *              located within: "ch_prologue" (xml:id), "Prologue: Handshakes" (title)
ERROR   : * PTX:ERROR:   a cross-reference ("xref") uses references [sub_handshakes] that do not point to any target, or perhaps point to multiple targets.  Maybe you typed an @xml:id value wrong, maybe the target of the @xml:id is nonexistent, or maybe you temporarily removed the target from your source, or maybe an auxiliary file contains a duplicate.  Your output will contain some placeholder text that you will not want to distribute to your readers.
INFO    : *              located at: pretext/book/chapter/p/xref
INFO    : *              located within: "ch_prologue" (xml:id), "Prologue: Handshakes" (title)
ERROR   : * PTX:ERROR:   a cross-reference ("xref") uses references [fig_tree_bit_strings_length4_weight2] that do not point to any target, or perhaps point to multiple targets.  Maybe you typed an @xml:id value wrong, maybe the target of the @xml:id is nonexistent, or maybe you temporarily removed the target from your source, or maybe an auxiliary file contains a duplicate.  Your output will contain some placeholder text that you will not want to distribute to your readers.
INFO    : *              located at: pretext/book/chapter/section/subsection/example/statement/p/ol/li/p/solution/p/xref
INFO    : *              located within: "exam_bit_string_length3" (xml:id), "Listing bit strings in a possibility tree" (title)
ERROR   : * PTX:ERROR:   a cross-reference ("xref") uses references [pff_cases] that do not point to any target, or perhaps point to multiple targets.  Maybe you typed an @xml:id value wrong, maybe the target of the @xml:id is nonexistent, or maybe you temporarily removed the target from your source, or maybe an auxiliary file contains a duplicate.  Your output will contain some placeholder text that you will not want to distribute to your readers.
INFO    : *              located at: pretext/book/chapter/section/subsection/subsubsection/exercise/statement/p/xref
INFO    : *              located within: "exer_proof_cases_not_mult_three" (xml:id), "\exerE" (title)
ERROR   : * PTX:ERROR:   a cross-reference ("xref") uses references [pff_cases] that do not point to any target, or perhaps point to multiple targets.  Maybe you typed an @xml:id value wrong, maybe the target of the @xml:id is nonexistent, or maybe you temporarily removed the target from your source, or maybe an auxiliary file contains a duplicate.  Your output will contain some placeholder text that you will not want to distribute to your readers.
INFO    : *              located at: pretext/book/chapter/section/subsection/subsubsection/exercise/statement/p/xref
INFO    : *              located within: "exer_proof_cases_square_mod4" (xml:id), "\exerE" (title)
ERROR   : * PTX:ERROR:   a cross-reference ("xref") uses references [pff_cases] that do not point to any target, or perhaps point to multiple targets.  Maybe you typed an @xml:id value wrong, maybe the target of the @xml:id is nonexistent, or maybe you temporarily removed the target from your source, or maybe an auxiliary file contains a duplicate.  Your output will contain some placeholder text that you will not want to distribute to your readers.
INFO    : *              located at: pretext/book/chapter/section/subsection/subsubsection/exercise/statement/p/xref
INFO    : *              located within: "exer_proof_cases_square_mod3" (xml:id), "\exerE" (title)
WARNING : * PTX:WARNING:    An <xref> wants to build text using a number to identify the target, but the target (which has @xml:id "exer_not_last_winning_position") does not have a number. You could try 'text="title"' or 'text="custom"' on the "xref".
INFO    : *              located at: pretext/book/chapter/section/subsection/subsubsection/title/xref
INFO    : *              located within: " Select Answers and Hints" (title)
WARNING : * PTX:WARNING:    An <xref> wants to build text using a number to identify the target, but the target (which has @xml:id "exer_not_last_winning_position") does not have a number. You could try 'text="title"' or 'text="custom"' on the "xref".
INFO    : *              located at: pretext/book/chapter/section/subsection/subsubsection/title/xref
INFO    : *              located within: " Select Answers and Hints" (title)
WARNING : * PTX:WARNING:    An <xref> wants to build text using a number to identify the target, but the target (which has @xml:id "exer_not_last_winning_position") does not have a number. You could try 'text="title"' or 'text="custom"' on the "xref".
INFO    : *              located at: pretext/book/chapter/section/subsection/subsubsection/title/xref
INFO    : *              located within: " Select Answers and Hints" (title)
WARNING : * PTX:WARNING:    An <xref> wants to build text using a number to identify the target, but the target (which has @xml:id "exer_not_last_conj") does not have a number. You could try 'text="title"' or 'text="custom"' on the "xref".
INFO    : *              located at: pretext/book/chapter/section/subsection/subsubsection/title/xref
INFO    : *              located within: " Select Answers and Hints" (title)
WARNING : * PTX:WARNING:    An <xref> wants to build text using a number to identify the target, but the target (which has @xml:id "exer_not_last_conj") does not have a number. You could try 'text="title"' or 'text="custom"' on the "xref".
INFO    : *              located at: pretext/book/chapter/section/subsection/subsubsection/title/xref
INFO    : *              located within: " Select Answers and Hints" (title)
WARNING : * PTX:WARNING:    An <xref> wants to build text using a number to identify the target, but the target (which has @xml:id "exer_not_last_conj") does not have a number. You could try 'text="title"' or 'text="custom"' on the "xref".
INFO    : *              located at: pretext/book/chapter/section/subsection/subsubsection/title/xref
INFO    : *              located within: " Select Answers and Hints" (title)
WARNING : * PTX:WARNING: Unstructured content within a list item is being ignored ("In this textbook we abbreviate true as")
INFO    : *              located at: pretext/book/chapter/section/subsection/definition/statement/p/ol/li
INFO    : *              located within: "defn_and_or_xor" (xml:id), "And, or, and xor" (title)
WARNING : * PTX:WARNING: Unstructured content within a list item is being ignored ("and false as")
INFO    : *              located at: pretext/book/chapter/section/subsection/definition/statement/p/ol/li
INFO    : *              located within: "defn_and_or_xor" (xml:id), "And, or, and xor" (title)
WARNING : * PTX:WARNING: Unstructured content within a list item is being ignored (". Some computer science textbooks use")
INFO    : *              located at: pretext/book/chapter/section/subsection/definition/statement/p/ol/li
INFO    : *              located within: "defn_and_or_xor" (xml:id), "And, or, and xor" (title)
WARNING : * PTX:WARNING: Unstructured content within a list item is being ignored ("for true and")
INFO    : *              located at: pretext/book/chapter/section/subsection/definition/statement/p/ol/li
INFO    : *              located within: "defn_and_or_xor" (xml:id), "And, or, and xor" (title)
WARNING : * PTX:WARNING: Unstructured content within a list item is being ignored ("for false instead.")
INFO    : *              located at: pretext/book/chapter/section/subsection/definition/statement/p/ol/li
INFO    : *              located within: "defn_and_or_xor" (xml:id), "And, or, and xor" (title)
ERROR   : * PTX:ERROR:   a cross-reference ("xref") uses references [pff_cases] that do not point to any target, or perhaps point to multiple targets.  Maybe you typed an @xml:id value wrong, maybe the target of the @xml:id is nonexistent, or maybe you temporarily removed the target from your source, or maybe an auxiliary file contains a duplicate.  Your output will contain some placeholder text that you will not want to distribute to your readers.
INFO    : *              located at: pretext/book/chapter/section/subsection/p/xref
INFO    : *              located within: "sub_pff_and_or" (xml:id), "\subpffandor" (title)
ERROR   : * PTX:ERROR:   a cross-reference ("xref") uses references [pff_and] that do not point to any target, or perhaps point to multiple targets.  Maybe you typed an @xml:id value wrong, maybe the target of the @xml:id is nonexistent, or maybe you temporarily removed the target from your source, or maybe an auxiliary file contains a duplicate.  Your output will contain some placeholder text that you will not want to distribute to your readers.
INFO    : *              located at: pretext/book/chapter/section/subsection/p/xref
INFO    : *              located within: "sub_pff_contra" (xml:id), "\subpffcontra" (title)
ERROR   : * PTX:ERROR:   a cross-reference ("xref") uses references [pff_and] that do not point to any target, or perhaps point to multiple targets.  Maybe you typed an @xml:id value wrong, maybe the target of the @xml:id is nonexistent, or maybe you temporarily removed the target from your source, or maybe an auxiliary file contains a duplicate.  Your output will contain some placeholder text that you will not want to distribute to your readers.
INFO    : *              located at: pretext/book/chapter/section/subsection/subsubsection/exercise/statement/p/xref
INFO    : *              located within: "exer_prove_odd_and_mult3" (xml:id), "\exerP" (title)
ERROR   : * PTX:ERROR:   a cross-reference ("xref") uses references [pff_or_by_cases] that do not point to any target, or perhaps point to multiple targets.  Maybe you typed an @xml:id value wrong, maybe the target of the @xml:id is nonexistent, or maybe you temporarily removed the target from your source, or maybe an auxiliary file contains a duplicate.  Your output will contain some placeholder text that you will not want to distribute to your readers.
INFO    : *              located at: pretext/book/chapter/section/subsection/subsubsection/exercise/statement/p/xref
INFO    : *              located within: "exer_prove_nsqplusn_mod4" (xml:id), "\exerP" (title)
ERROR   : * PTX:ERROR:   a cross-reference ("xref") uses references [pff_and] that do not point to any target, or perhaps point to multiple targets.  Maybe you typed an @xml:id value wrong, maybe the target of the @xml:id is nonexistent, or maybe you temporarily removed the target from your source, or maybe an auxiliary file contains a duplicate.  Your output will contain some placeholder text that you will not want to distribute to your readers.
INFO    : *              located at: pretext/book/chapter/section/subsection/subsubsection/exercise/statement/p/xref
INFO    : *              located within: "exer_prove_odd_and_mult3_general" (xml:id), "\exerU" (title)
ERROR   : * PTX:ERROR:   a cross-reference ("xref") uses references [pff_or_by_cases_generalized] that do not point to any target, or perhaps point to multiple targets.  Maybe you typed an @xml:id value wrong, maybe the target of the @xml:id is nonexistent, or maybe you temporarily removed the target from your source, or maybe an auxiliary file contains a duplicate.  Your output will contain some placeholder text that you will not want to distribute to your readers.
INFO    : *              located at: pretext/book/chapter/section/subsection/subsubsection/exercise/statement/p/xref
INFO    : *              located within: "exer_sq_mod5" (xml:id), "\exerU" (title)
ERROR   : * PTX:ERROR:   a cross-reference ("xref") uses references [pff_contradiction] that do not point to any target, or perhaps point to multiple targets.  Maybe you typed an @xml:id value wrong, maybe the target of the @xml:id is nonexistent, or maybe you temporarily removed the target from your source, or maybe an auxiliary file contains a duplicate.  Your output will contain some placeholder text that you will not want to distribute to your readers.
INFO    : *              located at: pretext/book/chapter/section/subsection/subsubsection/exercise/statement/p/xref
INFO    : *              located within: "exer_prove_not_sum_3digits_equals25" (xml:id), "\exerP" (title)
ERROR   : * PTX:ERROR:   a cross-reference ("xref") uses references [pff_contradiction] that do not point to any target, or perhaps point to multiple targets.  Maybe you typed an @xml:id value wrong, maybe the target of the @xml:id is nonexistent, or maybe you temporarily removed the target from your source, or maybe an auxiliary file contains a duplicate.  Your output will contain some placeholder text that you will not want to distribute to your readers.
INFO    : *              located at: pretext/book/chapter/section/subsection/subsubsection/exercise/statement/p/xref
INFO    : *              located within: "exer_contradiction_coins_in_cups" (xml:id), "\exerP" (title)
ERROR   : * PTX:ERROR:   a cross-reference ("xref") uses references [pff_contradiction] that do not point to any target, or perhaps point to multiple targets.  Maybe you typed an @xml:id value wrong, maybe the target of the @xml:id is nonexistent, or maybe you temporarily removed the target from your source, or maybe an auxiliary file contains a duplicate.  Your output will contain some placeholder text that you will not want to distribute to your readers.
INFO    : *              located at: pretext/book/chapter/section/subsection/subsubsection/exercise/statement/p/xref
INFO    : *              located within: "exer_contradiction_3reg_graph_order7" (xml:id), "\exerP" (title)
ERROR   : * PTX:ERROR:   a cross-reference ("xref") uses references [pff_contradiction] that do not point to any target, or perhaps point to multiple targets.  Maybe you typed an @xml:id value wrong, maybe the target of the @xml:id is nonexistent, or maybe you temporarily removed the target from your source, or maybe an auxiliary file contains a duplicate.  Your output will contain some placeholder text that you will not want to distribute to your readers.
INFO    : *              located at: pretext/book/chapter/section/subsection/subsubsection/exercise/statement/p/ol/li/p/xref
INFO    : *              located within: "exer_prove_bs_length5_three0s_or_three1s" (xml:id), "\exerU" (title)
ERROR   : * PTX:ERROR:   a cross-reference ("xref") uses references [pff_contradiction] that do not point to any target, or perhaps point to multiple targets.  Maybe you typed an @xml:id value wrong, maybe the target of the @xml:id is nonexistent, or maybe you temporarily removed the target from your source, or maybe an auxiliary file contains a duplicate.  Your output will contain some placeholder text that you will not want to distribute to your readers.
INFO    : *              located at: pretext/book/chapter/section/subsection/subsubsection/exercise/statement/p/xref
INFO    : *              located within: "exer_contradiction_coprime" (xml:id), "\exerU" (title)
ERROR   : * PTX:ERROR:   a cross-reference ("xref") uses references [pff_contradiction] that do not point to any target, or perhaps point to multiple targets.  Maybe you typed an @xml:id value wrong, maybe the target of the @xml:id is nonexistent, or maybe you temporarily removed the target from your source, or maybe an auxiliary file contains a duplicate.  Your output will contain some placeholder text that you will not want to distribute to your readers.
INFO    : *              located at: pretext/book/chapter/section/subsection/subsubsection/exercise/statement/p/xref
INFO    : *              located within: "exer_not_both_even_odd" (xml:id), "\exerE" (title)
WARNING : * PTX:WARNING: Unstructured content within a list item is being ignored ("Check that the set of three cards shown in")
INFO    : *              located at: pretext/book/chapter/section/subsection/activity/ol/li
INFO    : *              located within: "act_set_game" (xml:id), "The game SET\texttrademark" (title)
WARNING : * PTX:WARNING: Unstructured content within a list item is being ignored ("is a SET.")
INFO    : *              located at: pretext/book/chapter/section/subsection/activity/ol/li
INFO    : *              located within: "act_set_game" (xml:id), "The game SET\texttrademark" (title)
ERROR   : * PTX:ERROR:   a cross-reference ("xref") uses references [pff_exists] that do not point to any target, or perhaps point to multiple targets.  Maybe you typed an @xml:id value wrong, maybe the target of the @xml:id is nonexistent, or maybe you temporarily removed the target from your source, or maybe an auxiliary file contains a duplicate.  Your output will contain some placeholder text that you will not want to distribute to your readers.
INFO    : *              located at: pretext/book/chapter/section/subsection/p/xref
INFO    : *              located within: "sub_pff_quants" (xml:id), "\subpffquants" (title)
ERROR   : * PTX:ERROR:   a cross-reference ("xref") uses references [pff_exists] that do not point to any target, or perhaps point to multiple targets.  Maybe you typed an @xml:id value wrong, maybe the target of the @xml:id is nonexistent, or maybe you temporarily removed the target from your source, or maybe an auxiliary file contains a duplicate.  Your output will contain some placeholder text that you will not want to distribute to your readers.
INFO    : *              located at: pretext/book/chapter/section/subsection/example/solution/p/xref
INFO    : *              located within: "exam_exists_graph_5vert_5edge" (xml:id), "There is a graph with five vertices and five edges" (title)
ERROR   : * PTX:ERROR:   a cross-reference ("xref") uses references [pff_forall] that do not point to any target, or perhaps point to multiple targets.  Maybe you typed an @xml:id value wrong, maybe the target of the @xml:id is nonexistent, or maybe you temporarily removed the target from your source, or maybe an auxiliary file contains a duplicate.  Your output will contain some placeholder text that you will not want to distribute to your readers.
INFO    : *              located at: pretext/book/chapter/section/subsection/example/solution/p/xref
INFO    : *              located within: "exam_6qminus10_is_even" (xml:id), "6q-10 is even" (title)
ERROR   : * PTX:ERROR:   a cross-reference ("xref") uses references [pff_exists] that do not point to any target, or perhaps point to multiple targets.  Maybe you typed an @xml:id value wrong, maybe the target of the @xml:id is nonexistent, or maybe you temporarily removed the target from your source, or maybe an auxiliary file contains a duplicate.  Your output will contain some placeholder text that you will not want to distribute to your readers.
INFO    : *              located at: pretext/book/chapter/section/subsection/activity/p/ol/li/p/xref
INFO    : *              located within: "part_exists_int_4div" (xml:id)
ERROR   : * PTX:ERROR:   a cross-reference ("xref") uses references [pff_forall] that do not point to any target, or perhaps point to multiple targets.  Maybe you typed an @xml:id value wrong, maybe the target of the @xml:id is nonexistent, or maybe you temporarily removed the target from your source, or maybe an auxiliary file contains a duplicate.  Your output will contain some placeholder text that you will not want to distribute to your readers.
INFO    : *              located at: pretext/book/chapter/section/subsection/activity/p/ol/li/p/xref
INFO    : *              located within: "part_ndivnfactorial" (xml:id)
ERROR   : * PTX:ERROR:   a cross-reference ("xref") uses references [pff_forall] that do not point to any target, or perhaps point to multiple targets.  Maybe you typed an @xml:id value wrong, maybe the target of the @xml:id is nonexistent, or maybe you temporarily removed the target from your source, or maybe an auxiliary file contains a duplicate.  Your output will contain some placeholder text that you will not want to distribute to your readers.
INFO    : *              located at: pretext/book/chapter/section/subsection/activity/p/ol/li/p/xref
INFO    : *              located within: "part_proof_forall_exists" (xml:id)
ERROR   : * PTX:ERROR:   a cross-reference ("xref") uses references [pff_exists] that do not point to any target, or perhaps point to multiple targets.  Maybe you typed an @xml:id value wrong, maybe the target of the @xml:id is nonexistent, or maybe you temporarily removed the target from your source, or maybe an auxiliary file contains a duplicate.  Your output will contain some placeholder text that you will not want to distribute to your readers.
INFO    : *              located at: pretext/book/chapter/section/subsection/activity/p/ol/li/p/xref
INFO    : *              located within: "part_proof_forall_exists" (xml:id)
ERROR   : * PTX:ERROR:   a cross-reference ("xref") uses references [pff_exists] that do not point to any target, or perhaps point to multiple targets.  Maybe you typed an @xml:id value wrong, maybe the target of the @xml:id is nonexistent, or maybe you temporarily removed the target from your source, or maybe an auxiliary file contains a duplicate.  Your output will contain some placeholder text that you will not want to distribute to your readers.
INFO    : *              located at: pretext/book/chapter/section/subsection/activity/p/ol/li/p/xref
INFO    : *              located within: "part_proof_exists_forall" (xml:id)
ERROR   : * PTX:ERROR:   a cross-reference ("xref") uses references [pff_forall] that do not point to any target, or perhaps point to multiple targets.  Maybe you typed an @xml:id value wrong, maybe the target of the @xml:id is nonexistent, or maybe you temporarily removed the target from your source, or maybe an auxiliary file contains a duplicate.  Your output will contain some placeholder text that you will not want to distribute to your readers.
INFO    : *              located at: pretext/book/chapter/section/subsection/activity/p/ol/li/p/xref
INFO    : *              located within: "part_proof_exists_forall" (xml:id)
ERROR   : * PTX:ERROR:   a cross-reference ("xref") uses references [pff_forall] that do not point to any target, or perhaps point to multiple targets.  Maybe you typed an @xml:id value wrong, maybe the target of the @xml:id is nonexistent, or maybe you temporarily removed the target from your source, or maybe an auxiliary file contains a duplicate.  Your output will contain some placeholder text that you will not want to distribute to your readers.
INFO    : *              located at: pretext/book/chapter/section/subsection/p/xref
INFO    : *              located within: "sub_cex" (xml:id), "\subcex" (title)
ERROR   : * PTX:ERROR:   a cross-reference ("xref") uses references [pff_exists] that do not point to any target, or perhaps point to multiple targets.  Maybe you typed an @xml:id value wrong, maybe the target of the @xml:id is nonexistent, or maybe you temporarily removed the target from your source, or maybe an auxiliary file contains a duplicate.  Your output will contain some placeholder text that you will not want to distribute to your readers.
INFO    : *              located at: pretext/book/chapter/section/subsection/subsubsection/exercise/statement/p/xref
INFO    : *              located within: "exer_easy_proofs_exists" (xml:id), "\exerP" (title)
ERROR   : * PTX:ERROR:   a cross-reference ("xref") uses references [pff_forall] that do not point to any target, or perhaps point to multiple targets.  Maybe you typed an @xml:id value wrong, maybe the target of the @xml:id is nonexistent, or maybe you temporarily removed the target from your source, or maybe an auxiliary file contains a duplicate.  Your output will contain some placeholder text that you will not want to distribute to your readers.
INFO    : *              located at: pretext/book/chapter/section/subsection/subsubsection/exercise/statement/p/xref
INFO    : *              located within: "exer_easy_proofs_forall" (xml:id), "\exerP" (title)
ERROR   : * PTX:ERROR:   a cross-reference ("xref") uses references [pff_forall] that do not point to any target, or perhaps point to multiple targets.  Maybe you typed an @xml:id value wrong, maybe the target of the @xml:id is nonexistent, or maybe you temporarily removed the target from your source, or maybe an auxiliary file contains a duplicate.  Your output will contain some placeholder text that you will not want to distribute to your readers.
INFO    : *              located at: pretext/book/chapter/section/subsection/subsubsection/exercise/statement/p/xref
INFO    : *              located within: "exer_proof_exists_forall" (xml:id), "\exerU" (title)
ERROR   : * PTX:ERROR:   a cross-reference ("xref") uses references [pff_exists] that do not point to any target, or perhaps point to multiple targets.  Maybe you typed an @xml:id value wrong, maybe the target of the @xml:id is nonexistent, or maybe you temporarily removed the target from your source, or maybe an auxiliary file contains a duplicate.  Your output will contain some placeholder text that you will not want to distribute to your readers.
INFO    : *              located at: pretext/book/chapter/section/subsection/subsubsection/exercise/statement/p/xref
INFO    : *              located within: "exer_proof_exists_forall" (xml:id), "\exerU" (title)
ERROR   : * PTX:ERROR:   a cross-reference ("xref") uses references [pff_forall] that do not point to any target, or perhaps point to multiple targets.  Maybe you typed an @xml:id value wrong, maybe the target of the @xml:id is nonexistent, or maybe you temporarily removed the target from your source, or maybe an auxiliary file contains a duplicate.  Your output will contain some placeholder text that you will not want to distribute to your readers.
INFO    : *              located at: pretext/book/chapter/section/subsection/subsubsection/exercise/statement/p/xref
INFO    : *              located within: "exer_rational_soln" (xml:id), "\exerU" (title)
ERROR   : * PTX:ERROR:   a cross-reference ("xref") uses references [pff_exists] that do not point to any target, or perhaps point to multiple targets.  Maybe you typed an @xml:id value wrong, maybe the target of the @xml:id is nonexistent, or maybe you temporarily removed the target from your source, or maybe an auxiliary file contains a duplicate.  Your output will contain some placeholder text that you will not want to distribute to your readers.
INFO    : *              located at: pretext/book/chapter/section/subsection/subsubsection/exercise/statement/p/xref
INFO    : *              located within: "exer_rational_soln" (xml:id), "\exerU" (title)
ERROR   : * PTX:ERROR:   a cross-reference ("xref") uses references [exam_chromatic_K4_C5] that do not point to any target, or perhaps point to multiple targets.  Maybe you typed an @xml:id value wrong, maybe the target of the @xml:id is nonexistent, or maybe you temporarily removed the target from your source, or maybe an auxiliary file contains a duplicate.  Your output will contain some placeholder text that you will not want to distribute to your readers.
INFO    : *              located at: pretext/book/chapter/section/subsection/subsubsection/ol/li/p/xref
INFO    : *              located within: " Select Answers and Hints" (title)
ERROR   : * PTX:ERROR:   a cross-reference ("xref") uses references [pff_forall] that do not point to any target, or perhaps point to multiple targets.  Maybe you typed an @xml:id value wrong, maybe the target of the @xml:id is nonexistent, or maybe you temporarily removed the target from your source, or maybe an auxiliary file contains a duplicate.  Your output will contain some placeholder text that you will not want to distribute to your readers.
INFO    : *              located at: pretext/book/chapter/section/subsection/activity/p/ol/li/p/xref
INFO    : *              located within: "part_if_then_direct" (xml:id)
ERROR   : * PTX:ERROR:   a cross-reference ("xref") uses references [pff_if_then_direct] that do not point to any target, or perhaps point to multiple targets.  Maybe you typed an @xml:id value wrong, maybe the target of the @xml:id is nonexistent, or maybe you temporarily removed the target from your source, or maybe an auxiliary file contains a duplicate.  Your output will contain some placeholder text that you will not want to distribute to your readers.
INFO    : *              located at: pretext/book/chapter/section/subsection/activity/p/ol/li/p/xref
INFO    : *              located within: "part_if_then_direct" (xml:id)
ERROR   : * PTX:ERROR:   a cross-reference ("xref") uses references [pff_or_by_cases] that do not point to any target, or perhaps point to multiple targets.  Maybe you typed an @xml:id value wrong, maybe the target of the @xml:id is nonexistent, or maybe you temporarily removed the target from your source, or maybe an auxiliary file contains a duplicate.  Your output will contain some placeholder text that you will not want to distribute to your readers.
INFO    : *              located at: pretext/book/chapter/section/subsection/p/xref
INFO    : *              located within: "sub_pff_or_implication" (xml:id), "\subpfforimplication" (title)
ERROR   : * PTX:ERROR:   a cross-reference ("xref") uses references [pff_forall] that do not point to any target, or perhaps point to multiple targets.  Maybe you typed an @xml:id value wrong, maybe the target of the @xml:id is nonexistent, or maybe you temporarily removed the target from your source, or maybe an auxiliary file contains a duplicate.  Your output will contain some placeholder text that you will not want to distribute to your readers.
INFO    : *              located at: pretext/book/chapter/section/subsection/activity/p/ol/li/p/xref
INFO    : *              located within: "part_or_implication" (xml:id)
ERROR   : * PTX:ERROR:   a cross-reference ("xref") uses references [pff_or_implication] that do not point to any target, or perhaps point to multiple targets.  Maybe you typed an @xml:id value wrong, maybe the target of the @xml:id is nonexistent, or maybe you temporarily removed the target from your source, or maybe an auxiliary file contains a duplicate.  Your output will contain some placeholder text that you will not want to distribute to your readers.
INFO    : *              located at: pretext/book/chapter/section/subsection/activity/p/ol/li/p/xref
INFO    : *              located within: "part_or_implication" (xml:id)
ERROR   : * PTX:ERROR:   a cross-reference ("xref") uses references [pff_or_implication] that do not point to any target, or perhaps point to multiple targets.  Maybe you typed an @xml:id value wrong, maybe the target of the @xml:id is nonexistent, or maybe you temporarily removed the target from your source, or maybe an auxiliary file contains a duplicate.  Your output will contain some placeholder text that you will not want to distribute to your readers.
INFO    : *              located at: pretext/book/chapter/section/subsection/p/xref
INFO    : *              located within: "sub_pff_or_implication" (xml:id), "\subpfforimplication" (title)
ERROR   : * PTX:ERROR:   a cross-reference ("xref") uses references [pff_or_implication] that do not point to any target, or perhaps point to multiple targets.  Maybe you typed an @xml:id value wrong, maybe the target of the @xml:id is nonexistent, or maybe you temporarily removed the target from your source, or maybe an auxiliary file contains a duplicate.  Your output will contain some placeholder text that you will not want to distribute to your readers.
INFO    : *              located at: pretext/book/chapter/section/subsection/example/statement/p/xref
INFO    : *              located within: "exam_implication_vs_cases_proof_or" (xml:id), "Compare proving an
      or
      statement using implication versus proof by cases" (title)
ERROR   : * PTX:ERROR:   a cross-reference ("xref") uses references [pff_or_by_cases] that do not point to any target, or perhaps point to multiple targets.  Maybe you typed an @xml:id value wrong, maybe the target of the @xml:id is nonexistent, or maybe you temporarily removed the target from your source, or maybe an auxiliary file contains a duplicate.  Your output will contain some placeholder text that you will not want to distribute to your readers.
INFO    : *              located at: pretext/book/chapter/section/subsection/example/statement/p/xref
INFO    : *              located within: "exam_implication_vs_cases_proof_or" (xml:id), "Compare proving an
      or
      statement using implication versus proof by cases" (title)
ERROR   : * PTX:ERROR:   a cross-reference ("xref") uses references [pff_or_by_cases] that do not point to any target, or perhaps point to multiple targets.  Maybe you typed an @xml:id value wrong, maybe the target of the @xml:id is nonexistent, or maybe you temporarily removed the target from your source, or maybe an auxiliary file contains a duplicate.  Your output will contain some placeholder text that you will not want to distribute to your readers.
INFO    : *              located at: pretext/book/chapter/section/subsection/example/solution/p/xref
INFO    : *              located within: "exam_implication_vs_cases_proof_or" (xml:id), "Compare proving an
      or
      statement using implication versus proof by cases" (title)
ERROR   : * PTX:ERROR:   a cross-reference ("xref") uses references [pff_or_implication] that do not point to any target, or perhaps point to multiple targets.  Maybe you typed an @xml:id value wrong, maybe the target of the @xml:id is nonexistent, or maybe you temporarily removed the target from your source, or maybe an auxiliary file contains a duplicate.  Your output will contain some placeholder text that you will not want to distribute to your readers.
INFO    : *              located at: pretext/book/chapter/section/subsection/example/solution/p/xref
INFO    : *              located within: "exam_implication_vs_cases_proof_or" (xml:id), "Compare proving an
      or
      statement using implication versus proof by cases" (title)
ERROR   : * PTX:ERROR:   a cross-reference ("xref") uses references [pff_cases] that do not point to any target, or perhaps point to multiple targets.  Maybe you typed an @xml:id value wrong, maybe the target of the @xml:id is nonexistent, or maybe you temporarily removed the target from your source, or maybe an auxiliary file contains a duplicate.  Your output will contain some placeholder text that you will not want to distribute to your readers.
INFO    : *              located at: pretext/book/chapter/section/subsection/subsubsection/exercise/statement/p/xref
INFO    : *              located within: "exer_truthtable_proof_cases" (xml:id), "\exerU" (title)
ERROR   : * PTX:ERROR:   a cross-reference ("xref") uses references [pff_forall] that do not point to any target, or perhaps point to multiple targets.  Maybe you typed an @xml:id value wrong, maybe the target of the @xml:id is nonexistent, or maybe you temporarily removed the target from your source, or maybe an auxiliary file contains a duplicate.  Your output will contain some placeholder text that you will not want to distribute to your readers.
INFO    : *              located at: pretext/book/chapter/section/subsection/subsubsection/exercise/statement/p/xref
INFO    : *              located within: "exer_prove_cond_true" (xml:id), "\exerP" (title)
ERROR   : * PTX:ERROR:   a cross-reference ("xref") uses references [pff_if_then_direct] that do not point to any target, or perhaps point to multiple targets.  Maybe you typed an @xml:id value wrong, maybe the target of the @xml:id is nonexistent, or maybe you temporarily removed the target from your source, or maybe an auxiliary file contains a duplicate.  Your output will contain some placeholder text that you will not want to distribute to your readers.
INFO    : *              located at: pretext/book/chapter/section/subsection/subsubsection/exercise/statement/p/xref
INFO    : *              located within: "exer_prove_cond_true" (xml:id), "\exerP" (title)
ERROR   : * PTX:ERROR:   a cross-reference ("xref") uses references [pff_forall] that do not point to any target, or perhaps point to multiple targets.  Maybe you typed an @xml:id value wrong, maybe the target of the @xml:id is nonexistent, or maybe you temporarily removed the target from your source, or maybe an auxiliary file contains a duplicate.  Your output will contain some placeholder text that you will not want to distribute to your readers.
INFO    : *              located at: pretext/book/chapter/section/subsection/subsubsection/exercise/statement/p/xref
INFO    : *              located within: "exer_odd_sq_is_odd" (xml:id), "\exerP" (title)
ERROR   : * PTX:ERROR:   a cross-reference ("xref") uses references [pff_if_then_direct] that do not point to any target, or perhaps point to multiple targets.  Maybe you typed an @xml:id value wrong, maybe the target of the @xml:id is nonexistent, or maybe you temporarily removed the target from your source, or maybe an auxiliary file contains a duplicate.  Your output will contain some placeholder text that you will not want to distribute to your readers.
INFO    : *              located at: pretext/book/chapter/section/subsection/subsubsection/exercise/statement/p/xref
INFO    : *              located within: "exer_odd_sq_is_odd" (xml:id), "\exerP" (title)
ERROR   : * PTX:ERROR:   a cross-reference ("xref") uses references [pff_forall] that do not point to any target, or perhaps point to multiple targets.  Maybe you typed an @xml:id value wrong, maybe the target of the @xml:id is nonexistent, or maybe you temporarily removed the target from your source, or maybe an auxiliary file contains a duplicate.  Your output will contain some placeholder text that you will not want to distribute to your readers.
INFO    : *              located at: pretext/book/chapter/section/subsection/subsubsection/exercise/statement/p/xref
INFO    : *              located within: "exer_mult6_is_mult3" (xml:id), "\exerP" (title)
ERROR   : * PTX:ERROR:   a cross-reference ("xref") uses references [pff_if_then_direct] that do not point to any target, or perhaps point to multiple targets.  Maybe you typed an @xml:id value wrong, maybe the target of the @xml:id is nonexistent, or maybe you temporarily removed the target from your source, or maybe an auxiliary file contains a duplicate.  Your output will contain some placeholder text that you will not want to distribute to your readers.
INFO    : *              located at: pretext/book/chapter/section/subsection/subsubsection/exercise/statement/p/xref
INFO    : *              located within: "exer_mult6_is_mult3" (xml:id), "\exerP" (title)
ERROR   : * PTX:ERROR:   a cross-reference ("xref") uses references [pff_forall] that do not point to any target, or perhaps point to multiple targets.  Maybe you typed an @xml:id value wrong, maybe the target of the @xml:id is nonexistent, or maybe you temporarily removed the target from your source, or maybe an auxiliary file contains a duplicate.  Your output will contain some placeholder text that you will not want to distribute to your readers.
INFO    : *              located at: pretext/book/chapter/section/subsection/subsubsection/exercise/statement/p/xref
INFO    : *              located within: "exer_divides_square_proof" (xml:id), "\exerP" (title)
ERROR   : * PTX:ERROR:   a cross-reference ("xref") uses references [pff_if_then_direct] that do not point to any target, or perhaps point to multiple targets.  Maybe you typed an @xml:id value wrong, maybe the target of the @xml:id is nonexistent, or maybe you temporarily removed the target from your source, or maybe an auxiliary file contains a duplicate.  Your output will contain some placeholder text that you will not want to distribute to your readers.
INFO    : *              located at: pretext/book/chapter/section/subsection/subsubsection/exercise/statement/p/xref
INFO    : *              located within: "exer_divides_square_proof" (xml:id), "\exerP" (title)
ERROR   : * PTX:ERROR:   a cross-reference ("xref") uses references [pff_forall] that do not point to any target, or perhaps point to multiple targets.  Maybe you typed an @xml:id value wrong, maybe the target of the @xml:id is nonexistent, or maybe you temporarily removed the target from your source, or maybe an auxiliary file contains a duplicate.  Your output will contain some placeholder text that you will not want to distribute to your readers.
INFO    : *              located at: pretext/book/chapter/section/subsection/subsubsection/exercise/statement/p/xref
INFO    : *              located within: "exer_proof_sums_prod_even_odd" (xml:id), "\exerU" (title)
ERROR   : * PTX:ERROR:   a cross-reference ("xref") uses references [pff_and] that do not point to any target, or perhaps point to multiple targets.  Maybe you typed an @xml:id value wrong, maybe the target of the @xml:id is nonexistent, or maybe you temporarily removed the target from your source, or maybe an auxiliary file contains a duplicate.  Your output will contain some placeholder text that you will not want to distribute to your readers.
INFO    : *              located at: pretext/book/chapter/section/subsection/subsubsection/exercise/statement/p/xref
INFO    : *              located within: "exer_proof_sums_prod_even_odd" (xml:id), "\exerU" (title)
ERROR   : * PTX:ERROR:   a cross-reference ("xref") uses references [pff_if_then_direct] that do not point to any target, or perhaps point to multiple targets.  Maybe you typed an @xml:id value wrong, maybe the target of the @xml:id is nonexistent, or maybe you temporarily removed the target from your source, or maybe an auxiliary file contains a duplicate.  Your output will contain some placeholder text that you will not want to distribute to your readers.
INFO    : *              located at: pretext/book/chapter/section/subsection/subsubsection/exercise/statement/p/xref
INFO    : *              located within: "exer_proof_sums_prod_even_odd" (xml:id), "\exerU" (title)
ERROR   : * PTX:ERROR:   a cross-reference ("xref") uses references [pff_forall] that do not point to any target, or perhaps point to multiple targets.  Maybe you typed an @xml:id value wrong, maybe the target of the @xml:id is nonexistent, or maybe you temporarily removed the target from your source, or maybe an auxiliary file contains a duplicate.  Your output will contain some placeholder text that you will not want to distribute to your readers.
INFO    : *              located at: pretext/book/chapter/section/subsection/subsubsection/exercise/statement/p/xref
INFO    : *              located within: "exer_divides_transitive" (xml:id), "\exerU" (title)
ERROR   : * PTX:ERROR:   a cross-reference ("xref") uses references [pff_if_then_direct] that do not point to any target, or perhaps point to multiple targets.  Maybe you typed an @xml:id value wrong, maybe the target of the @xml:id is nonexistent, or maybe you temporarily removed the target from your source, or maybe an auxiliary file contains a duplicate.  Your output will contain some placeholder text that you will not want to distribute to your readers.
INFO    : *              located at: pretext/book/chapter/section/subsection/subsubsection/exercise/statement/p/xref
INFO    : *              located within: "exer_divides_transitive" (xml:id), "\exerU" (title)
ERROR   : * PTX:ERROR:   a cross-reference ("xref") uses references [pff_forall] that do not point to any target, or perhaps point to multiple targets.  Maybe you typed an @xml:id value wrong, maybe the target of the @xml:id is nonexistent, or maybe you temporarily removed the target from your source, or maybe an auxiliary file contains a duplicate.  Your output will contain some placeholder text that you will not want to distribute to your readers.
INFO    : *              located at: pretext/book/chapter/section/subsection/subsubsection/exercise/statement/p/xref
INFO    : *              located within: "exer_last_digit_even_odd" (xml:id), "\exerE" (title)
ERROR   : * PTX:ERROR:   a cross-reference ("xref") uses references [pff_and] that do not point to any target, or perhaps point to multiple targets.  Maybe you typed an @xml:id value wrong, maybe the target of the @xml:id is nonexistent, or maybe you temporarily removed the target from your source, or maybe an auxiliary file contains a duplicate.  Your output will contain some placeholder text that you will not want to distribute to your readers.
INFO    : *              located at: pretext/book/chapter/section/subsection/subsubsection/exercise/statement/p/xref
INFO    : *              located within: "exer_last_digit_even_odd" (xml:id), "\exerE" (title)
ERROR   : * PTX:ERROR:   a cross-reference ("xref") uses references [pff_if_then_direct] that do not point to any target, or perhaps point to multiple targets.  Maybe you typed an @xml:id value wrong, maybe the target of the @xml:id is nonexistent, or maybe you temporarily removed the target from your source, or maybe an auxiliary file contains a duplicate.  Your output will contain some placeholder text that you will not want to distribute to your readers.
INFO    : *              located at: pretext/book/chapter/section/subsection/subsubsection/exercise/statement/p/xref
INFO    : *              located within: "exer_last_digit_even_odd" (xml:id), "\exerE" (title)
ERROR   : * PTX:ERROR:   a cross-reference ("xref") uses references [pff_forall] that do not point to any target, or perhaps point to multiple targets.  Maybe you typed an @xml:id value wrong, maybe the target of the @xml:id is nonexistent, or maybe you temporarily removed the target from your source, or maybe an auxiliary file contains a duplicate.  Your output will contain some placeholder text that you will not want to distribute to your readers.
INFO    : *              located at: pretext/book/chapter/section/subsection/subsubsection/exercise/statement/p/ol/li/p/xref
INFO    : *              located within: "part_EAthm_implies" (xml:id)
ERROR   : * PTX:ERROR:   a cross-reference ("xref") uses references [pff_if_then_direct] that do not point to any target, or perhaps point to multiple targets.  Maybe you typed an @xml:id value wrong, maybe the target of the @xml:id is nonexistent, or maybe you temporarily removed the target from your source, or maybe an auxiliary file contains a duplicate.  Your output will contain some placeholder text that you will not want to distribute to your readers.
INFO    : *              located at: pretext/book/chapter/section/subsection/subsubsection/exercise/statement/p/ol/li/p/xref
INFO    : *              located within: "part_EAthm_implies" (xml:id)
ERROR   : * PTX:ERROR:   a cross-reference ("xref") uses references [pff_forall] that do not point to any target, or perhaps point to multiple targets.  Maybe you typed an @xml:id value wrong, maybe the target of the @xml:id is nonexistent, or maybe you temporarily removed the target from your source, or maybe an auxiliary file contains a duplicate.  Your output will contain some placeholder text that you will not want to distribute to your readers.
INFO    : *              located at: pretext/book/chapter/section/subsection/subsubsection/exercise/statement/p/ol/li/p/xref
INFO    : *              located within: "part_EAthm_converse" (xml:id)
ERROR   : * PTX:ERROR:   a cross-reference ("xref") uses references [pff_if_then_direct] that do not point to any target, or perhaps point to multiple targets.  Maybe you typed an @xml:id value wrong, maybe the target of the @xml:id is nonexistent, or maybe you temporarily removed the target from your source, or maybe an auxiliary file contains a duplicate.  Your output will contain some placeholder text that you will not want to distribute to your readers.
INFO    : *              located at: pretext/book/chapter/section/subsection/subsubsection/exercise/statement/p/ol/li/p/xref
INFO    : *              located within: "part_EAthm_converse" (xml:id)
ERROR   : * PTX:ERROR:   a cross-reference ("xref") uses references [pff_forall] that do not point to any target, or perhaps point to multiple targets.  Maybe you typed an @xml:id value wrong, maybe the target of the @xml:id is nonexistent, or maybe you temporarily removed the target from your source, or maybe an auxiliary file contains a duplicate.  Your output will contain some placeholder text that you will not want to distribute to your readers.
INFO    : *              located at: pretext/book/chapter/section/subsection/subsubsection/exercise/statement/p/ol/li/p/xref
INFO    : *              located within: "exer_integer_or_next_is_even" (xml:id), "\exerP" (title)
ERROR   : * PTX:ERROR:   a cross-reference ("xref") uses references [pff_or_implication] that do not point to any target, or perhaps point to multiple targets.  Maybe you typed an @xml:id value wrong, maybe the target of the @xml:id is nonexistent, or maybe you temporarily removed the target from your source, or maybe an auxiliary file contains a duplicate.  Your output will contain some placeholder text that you will not want to distribute to your readers.
INFO    : *              located at: pretext/book/chapter/section/subsection/subsubsection/exercise/statement/p/ol/li/p/xref
INFO    : *              located within: "exer_integer_or_next_is_even" (xml:id), "\exerP" (title)
ERROR   : * PTX:ERROR:   a cross-reference ("xref") uses references [pff_forall] that do not point to any target, or perhaps point to multiple targets.  Maybe you typed an @xml:id value wrong, maybe the target of the @xml:id is nonexistent, or maybe you temporarily removed the target from your source, or maybe an auxiliary file contains a duplicate.  Your output will contain some placeholder text that you will not want to distribute to your readers.
INFO    : *              located at: pretext/book/chapter/section/subsection/subsubsection/exercise/statement/p/xref
INFO    : *              located within: "exer_proof_no_zd_integers" (xml:id), "\exerU" (title)
ERROR   : * PTX:ERROR:   a cross-reference ("xref") uses references [pff_if_then_direct] that do not point to any target, or perhaps point to multiple targets.  Maybe you typed an @xml:id value wrong, maybe the target of the @xml:id is nonexistent, or maybe you temporarily removed the target from your source, or maybe an auxiliary file contains a duplicate.  Your output will contain some placeholder text that you will not want to distribute to your readers.
INFO    : *              located at: pretext/book/chapter/section/subsection/subsubsection/exercise/statement/p/xref
INFO    : *              located within: "exer_proof_no_zd_integers" (xml:id), "\exerU" (title)
ERROR   : * PTX:ERROR:   a cross-reference ("xref") uses references [pff_or_implication] that do not point to any target, or perhaps point to multiple targets.  Maybe you typed an @xml:id value wrong, maybe the target of the @xml:id is nonexistent, or maybe you temporarily removed the target from your source, or maybe an auxiliary file contains a duplicate.  Your output will contain some placeholder text that you will not want to distribute to your readers.
INFO    : *              located at: pretext/book/chapter/section/subsection/subsubsection/exercise/statement/p/xref
INFO    : *              located within: "exer_proof_no_zd_integers" (xml:id), "\exerU" (title)
ERROR   : * PTX:ERROR:   a cross-reference ("xref") uses references [pff_and] that do not point to any target, or perhaps point to multiple targets.  Maybe you typed an @xml:id value wrong, maybe the target of the @xml:id is nonexistent, or maybe you temporarily removed the target from your source, or maybe an auxiliary file contains a duplicate.  Your output will contain some placeholder text that you will not want to distribute to your readers.
INFO    : *              located at: pretext/book/chapter/section/subsection/p/xref
INFO    : *              located within: "sub_pff_iff" (xml:id), "\subpffiff" (title)
ERROR   : * PTX:ERROR:   a cross-reference ("xref") uses references [pff_if_then_direct] that do not point to any target, or perhaps point to multiple targets.  Maybe you typed an @xml:id value wrong, maybe the target of the @xml:id is nonexistent, or maybe you temporarily removed the target from your source, or maybe an auxiliary file contains a duplicate.  Your output will contain some placeholder text that you will not want to distribute to your readers.
INFO    : *              located at: pretext/book/chapter/section/subsection/p/xref
INFO    : *              located within: "sub_pff_iff" (xml:id), "\subpffiff" (title)
ERROR   : * PTX:ERROR:   a cross-reference ("xref") uses references [pff_if_then_cp] that do not point to any target, or perhaps point to multiple targets.  Maybe you typed an @xml:id value wrong, maybe the target of the @xml:id is nonexistent, or maybe you temporarily removed the target from your source, or maybe an auxiliary file contains a duplicate.  Your output will contain some placeholder text that you will not want to distribute to your readers.
INFO    : *              located at: pretext/book/chapter/section/subsection/example/statement/p/ol/li/p/xref
INFO    : *              located within: "exam_product_even_implies_even_factor" (xml:id), "Rewriting a proof by contradiction using the contrapositive" (title)
ERROR   : * PTX:ERROR:   a cross-reference ("xref") uses references [pff_iff] that do not point to any target, or perhaps point to multiple targets.  Maybe you typed an @xml:id value wrong, maybe the target of the @xml:id is nonexistent, or maybe you temporarily removed the target from your source, or maybe an auxiliary file contains a duplicate.  Your output will contain some placeholder text that you will not want to distribute to your readers.
INFO    : *              located at: pretext/book/chapter/section/subsection/subsubsection/exercise/statement/p/xref
INFO    : *              located within: "exer_proof_iff_even" (xml:id), "\exerP" (title)
ERROR   : * PTX:ERROR:   a cross-reference ("xref") uses references [pff_iff] that do not point to any target, or perhaps point to multiple targets.  Maybe you typed an @xml:id value wrong, maybe the target of the @xml:id is nonexistent, or maybe you temporarily removed the target from your source, or maybe an auxiliary file contains a duplicate.  Your output will contain some placeholder text that you will not want to distribute to your readers.
INFO    : *              located at: pretext/book/chapter/section/subsection/subsubsection/exercise/statement/p/xref
INFO    : *              located within: "exer_proof_iff_solution" (xml:id), "\exerP" (title)
ERROR   : * PTX:ERROR:   a cross-reference ("xref") uses references [pff_if_then_cp] that do not point to any target, or perhaps point to multiple targets.  Maybe you typed an @xml:id value wrong, maybe the target of the @xml:id is nonexistent, or maybe you temporarily removed the target from your source, or maybe an auxiliary file contains a duplicate.  Your output will contain some placeholder text that you will not want to distribute to your readers.
INFO    : *              located at: pretext/book/chapter/section/subsection/subsubsection/exercise/statement/p/xref
INFO    : *              located within: "exer_proof_sq_even_implies_even" (xml:id), "\exerP" (title)
ERROR   : * PTX:ERROR:   a cross-reference ("xref") uses references [pff_if_then_cp] that do not point to any target, or perhaps point to multiple targets.  Maybe you typed an @xml:id value wrong, maybe the target of the @xml:id is nonexistent, or maybe you temporarily removed the target from your source, or maybe an auxiliary file contains a duplicate.  Your output will contain some placeholder text that you will not want to distribute to your readers.
INFO    : *              located at: pretext/book/chapter/section/subsection/subsubsection/exercise/statement/p/xref
INFO    : *              located within: "exer_proof_3m_odd" (xml:id), "\exerP" (title)
ERROR   : * PTX:ERROR:   a cross-reference ("xref") uses references [pff_if_then_cp] that do not point to any target, or perhaps point to multiple targets.  Maybe you typed an @xml:id value wrong, maybe the target of the @xml:id is nonexistent, or maybe you temporarily removed the target from your source, or maybe an auxiliary file contains a duplicate.  Your output will contain some placeholder text that you will not want to distribute to your readers.
INFO    : *              located at: pretext/book/chapter/section/subsection/subsubsection/exercise/statement/p/xref
INFO    : *              located within: "exer_prove_only_check_prime_divisors" (xml:id), "\exerU" (title)
ERROR   : * PTX:ERROR:   a cross-reference ("xref") uses references [pff_if_then_cp] that do not point to any target, or perhaps point to multiple targets.  Maybe you typed an @xml:id value wrong, maybe the target of the @xml:id is nonexistent, or maybe you temporarily removed the target from your source, or maybe an auxiliary file contains a duplicate.  Your output will contain some placeholder text that you will not want to distribute to your readers.
INFO    : *              located at: pretext/book/chapter/section/subsection/subsubsection/exercise/statement/p/xref
INFO    : *              located within: "exer_prove_only_check_to_sqrtn" (xml:id), "\exerU" (title)
ERROR   : * PTX:ERROR:   a cross-reference ("xref") uses references [pff_iff] that do not point to any target, or perhaps point to multiple targets.  Maybe you typed an @xml:id value wrong, maybe the target of the @xml:id is nonexistent, or maybe you temporarily removed the target from your source, or maybe an auxiliary file contains a duplicate.  Your output will contain some placeholder text that you will not want to distribute to your readers.
INFO    : *              located at: pretext/book/chapter/section/subsection/subsubsection/exercise/statement/p/xref
INFO    : *              located within: "exer_proof_iff_using_cp_evens" (xml:id), "\exerE" (title)
ERROR   : * PTX:ERROR:   a cross-reference ("xref") uses references [pff_if_then_cp] that do not point to any target, or perhaps point to multiple targets.  Maybe you typed an @xml:id value wrong, maybe the target of the @xml:id is nonexistent, or maybe you temporarily removed the target from your source, or maybe an auxiliary file contains a duplicate.  Your output will contain some placeholder text that you will not want to distribute to your readers.
INFO    : *              located at: pretext/book/chapter/section/subsection/subsubsection/exercise/statement/p/xref
INFO    : *              located within: "exer_proof_iff_using_cp_evens" (xml:id), "\exerE" (title)
ERROR   : * PTX:ERROR:   a cross-reference ("xref") uses references [pff_iff] that do not point to any target, or perhaps point to multiple targets.  Maybe you typed an @xml:id value wrong, maybe the target of the @xml:id is nonexistent, or maybe you temporarily removed the target from your source, or maybe an auxiliary file contains a duplicate.  Your output will contain some placeholder text that you will not want to distribute to your readers.
INFO    : *              located at: pretext/book/chapter/section/subsection/subsubsection/p/xref
INFO    : *              located within: " Select Answers and Hints" (title)
ERROR   : * PTX:ERROR:   a cross-reference ("xref") uses references [pff_if_then_direct] that do not point to any target, or perhaps point to multiple targets.  Maybe you typed an @xml:id value wrong, maybe the target of the @xml:id is nonexistent, or maybe you temporarily removed the target from your source, or maybe an auxiliary file contains a duplicate.  Your output will contain some placeholder text that you will not want to distribute to your readers.
INFO    : *              located at: pretext/book/chapter/section/subsection/activity/p/ol/li/p/xref
INFO    : *              located within: "act_proofs_equiv_infer" (xml:id), "Proofs with equivalences and inferences" (title)
ERROR   : * PTX:ERROR:   a cross-reference ("xref") uses references [pff_cases] that do not point to any target, or perhaps point to multiple targets.  Maybe you typed an @xml:id value wrong, maybe the target of the @xml:id is nonexistent, or maybe you temporarily removed the target from your source, or maybe an auxiliary file contains a duplicate.  Your output will contain some placeholder text that you will not want to distribute to your readers.
INFO    : *              located at: pretext/book/chapter/section/subsection/subsubsection/exercise/statement/p/xref
INFO    : *              located within: "exer_proof_equiv_infer_proof_by_cases" (xml:id), "\exerU" (title)
ERROR   : * PTX:ERROR:   a cross-reference ("xref") uses references [pff_contradiction] that do not point to any target, or perhaps point to multiple targets.  Maybe you typed an @xml:id value wrong, maybe the target of the @xml:id is nonexistent, or maybe you temporarily removed the target from your source, or maybe an auxiliary file contains a duplicate.  Your output will contain some placeholder text that you will not want to distribute to your readers.
INFO    : *              located at: pretext/book/chapter/section/subsection/subsubsection/exercise/statement/p/xref
INFO    : *              located within: "exer_proof_infer_contradiction" (xml:id), "\exerU" (title)
ERROR   : * PTX:ERROR:   a cross-reference ("xref") uses references [pff_if_then_direct] that do not point to any target, or perhaps point to multiple targets.  Maybe you typed an @xml:id value wrong, maybe the target of the @xml:id is nonexistent, or maybe you temporarily removed the target from your source, or maybe an auxiliary file contains a duplicate.  Your output will contain some placeholder text that you will not want to distribute to your readers.
INFO    : *              located at: pretext/book/chapter/section/subsection/subsubsection/exercise/statement/p/ol/li/p/xref
INFO    : *              located within: "exer_defn_increasing" (xml:id), "\exerE" (title)
ERROR   : * PTX:ERROR:   a cross-reference ("xref") uses references [pff_contradiction] that do not point to any target, or perhaps point to multiple targets.  Maybe you typed an @xml:id value wrong, maybe the target of the @xml:id is nonexistent, or maybe you temporarily removed the target from your source, or maybe an auxiliary file contains a duplicate.  Your output will contain some placeholder text that you will not want to distribute to your readers.
INFO    : *              located at: pretext/book/chapter/section/subsection/subsubsection/exercise/statement/p/xref
INFO    : *              located within: "exer_8isnotinimage" (xml:id), "\exerE" (title)
ERROR   : * PTX:ERROR:   a cross-reference ("xref") uses references [pff_cases] that do not point to any target, or perhaps point to multiple targets.  Maybe you typed an @xml:id value wrong, maybe the target of the @xml:id is nonexistent, or maybe you temporarily removed the target from your source, or maybe an auxiliary file contains a duplicate.  Your output will contain some placeholder text that you will not want to distribute to your readers.
INFO    : *              located at: pretext/book/chapter/section/subsection/subsubsection/exercise/statement/p/xref
INFO    : *              located within: "exer_8isnotinimage" (xml:id), "\exerE" (title)
ERROR   : * PTX:ERROR:   a cross-reference ("xref") uses references [pff_forall] that do not point to any target, or perhaps point to multiple targets.  Maybe you typed an @xml:id value wrong, maybe the target of the @xml:id is nonexistent, or maybe you temporarily removed the target from your source, or maybe an auxiliary file contains a duplicate.  Your output will contain some placeholder text that you will not want to distribute to your readers.
INFO    : *              located at: pretext/book/chapter/section/subsection/example/statement/p/xref
INFO    : *              located within: "exam_proof_onto" (xml:id), "Proof that a function is onto" (title)
ERROR   : * PTX:ERROR:   a cross-reference ("xref") uses references [pff_exists] that do not point to any target, or perhaps point to multiple targets.  Maybe you typed an @xml:id value wrong, maybe the target of the @xml:id is nonexistent, or maybe you temporarily removed the target from your source, or maybe an auxiliary file contains a duplicate.  Your output will contain some placeholder text that you will not want to distribute to your readers.
INFO    : *              located at: pretext/book/chapter/section/subsection/example/statement/p/xref
INFO    : *              located within: "exam_proof_onto" (xml:id), "Proof that a function is onto" (title)
ERROR   : * PTX:ERROR:   a cross-reference ("xref") uses references [pff_exists] that do not point to any target, or perhaps point to multiple targets.  Maybe you typed an @xml:id value wrong, maybe the target of the @xml:id is nonexistent, or maybe you temporarily removed the target from your source, or maybe an auxiliary file contains a duplicate.  Your output will contain some placeholder text that you will not want to distribute to your readers.
INFO    : *              located at: pretext/book/chapter/section/subsection/example/solution/p/xref
INFO    : *              located within: "exam_proof_onto" (xml:id), "Proof that a function is onto" (title)
ERROR   : * PTX:ERROR:   a cross-reference ("xref") uses references [pff_forall] that do not point to any target, or perhaps point to multiple targets.  Maybe you typed an @xml:id value wrong, maybe the target of the @xml:id is nonexistent, or maybe you temporarily removed the target from your source, or maybe an auxiliary file contains a duplicate.  Your output will contain some placeholder text that you will not want to distribute to your readers.
INFO    : *              located at: pretext/book/chapter/section/subsection/example/solution/p/xref
INFO    : *              located within: "exam_proof_onto" (xml:id), "Proof that a function is onto" (title)
ERROR   : * PTX:ERROR:   a cross-reference ("xref") uses references [pff_contradiction] that do not point to any target, or perhaps point to multiple targets.  Maybe you typed an @xml:id value wrong, maybe the target of the @xml:id is nonexistent, or maybe you temporarily removed the target from your source, or maybe an auxiliary file contains a duplicate.  Your output will contain some placeholder text that you will not want to distribute to your readers.
INFO    : *              located at: pretext/book/chapter/section/subsection/p/xref
INFO    : *              located within: "sub_pff_unique" (xml:id), "\subpffunique" (title)
ERROR   : * PTX:ERROR:   a cross-reference ("xref") uses references [pff_unique_indirect] that do not point to any target, or perhaps point to multiple targets.  Maybe you typed an @xml:id value wrong, maybe the target of the @xml:id is nonexistent, or maybe you temporarily removed the target from your source, or maybe an auxiliary file contains a duplicate.  Your output will contain some placeholder text that you will not want to distribute to your readers.
INFO    : *              located at: pretext/book/chapter/section/subsection/p/xref
INFO    : *              located within: "sub_pff_unique" (xml:id), "\subpffunique" (title)
ERROR   : * PTX:ERROR:   a cross-reference ("xref") uses references [pff_unique_indirect] that do not point to any target, or perhaps point to multiple targets.  Maybe you typed an @xml:id value wrong, maybe the target of the @xml:id is nonexistent, or maybe you temporarily removed the target from your source, or maybe an auxiliary file contains a duplicate.  Your output will contain some placeholder text that you will not want to distribute to your readers.
INFO    : *              located at: pretext/book/chapter/section/subsection/p/xref
INFO    : *              located within: "sub_pff_unique" (xml:id), "\subpffunique" (title)
ERROR   : * PTX:ERROR:   a cross-reference ("xref") uses references [pff_exists] that do not point to any target, or perhaps point to multiple targets.  Maybe you typed an @xml:id value wrong, maybe the target of the @xml:id is nonexistent, or maybe you temporarily removed the target from your source, or maybe an auxiliary file contains a duplicate.  Your output will contain some placeholder text that you will not want to distribute to your readers.
INFO    : *              located at: pretext/book/chapter/section/subsection/p/xref
INFO    : *              located within: "sub_pff_unique" (xml:id), "\subpffunique" (title)
ERROR   : * PTX:ERROR:   a cross-reference ("xref") uses references [pff_unique_direct] that do not point to any target, or perhaps point to multiple targets.  Maybe you typed an @xml:id value wrong, maybe the target of the @xml:id is nonexistent, or maybe you temporarily removed the target from your source, or maybe an auxiliary file contains a duplicate.  Your output will contain some placeholder text that you will not want to distribute to your readers.
INFO    : *              located at: pretext/book/chapter/section/subsection/p/xref
INFO    : *              located within: "sub_pff_unique" (xml:id), "\subpffunique" (title)
ERROR   : * PTX:ERROR:   a cross-reference ("xref") uses references [pff_unique_direct] that do not point to any target, or perhaps point to multiple targets.  Maybe you typed an @xml:id value wrong, maybe the target of the @xml:id is nonexistent, or maybe you temporarily removed the target from your source, or maybe an auxiliary file contains a duplicate.  Your output will contain some placeholder text that you will not want to distribute to your readers.
INFO    : *              located at: pretext/book/chapter/section/subsection/subsubsection/exercise/statement/p/xref
INFO    : *              located within: "exer_direct_unique" (xml:id), "\exerP" (title)
ERROR   : * PTX:ERROR:   a cross-reference ("xref") uses references [pff_exists_unique] that do not point to any target, or perhaps point to multiple targets.  Maybe you typed an @xml:id value wrong, maybe the target of the @xml:id is nonexistent, or maybe you temporarily removed the target from your source, or maybe an auxiliary file contains a duplicate.  Your output will contain some placeholder text that you will not want to distribute to your readers.
INFO    : *              located at: pretext/book/chapter/section/subsection/subsubsection/exercise/statement/p/xref
INFO    : *              located within: "exer_prove_uniq_soln" (xml:id)
ERROR   : * PTX:ERROR:   a cross-reference ("xref") uses references [pff_if_then_direct] that do not point to any target, or perhaps point to multiple targets.  Maybe you typed an @xml:id value wrong, maybe the target of the @xml:id is nonexistent, or maybe you temporarily removed the target from your source, or maybe an auxiliary file contains a duplicate.  Your output will contain some placeholder text that you will not want to distribute to your readers.
INFO    : *              located at: pretext/book/chapter/section/subsection/example/statement/p/ol/li/p/solution/p/xref
INFO    : *              located within: "part_subset_proof" (xml:id)
WARNING : * PTX:WARNING: Unstructured content within a list item is being ignored ("Calculate")
INFO    : *              located at: pretext/book/chapter/section/subsection/activity/p/ol/li
INFO    : *              located within: "part_OR" (xml:id)
WARNING : * PTX:WARNING: Unstructured content within a list item is being ignored ("if")
INFO    : *              located at: pretext/book/chapter/section/subsection/activity/p/ol/li
INFO    : *              located within: "part_OR" (xml:id)
WARNING : * PTX:WARNING: Unstructured content within a list item is being ignored ("and")
INFO    : *              located at: pretext/book/chapter/section/subsection/activity/p/ol/li
INFO    : *              located within: "part_OR" (xml:id)
WARNING : * PTX:WARNING: Unstructured content within a list item is being ignored (". It might help to line up the bit strings as follows.")
INFO    : *              located at: pretext/book/chapter/section/subsection/activity/p/ol/li
INFO    : *              located within: "part_OR" (xml:id)
WARNING : * PTX:WARNING:    An <xref> wants to build text using a number to identify the target, but the target (which has @xml:id "exer_diagram_partition") does not have a number. You could try 'text="title"' or 'text="custom"' on the "xref".
INFO    : *              located at: pretext/book/chapter/section/subsection/subsubsection/title/xref
INFO    : *              located within: " Select Answers and Hints" (title)
WARNING : * PTX:WARNING:    An <xref> wants to build text using a number to identify the target, but the target (which has @xml:id "exer_diagram_partition") does not have a number. You could try 'text="title"' or 'text="custom"' on the "xref".
INFO    : *              located at: pretext/book/chapter/section/subsection/subsubsection/title/xref
INFO    : *              located within: " Select Answers and Hints" (title)
WARNING : * PTX:WARNING:    An <xref> wants to build text using a number to identify the target, but the target (which has @xml:id "exer_diagram_partition") does not have a number. You could try 'text="title"' or 'text="custom"' on the "xref".
INFO    : *              located at: pretext/book/chapter/section/subsection/subsubsection/title/xref
INFO    : *              located within: " Select Answers and Hints" (title)
WARNING : * PTX:WARNING:    An <xref> wants to build text using a number to identify the target, but the target (which has @xml:id "exer_even_selfconj_examples") does not have a number. You could try 'text="title"' or 'text="custom"' on the "xref".
INFO    : *              located at: pretext/book/chapter/section/subsection/subsubsection/title/xref
INFO    : *              located within: " Select Answers and Hints" (title)
WARNING : * PTX:WARNING:    An <xref> wants to build text using a number to identify the target, but the target (which has @xml:id "exer_even_selfconj_examples") does not have a number. You could try 'text="title"' or 'text="custom"' on the "xref".
INFO    : *              located at: pretext/book/chapter/section/subsection/subsubsection/title/xref
INFO    : *              located within: " Select Answers and Hints" (title)
WARNING : * PTX:WARNING:    An <xref> wants to build text using a number to identify the target, but the target (which has @xml:id "exer_even_selfconj_examples") does not have a number. You could try 'text="title"' or 'text="custom"' on the "xref".
INFO    : *              located at: pretext/book/chapter/section/subsection/subsubsection/title/xref
INFO    : *              located within: " Select Answers and Hints" (title)
WARNING : * PTX:WARNING:    An <xref> wants to build text using a number to identify the target, but the target (which has @xml:id "exer_even_selfconj_always") does not have a number. You could try 'text="title"' or 'text="custom"' on the "xref".
INFO    : *              located at: pretext/book/chapter/section/subsection/subsubsection/title/xref
INFO    : *              located within: " Select Answers and Hints" (title)
WARNING : * PTX:WARNING:    An <xref> wants to build text using a number to identify the target, but the target (which has @xml:id "exer_even_selfconj_always") does not have a number. You could try 'text="title"' or 'text="custom"' on the "xref".
INFO    : *              located at: pretext/book/chapter/section/subsection/subsubsection/title/xref
INFO    : *              located within: " Select Answers and Hints" (title)
WARNING : * PTX:WARNING:    An <xref> wants to build text using a number to identify the target, but the target (which has @xml:id "exer_even_selfconj_always") does not have a number. You could try 'text="title"' or 'text="custom"' on the "xref".
INFO    : *              located at: pretext/book/chapter/section/subsection/subsubsection/title/xref
INFO    : *              located within: " Select Answers and Hints" (title)
ERROR   : * PTX:ERROR:   a cross-reference ("xref") uses references [pff_if_then_direct] that do not point to any target, or perhaps point to multiple targets.  Maybe you typed an @xml:id value wrong, maybe the target of the @xml:id is nonexistent, or maybe you temporarily removed the target from your source, or maybe an auxiliary file contains a duplicate.  Your output will contain some placeholder text that you will not want to distribute to your readers.
INFO    : *              located at: pretext/book/chapter/section/subsection/example/statement/p/ol/li/p/solution/p/xref
INFO    : *              located within: "part_proof_cong" (xml:id)
ERROR   : * PTX:ERROR:   a cross-reference ("xref") uses references [pff_if_then_direct] that do not point to any target, or perhaps point to multiple targets.  Maybe you typed an @xml:id value wrong, maybe the target of the @xml:id is nonexistent, or maybe you temporarily removed the target from your source, or maybe an auxiliary file contains a duplicate.  Your output will contain some placeholder text that you will not want to distribute to your readers.
INFO    : *              located at: pretext/book/chapter/section/subsection/definition/statement/p/ol/li/p/xref
INFO    : *              located within: "defn_math_ind" (xml:id), "Proof by mathematical induction" (title)
WARNING : * PTX:WARNING: Unstructured content within a list item is being ignored ("For example,")
INFO    : *              located at: pretext/book/chapter/section/subsection/definition/statement/p/ol/li
INFO    : *              located within: "defn_proper_bs" (xml:id), "Proper bit strings" (title)
WARNING : * PTX:WARNING: Unstructured content within a list item is being ignored ("is proper, as we show in")
INFO    : *              located at: pretext/book/chapter/section/subsection/definition/statement/p/ol/li
INFO    : *              located within: "defn_proper_bs" (xml:id), "Proper bit strings" (title)
WARNING : * PTX:WARNING: Unstructured content within a list item is being ignored (".")
INFO    : *              located at: pretext/book/chapter/section/subsection/definition/statement/p/ol/li
INFO    : *              located within: "defn_proper_bs" (xml:id), "Proper bit strings" (title)
ERROR   : * PTX:ERROR:   a cross-reference ("xref") uses references [pff_math_ind] that do not point to any target, or perhaps point to multiple targets.  Maybe you typed an @xml:id value wrong, maybe the target of the @xml:id is nonexistent, or maybe you temporarily removed the target from your source, or maybe an auxiliary file contains a duplicate.  Your output will contain some placeholder text that you will not want to distribute to your readers.
INFO    : *              located at: pretext/book/chapter/section/subsection/example/statement/p/xref
INFO    : *              located within: "exam_math_ind_all0s_proper" (xml:id), "Proof by mathematical induction that involves recursively-defined set" (title)
ERROR   : * PTX:ERROR:   a cross-reference ("xref") uses references [pff_math_ind_matrix] that do not point to any target, or perhaps point to multiple targets.  Maybe you typed an @xml:id value wrong, maybe the target of the @xml:id is nonexistent, or maybe you temporarily removed the target from your source, or maybe an auxiliary file contains a duplicate.  Your output will contain some placeholder text that you will not want to distribute to your readers.
INFO    : *              located at: pretext/book/chapter/section/subsection/example/statement/p/ol/li/p/xref
INFO    : *              located within: "part_proof_matrix_fib" (xml:id)
ERROR   : * PTX:ERROR:   a cross-reference ("xref") uses references [pff_math_ind_matrix] that do not point to any target, or perhaps point to multiple targets.  Maybe you typed an @xml:id value wrong, maybe the target of the @xml:id is nonexistent, or maybe you temporarily removed the target from your source, or maybe an auxiliary file contains a duplicate.  Your output will contain some placeholder text that you will not want to distribute to your readers.
INFO    : *              located at: pretext/book/chapter/section/subsection/example/statement/p/ol/li/p/solution/p/xref
INFO    : *              located within: "part_proof_matrix_fib" (xml:id)
ERROR   : * PTX:ERROR:   a cross-reference ("xref") uses references [pff_strong_math_ind] that do not point to any target, or perhaps point to multiple targets.  Maybe you typed an @xml:id value wrong, maybe the target of the @xml:id is nonexistent, or maybe you temporarily removed the target from your source, or maybe an auxiliary file contains a duplicate.  Your output will contain some placeholder text that you will not want to distribute to your readers.
INFO    : *              located at: pretext/book/chapter/section/subsection/example/statement/p/xref
INFO    : *              located within: "exam_strong_math_ind" (xml:id), "Using strong mathematical induction" (title)
ERROR   : * PTX:ERROR:   a cross-reference ("xref") uses references [pff_strong_math_ind_seq] that do not point to any target, or perhaps point to multiple targets.  Maybe you typed an @xml:id value wrong, maybe the target of the @xml:id is nonexistent, or maybe you temporarily removed the target from your source, or maybe an auxiliary file contains a duplicate.  Your output will contain some placeholder text that you will not want to distribute to your readers.
INFO    : *              located at: pretext/book/chapter/section/subsection/activity/p/ol/li/p/xref
INFO    : *              located within: "act_strong_math_ind_lucas" (xml:id), "Strong mathematical induction" (title)
ERROR   : * PTX:ERROR:   a cross-reference ("xref") uses references [pff_strong_math_ind_seq] that do not point to any target, or perhaps point to multiple targets.  Maybe you typed an @xml:id value wrong, maybe the target of the @xml:id is nonexistent, or maybe you temporarily removed the target from your source, or maybe an auxiliary file contains a duplicate.  Your output will contain some placeholder text that you will not want to distribute to your readers.
INFO    : *              located at: pretext/book/chapter/section/subsection/activity/p/ol/li/p/xref
INFO    : *              located within: "act_strong_math_ind_lucas" (xml:id), "Strong mathematical induction" (title)
ERROR   : * PTX:ERROR:   a cross-reference ("xref") uses references [pff_strong_math_ind_seq] that do not point to any target, or perhaps point to multiple targets.  Maybe you typed an @xml:id value wrong, maybe the target of the @xml:id is nonexistent, or maybe you temporarily removed the target from your source, or maybe an auxiliary file contains a duplicate.  Your output will contain some placeholder text that you will not want to distribute to your readers.
INFO    : *              located at: pretext/book/chapter/section/subsection/example/statement/p/xref
INFO    : *              located within: "exam_strong_math_ind_explicit" (xml:id), "Verifying the explicit form of second order recursively-defined sequence" (title)
ERROR   : * PTX:ERROR:   a cross-reference ("xref") uses references [pff_math_ind_matrix] that do not point to any target, or perhaps point to multiple targets.  Maybe you typed an @xml:id value wrong, maybe the target of the @xml:id is nonexistent, or maybe you temporarily removed the target from your source, or maybe an auxiliary file contains a duplicate.  Your output will contain some placeholder text that you will not want to distribute to your readers.
INFO    : *              located at: pretext/book/chapter/section/subsection/subsubsection/exercise/statement/p/xref
INFO    : *              located within: "exer_fib_matrix_another_proof" (xml:id), "\exerU" (title)
ERROR   : * PTX:ERROR:   a cross-reference ("xref") uses references [pff_strong_math_ind] that do not point to any target, or perhaps point to multiple targets.  Maybe you typed an @xml:id value wrong, maybe the target of the @xml:id is nonexistent, or maybe you temporarily removed the target from your source, or maybe an auxiliary file contains a duplicate.  Your output will contain some placeholder text that you will not want to distribute to your readers.
INFO    : *              located at: pretext/book/chapter/section/subsection/subsubsection/exercise/statement/p/xref
INFO    : *              located within: "exer_properbs_number0s" (xml:id), "\exerP" (title)
ERROR   : * PTX:ERROR:   a cross-reference ("xref") uses references [pff_strong_math_ind_seq] that do not point to any target, or perhaps point to multiple targets.  Maybe you typed an @xml:id value wrong, maybe the target of the @xml:id is nonexistent, or maybe you temporarily removed the target from your source, or maybe an auxiliary file contains a duplicate.  Your output will contain some placeholder text that you will not want to distribute to your readers.
INFO    : *              located at: pretext/book/chapter/section/subsection/subsubsection/exercise/statement/p/xref
INFO    : *              located within: "exer_math_ind_second_order_linear" (xml:id), "\exerP" (title)
ERROR   : * PTX:ERROR:   a cross-reference ("xref") uses references [pff_strong_math_ind] that do not point to any target, or perhaps point to multiple targets.  Maybe you typed an @xml:id value wrong, maybe the target of the @xml:id is nonexistent, or maybe you temporarily removed the target from your source, or maybe an auxiliary file contains a duplicate.  Your output will contain some placeholder text that you will not want to distribute to your readers.
INFO    : *              located at: pretext/book/chapter/section/subsection/subsubsection/exercise/statement/p/xref
INFO    : *              located within: "exer_properbs_starting0s" (xml:id), "\exerU" (title)
ERROR   : * PTX:ERROR:   a cross-reference ("xref") uses references [pff_strong_math_ind_seq] that do not point to any target, or perhaps point to multiple targets.  Maybe you typed an @xml:id value wrong, maybe the target of the @xml:id is nonexistent, or maybe you temporarily removed the target from your source, or maybe an auxiliary file contains a duplicate.  Your output will contain some placeholder text that you will not want to distribute to your readers.
INFO    : *              located at: pretext/book/chapter/section/subsection/subsubsection/exercise/statement/p/xref
INFO    : *              located within: "exer_math_ind_second_order_powerof2" (xml:id), "\exerU" (title)
ERROR   : * PTX:ERROR:   a cross-reference ("xref") uses references [pff_strong_math_ind_seq] that do not point to any target, or perhaps point to multiple targets.  Maybe you typed an @xml:id value wrong, maybe the target of the @xml:id is nonexistent, or maybe you temporarily removed the target from your source, or maybe an auxiliary file contains a duplicate.  Your output will contain some placeholder text that you will not want to distribute to your readers.
INFO    : *              located at: pretext/book/chapter/section/subsection/subsubsection/exercise/statement/p/xref
INFO    : *              located within: "exer_math_ind_second_order_powerof5" (xml:id), "\exerU" (title)
ERROR   : * PTX:ERROR:   a cross-reference ("xref") uses references [pff_strong_math_ind_seq] that do not point to any target, or perhaps point to multiple targets.  Maybe you typed an @xml:id value wrong, maybe the target of the @xml:id is nonexistent, or maybe you temporarily removed the target from your source, or maybe an auxiliary file contains a duplicate.  Your output will contain some placeholder text that you will not want to distribute to your readers.
INFO    : *              located at: pretext/book/chapter/section/subsection/subsubsection/exercise/statement/p/xref
INFO    : *              located within: "exer_strong_math_ind_alternating" (xml:id), "\exerU" (title)
ERROR   : * PTX:ERROR:   a cross-reference ("xref") uses references [pff_strong_math_ind_seq] that do not point to any target, or perhaps point to multiple targets.  Maybe you typed an @xml:id value wrong, maybe the target of the @xml:id is nonexistent, or maybe you temporarily removed the target from your source, or maybe an auxiliary file contains a duplicate.  Your output will contain some placeholder text that you will not want to distribute to your readers.
INFO    : *              located at: pretext/book/chapter/section/subsection/subsubsection/exercise/statement/p/ol/li/p/xref
INFO    : *              located within: "exer_binets_formula" (xml:id), "\exerE" (title)
WARNING : * PTX:WARNING:    An <xref> wants to build text using a number to identify the target, but the target (which has @xml:id "exer_fact_rep_largest_upto6_") does not have a number. You could try 'text="title"' or 'text="custom"' on the "xref".
INFO    : *              located at: pretext/book/chapter/section/subsection/subsubsection/title/xref
INFO    : *              located within: " Select Answers and Hints" (title)
WARNING : * PTX:WARNING:    An <xref> wants to build text using a number to identify the target, but the target (which has @xml:id "exer_fact_rep_largest_upto6_") does not have a number. You could try 'text="title"' or 'text="custom"' on the "xref".
INFO    : *              located at: pretext/book/chapter/section/subsection/subsubsection/title/xref
INFO    : *              located within: " Select Answers and Hints" (title)
WARNING : * PTX:WARNING:    An <xref> wants to build text using a number to identify the target, but the target (which has @xml:id "exer_fact_rep_largest_upto6_") does not have a number. You could try 'text="title"' or 'text="custom"' on the "xref".
INFO    : *              located at: pretext/book/chapter/section/subsection/subsubsection/title/xref
INFO    : *              located within: " Select Answers and Hints" (title)
WARNING : * PTX:WARNING:    An <xref> wants to build text using a number to identify the target, but the target (which has @xml:id "exer_larger_fact_rep") does not have a number. You could try 'text="title"' or 'text="custom"' on the "xref".
INFO    : *              located at: pretext/book/chapter/section/subsection/subsubsection/title/xref
INFO    : *              located within: " Select Answers and Hints" (title)
WARNING : * PTX:WARNING:    An <xref> wants to build text using a number to identify the target, but the target (which has @xml:id "exer_larger_fact_rep") does not have a number. You could try 'text="title"' or 'text="custom"' on the "xref".
INFO    : *              located at: pretext/book/chapter/section/subsection/subsubsection/title/xref
INFO    : *              located within: " Select Answers and Hints" (title)
WARNING : * PTX:WARNING:    An <xref> wants to build text using a number to identify the target, but the target (which has @xml:id "exer_larger_fact_rep") does not have a number. You could try 'text="title"' or 'text="custom"' on the "xref".
INFO    : *              located at: pretext/book/chapter/section/subsection/subsubsection/title/xref
INFO    : *              located within: " Select Answers and Hints" (title)
WARNING : * PTX:WARNING:    An <xref> wants to build text using a number to identify the target, but the target (which has @xml:id "exer_fact_rep_divisibility") does not have a number. You could try 'text="title"' or 'text="custom"' on the "xref".
INFO    : *              located at: pretext/book/chapter/section/subsection/subsubsection/title/xref
INFO    : *              located within: " Select Answers and Hints" (title)
WARNING : * PTX:WARNING:    An <xref> wants to build text using a number to identify the target, but the target (which has @xml:id "exer_fact_rep_divisibility") does not have a number. You could try 'text="title"' or 'text="custom"' on the "xref".
INFO    : *              located at: pretext/book/chapter/section/subsection/subsubsection/title/xref
INFO    : *              located within: " Select Answers and Hints" (title)
WARNING : * PTX:WARNING:    An <xref> wants to build text using a number to identify the target, but the target (which has @xml:id "exer_fact_rep_divisibility") does not have a number. You could try 'text="title"' or 'text="custom"' on the "xref".
INFO    : *              located at: pretext/book/chapter/section/subsection/subsubsection/title/xref
INFO    : *              located within: " Select Answers and Hints" (title)
WARNING : * PTX:WARNING:    An <xref> wants to build text using a number to identify the target, but the target (which has @xml:id "exer_fact_rep_alg_example") does not have a number. You could try 'text="title"' or 'text="custom"' on the "xref".
INFO    : *              located at: pretext/book/chapter/section/subsection/subsubsection/title/xref
INFO    : *              located within: " Select Answers and Hints" (title)
WARNING : * PTX:WARNING:    An <xref> wants to build text using a number to identify the target, but the target (which has @xml:id "exer_fact_rep_divisibility") does not have a number. You could try 'text="title"' or 'text="custom"' on the "xref".
INFO    : *              located at: pretext/book/chapter/section/subsection/subsubsection/p/xref
INFO    : *              located within: " Select Answers and Hints" (title)
WARNING : * PTX:WARNING:    An <xref> wants to build text using a number to identify the target, but the target (which has @xml:id "exer_fact_rep_alg_example") does not have a number. You could try 'text="title"' or 'text="custom"' on the "xref".
INFO    : *              located at: pretext/book/chapter/section/subsection/subsubsection/title/xref
INFO    : *              located within: " Select Answers and Hints" (title)
WARNING : * PTX:WARNING:    An <xref> wants to build text using a number to identify the target, but the target (which has @xml:id "exer_fact_rep_alg_example") does not have a number. You could try 'text="title"' or 'text="custom"' on the "xref".
INFO    : *              located at: pretext/book/chapter/section/subsection/subsubsection/title/xref
INFO    : *              located within: " Select Answers and Hints" (title)
ERROR   : * PTX:ERROR:   a cross-reference ("xref") uses references [pff_comb_proof] that do not point to any target, or perhaps point to multiple targets.  Maybe you typed an @xml:id value wrong, maybe the target of the @xml:id is nonexistent, or maybe you temporarily removed the target from your source, or maybe an auxiliary file contains a duplicate.  Your output will contain some placeholder text that you will not want to distribute to your readers.
INFO    : *              located at: pretext/book/chapter/section/subsection/example/statement/p/xref
INFO    : *              located within: "exam_proof_explicit_binom" (xml:id), "Combinatorial proof of the explicit formula for the binomial coefficients" (title)
ERROR   : * PTX:ERROR:   a cross-reference ("xref") uses references [pff_comb_proof] that do not point to any target, or perhaps point to multiple targets.  Maybe you typed an @xml:id value wrong, maybe the target of the @xml:id is nonexistent, or maybe you temporarily removed the target from your source, or maybe an auxiliary file contains a duplicate.  Your output will contain some placeholder text that you will not want to distribute to your readers.
INFO    : *              located at: pretext/book/chapter/section/subsection/subsubsection/exercise/statement/p/xref
INFO    : *              located within: "exer_arith_tri_prove_sym" (xml:id), "\exerU" (title)
ERROR   : * PTX:ERROR:   a cross-reference ("xref") uses references [pff_comb_proof] that do not point to any target, or perhaps point to multiple targets.  Maybe you typed an @xml:id value wrong, maybe the target of the @xml:id is nonexistent, or maybe you temporarily removed the target from your source, or maybe an auxiliary file contains a duplicate.  Your output will contain some placeholder text that you will not want to distribute to your readers.
INFO    : *              located at: pretext/book/chapter/section/subsection/subsubsection/exercise/statement/p/ol/li/p/xref
INFO    : *              located within: "exer_dyk_binom_formula" (xml:id), "\exerR" (title)
ERROR   : * PTX:ERROR:   a cross-reference ("xref") uses references [pff_comb_proof] that do not point to any target, or perhaps point to multiple targets.  Maybe you typed an @xml:id value wrong, maybe the target of the @xml:id is nonexistent, or maybe you temporarily removed the target from your source, or maybe an auxiliary file contains a duplicate.  Your output will contain some placeholder text that you will not want to distribute to your readers.
INFO    : *              located at: pretext/book/chapter/section/subsection/subsubsection/exercise/statement/p/xref
INFO    : *              located within: "exer_comb_pf_recursion_arith_tri" (xml:id), "\exerE" (title)
ERROR   : * PTX:ERROR:   a cross-reference ("xref") uses references [pff_comb_proof] that do not point to any target, or perhaps point to multiple targets.  Maybe you typed an @xml:id value wrong, maybe the target of the @xml:id is nonexistent, or maybe you temporarily removed the target from your source, or maybe an auxiliary file contains a duplicate.  Your output will contain some placeholder text that you will not want to distribute to your readers.
INFO    : *              located at: pretext/book/chapter/section/subsection/p/xref
INFO    : *              located within: "sub_pff_comb_sums" (xml:id), "\subpffcombsums" (title)
ERROR   : * PTX:ERROR:   a cross-reference ("xref") uses references [pff_comb_proof_sum] that do not point to any target, or perhaps point to multiple targets.  Maybe you typed an @xml:id value wrong, maybe the target of the @xml:id is nonexistent, or maybe you temporarily removed the target from your source, or maybe an auxiliary file contains a duplicate.  Your output will contain some placeholder text that you will not want to distribute to your readers.
INFO    : *              located at: pretext/book/chapter/section/subsection/subsubsection/exercise/statement/p/xref
INFO    : *              located within: "exer_comb_pf_sum_hockey_stick" (xml:id), "\exerE" (title)
ERROR   : * PTX:ERROR:   a cross-reference ("xref") uses references [fig_tree_bit_strings_length4_weight2] that do not point to any target, or perhaps point to multiple targets.  Maybe you typed an @xml:id value wrong, maybe the target of the @xml:id is nonexistent, or maybe you temporarily removed the target from your source, or maybe an auxiliary file contains a duplicate.  Your output will contain some placeholder text that you will not want to distribute to your readers.
INFO    : *              located at: pretext/book/chapter/section/subsection/example/statement/p/ol/li/p/solution/p/xref
INFO    : *              located within: "exam_bit_string_length3" (xml:id), "Listing bit strings in a possibility tree" (title)
ERROR   : * PTX:ERROR:   a cross-reference ("xref") uses references [pff_cases] that do not point to any target, or perhaps point to multiple targets.  Maybe you typed an @xml:id value wrong, maybe the target of the @xml:id is nonexistent, or maybe you temporarily removed the target from your source, or maybe an auxiliary file contains a duplicate.  Your output will contain some placeholder text that you will not want to distribute to your readers.
INFO    : *              located at: pretext/book/chapter/section/subsection/subsubsection/exercise/statement/p/xref
INFO    : *              located within: "exer_proof_cases_square_mod4" (xml:id), "\exerE" (title)
ERROR   : * PTX:ERROR:   a cross-reference ("xref") uses references [pff_cases] that do not point to any target, or perhaps point to multiple targets.  Maybe you typed an @xml:id value wrong, maybe the target of the @xml:id is nonexistent, or maybe you temporarily removed the target from your source, or maybe an auxiliary file contains a duplicate.  Your output will contain some placeholder text that you will not want to distribute to your readers.
INFO    : *              located at: pretext/book/chapter/section/subsection/subsubsection/exercise/statement/p/xref
INFO    : *              located within: "exer_proof_cases_square_mod3" (xml:id), "\exerE" (title)
ERROR   : * PTX:ERROR:   a cross-reference ("xref") uses references [pff_forall] that do not point to any target, or perhaps point to multiple targets.  Maybe you typed an @xml:id value wrong, maybe the target of the @xml:id is nonexistent, or maybe you temporarily removed the target from your source, or maybe an auxiliary file contains a duplicate.  Your output will contain some placeholder text that you will not want to distribute to your readers.
INFO    : *              located at: pretext/book/chapter/section/subsection/subsubsection/exercise/statement/p/ol/li/p/xref
INFO    : *              located within: "part_EAthm_implies" (xml:id)
ERROR   : * PTX:ERROR:   a cross-reference ("xref") uses references [pff_if_then_direct] that do not point to any target, or perhaps point to multiple targets.  Maybe you typed an @xml:id value wrong, maybe the target of the @xml:id is nonexistent, or maybe you temporarily removed the target from your source, or maybe an auxiliary file contains a duplicate.  Your output will contain some placeholder text that you will not want to distribute to your readers.
INFO    : *              located at: pretext/book/chapter/section/subsection/subsubsection/exercise/statement/p/ol/li/p/xref
INFO    : *              located within: "part_EAthm_implies" (xml:id)
ERROR   : * PTX:ERROR:   a cross-reference ("xref") uses references [pff_forall] that do not point to any target, or perhaps point to multiple targets.  Maybe you typed an @xml:id value wrong, maybe the target of the @xml:id is nonexistent, or maybe you temporarily removed the target from your source, or maybe an auxiliary file contains a duplicate.  Your output will contain some placeholder text that you will not want to distribute to your readers.
INFO    : *              located at: pretext/book/chapter/section/subsection/subsubsection/exercise/statement/p/ol/li/p/xref
INFO    : *              located within: "part_EAthm_converse" (xml:id)
ERROR   : * PTX:ERROR:   a cross-reference ("xref") uses references [pff_if_then_direct] that do not point to any target, or perhaps point to multiple targets.  Maybe you typed an @xml:id value wrong, maybe the target of the @xml:id is nonexistent, or maybe you temporarily removed the target from your source, or maybe an auxiliary file contains a duplicate.  Your output will contain some placeholder text that you will not want to distribute to your readers.
INFO    : *              located at: pretext/book/chapter/section/subsection/subsubsection/exercise/statement/p/ol/li/p/xref
INFO    : *              located within: "part_EAthm_converse" (xml:id)
WARNING : * PTX:WARNING: Unstructured content within a list item is being ignored ("In this textbook we abbreviate true as")
INFO    : *              located at: pretext/book/chapter/section/subsection/definition/statement/p/ol/li
INFO    : *              located within: "defn_and_or_xor" (xml:id), "And, or, and xor" (title)
WARNING : * PTX:WARNING: Unstructured content within a list item is being ignored ("and false as")
INFO    : *              located at: pretext/book/chapter/section/subsection/definition/statement/p/ol/li
INFO    : *              located within: "defn_and_or_xor" (xml:id), "And, or, and xor" (title)
WARNING : * PTX:WARNING: Unstructured content within a list item is being ignored (". Some computer science textbooks use")
INFO    : *              located at: pretext/book/chapter/section/subsection/definition/statement/p/ol/li
INFO    : *              located within: "defn_and_or_xor" (xml:id), "And, or, and xor" (title)
WARNING : * PTX:WARNING: Unstructured content within a list item is being ignored ("for true and")
INFO    : *              located at: pretext/book/chapter/section/subsection/definition/statement/p/ol/li
INFO    : *              located within: "defn_and_or_xor" (xml:id), "And, or, and xor" (title)
WARNING : * PTX:WARNING: Unstructured content within a list item is being ignored ("for false instead.")
INFO    : *              located at: pretext/book/chapter/section/subsection/definition/statement/p/ol/li
INFO    : *              located within: "defn_and_or_xor" (xml:id), "And, or, and xor" (title)
ERROR   : * PTX:ERROR:   a cross-reference ("xref") uses references [pff_contradiction] that do not point to any target, or perhaps point to multiple targets.  Maybe you typed an @xml:id value wrong, maybe the target of the @xml:id is nonexistent, or maybe you temporarily removed the target from your source, or maybe an auxiliary file contains a duplicate.  Your output will contain some placeholder text that you will not want to distribute to your readers.
INFO    : *              located at: pretext/book/chapter/section/subsection/subsubsection/exercise/statement/p/xref
INFO    : *              located within: "exer_not_both_even_odd" (xml:id), "\exerE" (title)
ERROR   : * PTX:ERROR:   a cross-reference ("xref") uses references [pff_and] that do not point to any target, or perhaps point to multiple targets.  Maybe you typed an @xml:id value wrong, maybe the target of the @xml:id is nonexistent, or maybe you temporarily removed the target from your source, or maybe an auxiliary file contains a duplicate.  Your output will contain some placeholder text that you will not want to distribute to your readers.
INFO    : *              located at: pretext/book/chapter/section/subsection/subsubsection/exercise/statement/p/xref
INFO    : *              located within: "exer_prove_odd_and_mult3" (xml:id), "\exerP" (title)
ERROR   : * PTX:ERROR:   a cross-reference ("xref") uses references [pff_or_by_cases] that do not point to any target, or perhaps point to multiple targets.  Maybe you typed an @xml:id value wrong, maybe the target of the @xml:id is nonexistent, or maybe you temporarily removed the target from your source, or maybe an auxiliary file contains a duplicate.  Your output will contain some placeholder text that you will not want to distribute to your readers.
INFO    : *              located at: pretext/book/chapter/section/subsection/subsubsection/exercise/statement/p/xref
INFO    : *              located within: "exer_prove_nsqplusn_mod4" (xml:id), "\exerP" (title)
ERROR   : * PTX:ERROR:   a cross-reference ("xref") uses references [pff_and] that do not point to any target, or perhaps point to multiple targets.  Maybe you typed an @xml:id value wrong, maybe the target of the @xml:id is nonexistent, or maybe you temporarily removed the target from your source, or maybe an auxiliary file contains a duplicate.  Your output will contain some placeholder text that you will not want to distribute to your readers.
INFO    : *              located at: pretext/book/chapter/section/subsection/subsubsection/exercise/statement/p/xref
INFO    : *              located within: "exer_prove_odd_and_mult3_general" (xml:id), "\exerU" (title)
ERROR   : * PTX:ERROR:   a cross-reference ("xref") uses references [pff_or_by_cases_generalized] that do not point to any target, or perhaps point to multiple targets.  Maybe you typed an @xml:id value wrong, maybe the target of the @xml:id is nonexistent, or maybe you temporarily removed the target from your source, or maybe an auxiliary file contains a duplicate.  Your output will contain some placeholder text that you will not want to distribute to your readers.
INFO    : *              located at: pretext/book/chapter/section/subsection/subsubsection/exercise/statement/p/xref
INFO    : *              located within: "exer_sq_mod5" (xml:id), "\exerU" (title)
ERROR   : * PTX:ERROR:   a cross-reference ("xref") uses references [pff_contradiction] that do not point to any target, or perhaps point to multiple targets.  Maybe you typed an @xml:id value wrong, maybe the target of the @xml:id is nonexistent, or maybe you temporarily removed the target from your source, or maybe an auxiliary file contains a duplicate.  Your output will contain some placeholder text that you will not want to distribute to your readers.
INFO    : *              located at: pretext/book/chapter/section/subsection/subsubsection/exercise/statement/p/xref
INFO    : *              located within: "exer_prove_not_sum_3digits_equals25" (xml:id), "\exerP" (title)
ERROR   : * PTX:ERROR:   a cross-reference ("xref") uses references [pff_contradiction] that do not point to any target, or perhaps point to multiple targets.  Maybe you typed an @xml:id value wrong, maybe the target of the @xml:id is nonexistent, or maybe you temporarily removed the target from your source, or maybe an auxiliary file contains a duplicate.  Your output will contain some placeholder text that you will not want to distribute to your readers.
INFO    : *              located at: pretext/book/chapter/section/subsection/subsubsection/exercise/statement/p/xref
INFO    : *              located within: "exer_contradiction_3reg_graph_order7" (xml:id), "\exerP" (title)
ERROR   : * PTX:ERROR:   a cross-reference ("xref") uses references [pff_contradiction] that do not point to any target, or perhaps point to multiple targets.  Maybe you typed an @xml:id value wrong, maybe the target of the @xml:id is nonexistent, or maybe you temporarily removed the target from your source, or maybe an auxiliary file contains a duplicate.  Your output will contain some placeholder text that you will not want to distribute to your readers.
INFO    : *              located at: pretext/book/chapter/section/subsection/subsubsection/exercise/statement/p/ol/li/p/xref
INFO    : *              located within: "exer_prove_bs_length5_three0s_or_three1s" (xml:id), "\exerU" (title)
ERROR   : * PTX:ERROR:   a cross-reference ("xref") uses references [pff_contradiction] that do not point to any target, or perhaps point to multiple targets.  Maybe you typed an @xml:id value wrong, maybe the target of the @xml:id is nonexistent, or maybe you temporarily removed the target from your source, or maybe an auxiliary file contains a duplicate.  Your output will contain some placeholder text that you will not want to distribute to your readers.
INFO    : *              located at: pretext/book/chapter/section/subsection/subsubsection/exercise/statement/p/xref
INFO    : *              located within: "exer_contradiction_coprime" (xml:id), "\exerU" (title)
ERROR   : * PTX:ERROR:   a cross-reference ("xref") uses references [pff_exists] that do not point to any target, or perhaps point to multiple targets.  Maybe you typed an @xml:id value wrong, maybe the target of the @xml:id is nonexistent, or maybe you temporarily removed the target from your source, or maybe an auxiliary file contains a duplicate.  Your output will contain some placeholder text that you will not want to distribute to your readers.
INFO    : *              located at: pretext/book/chapter/section/subsection/activity/p/ol/li/p/xref
INFO    : *              located within: "part_exists_int_4div" (xml:id)
ERROR   : * PTX:ERROR:   a cross-reference ("xref") uses references [pff_forall] that do not point to any target, or perhaps point to multiple targets.  Maybe you typed an @xml:id value wrong, maybe the target of the @xml:id is nonexistent, or maybe you temporarily removed the target from your source, or maybe an auxiliary file contains a duplicate.  Your output will contain some placeholder text that you will not want to distribute to your readers.
INFO    : *              located at: pretext/book/chapter/section/subsection/activity/p/ol/li/p/xref
INFO    : *              located within: "part_ndivnfactorial" (xml:id)
ERROR   : * PTX:ERROR:   a cross-reference ("xref") uses references [pff_forall] that do not point to any target, or perhaps point to multiple targets.  Maybe you typed an @xml:id value wrong, maybe the target of the @xml:id is nonexistent, or maybe you temporarily removed the target from your source, or maybe an auxiliary file contains a duplicate.  Your output will contain some placeholder text that you will not want to distribute to your readers.
INFO    : *              located at: pretext/book/chapter/section/subsection/activity/p/ol/li/p/xref
INFO    : *              located within: "part_proof_forall_exists" (xml:id)
ERROR   : * PTX:ERROR:   a cross-reference ("xref") uses references [pff_exists] that do not point to any target, or perhaps point to multiple targets.  Maybe you typed an @xml:id value wrong, maybe the target of the @xml:id is nonexistent, or maybe you temporarily removed the target from your source, or maybe an auxiliary file contains a duplicate.  Your output will contain some placeholder text that you will not want to distribute to your readers.
INFO    : *              located at: pretext/book/chapter/section/subsection/activity/p/ol/li/p/xref
INFO    : *              located within: "part_proof_forall_exists" (xml:id)
ERROR   : * PTX:ERROR:   a cross-reference ("xref") uses references [pff_exists] that do not point to any target, or perhaps point to multiple targets.  Maybe you typed an @xml:id value wrong, maybe the target of the @xml:id is nonexistent, or maybe you temporarily removed the target from your source, or maybe an auxiliary file contains a duplicate.  Your output will contain some placeholder text that you will not want to distribute to your readers.
INFO    : *              located at: pretext/book/chapter/section/subsection/activity/p/ol/li/p/xref
INFO    : *              located within: "part_proof_exists_forall" (xml:id)
ERROR   : * PTX:ERROR:   a cross-reference ("xref") uses references [pff_forall] that do not point to any target, or perhaps point to multiple targets.  Maybe you typed an @xml:id value wrong, maybe the target of the @xml:id is nonexistent, or maybe you temporarily removed the target from your source, or maybe an auxiliary file contains a duplicate.  Your output will contain some placeholder text that you will not want to distribute to your readers.
INFO    : *              located at: pretext/book/chapter/section/subsection/activity/p/ol/li/p/xref
INFO    : *              located within: "part_proof_exists_forall" (xml:id)
ERROR   : * PTX:ERROR:   a cross-reference ("xref") uses references [pff_forall] that do not point to any target, or perhaps point to multiple targets.  Maybe you typed an @xml:id value wrong, maybe the target of the @xml:id is nonexistent, or maybe you temporarily removed the target from your source, or maybe an auxiliary file contains a duplicate.  Your output will contain some placeholder text that you will not want to distribute to your readers.
INFO    : *              located at: pretext/book/chapter/section/subsection/activity/p/ol/li/p/xref
INFO    : *              located within: "part_proof_forall_exists" (xml:id)
ERROR   : * PTX:ERROR:   a cross-reference ("xref") uses references [pff_exists] that do not point to any target, or perhaps point to multiple targets.  Maybe you typed an @xml:id value wrong, maybe the target of the @xml:id is nonexistent, or maybe you temporarily removed the target from your source, or maybe an auxiliary file contains a duplicate.  Your output will contain some placeholder text that you will not want to distribute to your readers.
INFO    : *              located at: pretext/book/chapter/section/subsection/activity/p/ol/li/p/xref
INFO    : *              located within: "part_proof_forall_exists" (xml:id)
ERROR   : * PTX:ERROR:   a cross-reference ("xref") uses references [pff_exists] that do not point to any target, or perhaps point to multiple targets.  Maybe you typed an @xml:id value wrong, maybe the target of the @xml:id is nonexistent, or maybe you temporarily removed the target from your source, or maybe an auxiliary file contains a duplicate.  Your output will contain some placeholder text that you will not want to distribute to your readers.
INFO    : *              located at: pretext/book/chapter/section/subsection/activity/p/ol/li/p/xref
INFO    : *              located within: "part_proof_exists_forall" (xml:id)
ERROR   : * PTX:ERROR:   a cross-reference ("xref") uses references [pff_forall] that do not point to any target, or perhaps point to multiple targets.  Maybe you typed an @xml:id value wrong, maybe the target of the @xml:id is nonexistent, or maybe you temporarily removed the target from your source, or maybe an auxiliary file contains a duplicate.  Your output will contain some placeholder text that you will not want to distribute to your readers.
INFO    : *              located at: pretext/book/chapter/section/subsection/activity/p/ol/li/p/xref
INFO    : *              located within: "part_proof_exists_forall" (xml:id)
ERROR   : * PTX:ERROR:   a cross-reference ("xref") uses references [pff_exists] that do not point to any target, or perhaps point to multiple targets.  Maybe you typed an @xml:id value wrong, maybe the target of the @xml:id is nonexistent, or maybe you temporarily removed the target from your source, or maybe an auxiliary file contains a duplicate.  Your output will contain some placeholder text that you will not want to distribute to your readers.
INFO    : *              located at: pretext/book/chapter/section/subsection/subsubsection/exercise/statement/p/xref
INFO    : *              located within: "exer_easy_proofs_exists" (xml:id), "\exerP" (title)
ERROR   : * PTX:ERROR:   a cross-reference ("xref") uses references [pff_forall] that do not point to any target, or perhaps point to multiple targets.  Maybe you typed an @xml:id value wrong, maybe the target of the @xml:id is nonexistent, or maybe you temporarily removed the target from your source, or maybe an auxiliary file contains a duplicate.  Your output will contain some placeholder text that you will not want to distribute to your readers.
INFO    : *              located at: pretext/book/chapter/section/subsection/subsubsection/exercise/statement/p/xref
INFO    : *              located within: "exer_easy_proofs_forall" (xml:id), "\exerP" (title)
ERROR   : * PTX:ERROR:   a cross-reference ("xref") uses references [pff_forall] that do not point to any target, or perhaps point to multiple targets.  Maybe you typed an @xml:id value wrong, maybe the target of the @xml:id is nonexistent, or maybe you temporarily removed the target from your source, or maybe an auxiliary file contains a duplicate.  Your output will contain some placeholder text that you will not want to distribute to your readers.
INFO    : *              located at: pretext/book/chapter/section/subsection/example/solution/p/xref
INFO    : *              located within: "exam_6qminus10_is_even" (xml:id), "6q-10 is even" (title)
ERROR   : * PTX:ERROR:   a cross-reference ("xref") uses references [pff_exists] that do not point to any target, or perhaps point to multiple targets.  Maybe you typed an @xml:id value wrong, maybe the target of the @xml:id is nonexistent, or maybe you temporarily removed the target from your source, or maybe an auxiliary file contains a duplicate.  Your output will contain some placeholder text that you will not want to distribute to your readers.
INFO    : *              located at: pretext/book/chapter/section/subsection/activity/p/ol/li/p/xref
INFO    : *              located within: "part_exists_int_4div" (xml:id)
ERROR   : * PTX:ERROR:   a cross-reference ("xref") uses references [pff_forall] that do not point to any target, or perhaps point to multiple targets.  Maybe you typed an @xml:id value wrong, maybe the target of the @xml:id is nonexistent, or maybe you temporarily removed the target from your source, or maybe an auxiliary file contains a duplicate.  Your output will contain some placeholder text that you will not want to distribute to your readers.
INFO    : *              located at: pretext/book/chapter/section/subsection/activity/p/ol/li/p/xref
INFO    : *              located within: "part_ndivnfactorial" (xml:id)
ERROR   : * PTX:ERROR:   a cross-reference ("xref") uses references [pff_forall] that do not point to any target, or perhaps point to multiple targets.  Maybe you typed an @xml:id value wrong, maybe the target of the @xml:id is nonexistent, or maybe you temporarily removed the target from your source, or maybe an auxiliary file contains a duplicate.  Your output will contain some placeholder text that you will not want to distribute to your readers.
INFO    : *              located at: pretext/book/chapter/section/subsection/subsubsection/exercise/statement/p/xref
INFO    : *              located within: "exer_proof_exists_forall" (xml:id), "\exerU" (title)
ERROR   : * PTX:ERROR:   a cross-reference ("xref") uses references [pff_exists] that do not point to any target, or perhaps point to multiple targets.  Maybe you typed an @xml:id value wrong, maybe the target of the @xml:id is nonexistent, or maybe you temporarily removed the target from your source, or maybe an auxiliary file contains a duplicate.  Your output will contain some placeholder text that you will not want to distribute to your readers.
INFO    : *              located at: pretext/book/chapter/section/subsection/subsubsection/exercise/statement/p/xref
INFO    : *              located within: "exer_proof_exists_forall" (xml:id), "\exerU" (title)
ERROR   : * PTX:ERROR:   a cross-reference ("xref") uses references [pff_forall] that do not point to any target, or perhaps point to multiple targets.  Maybe you typed an @xml:id value wrong, maybe the target of the @xml:id is nonexistent, or maybe you temporarily removed the target from your source, or maybe an auxiliary file contains a duplicate.  Your output will contain some placeholder text that you will not want to distribute to your readers.
INFO    : *              located at: pretext/book/chapter/section/subsection/subsubsection/exercise/statement/p/xref
INFO    : *              located within: "exer_rational_soln" (xml:id), "\exerU" (title)
ERROR   : * PTX:ERROR:   a cross-reference ("xref") uses references [pff_exists] that do not point to any target, or perhaps point to multiple targets.  Maybe you typed an @xml:id value wrong, maybe the target of the @xml:id is nonexistent, or maybe you temporarily removed the target from your source, or maybe an auxiliary file contains a duplicate.  Your output will contain some placeholder text that you will not want to distribute to your readers.
INFO    : *              located at: pretext/book/chapter/section/subsection/subsubsection/exercise/statement/p/xref
INFO    : *              located within: "exer_rational_soln" (xml:id), "\exerU" (title)
ERROR   : * PTX:ERROR:   a cross-reference ("xref") uses references [pff_forall] that do not point to any target, or perhaps point to multiple targets.  Maybe you typed an @xml:id value wrong, maybe the target of the @xml:id is nonexistent, or maybe you temporarily removed the target from your source, or maybe an auxiliary file contains a duplicate.  Your output will contain some placeholder text that you will not want to distribute to your readers.
INFO    : *              located at: pretext/book/chapter/section/subsection/activity/p/ol/li/p/xref
INFO    : *              located within: "part_if_then_direct" (xml:id)
ERROR   : * PTX:ERROR:   a cross-reference ("xref") uses references [pff_if_then_direct] that do not point to any target, or perhaps point to multiple targets.  Maybe you typed an @xml:id value wrong, maybe the target of the @xml:id is nonexistent, or maybe you temporarily removed the target from your source, or maybe an auxiliary file contains a duplicate.  Your output will contain some placeholder text that you will not want to distribute to your readers.
INFO    : *              located at: pretext/book/chapter/section/subsection/activity/p/ol/li/p/xref
INFO    : *              located within: "part_if_then_direct" (xml:id)
ERROR   : * PTX:ERROR:   a cross-reference ("xref") uses references [pff_forall] that do not point to any target, or perhaps point to multiple targets.  Maybe you typed an @xml:id value wrong, maybe the target of the @xml:id is nonexistent, or maybe you temporarily removed the target from your source, or maybe an auxiliary file contains a duplicate.  Your output will contain some placeholder text that you will not want to distribute to your readers.
INFO    : *              located at: pretext/book/chapter/section/subsection/activity/p/ol/li/p/xref
INFO    : *              located within: "part_or_implication" (xml:id)
ERROR   : * PTX:ERROR:   a cross-reference ("xref") uses references [pff_or_implication] that do not point to any target, or perhaps point to multiple targets.  Maybe you typed an @xml:id value wrong, maybe the target of the @xml:id is nonexistent, or maybe you temporarily removed the target from your source, or maybe an auxiliary file contains a duplicate.  Your output will contain some placeholder text that you will not want to distribute to your readers.
INFO    : *              located at: pretext/book/chapter/section/subsection/activity/p/ol/li/p/xref
INFO    : *              located within: "part_or_implication" (xml:id)
ERROR   : * PTX:ERROR:   a cross-reference ("xref") uses references [pff_forall] that do not point to any target, or perhaps point to multiple targets.  Maybe you typed an @xml:id value wrong, maybe the target of the @xml:id is nonexistent, or maybe you temporarily removed the target from your source, or maybe an auxiliary file contains a duplicate.  Your output will contain some placeholder text that you will not want to distribute to your readers.
INFO    : *              located at: pretext/book/chapter/section/subsection/subsubsection/exercise/statement/p/ol/li/p/xref
INFO    : *              located within: "part_EAthm_implies" (xml:id)
ERROR   : * PTX:ERROR:   a cross-reference ("xref") uses references [pff_if_then_direct] that do not point to any target, or perhaps point to multiple targets.  Maybe you typed an @xml:id value wrong, maybe the target of the @xml:id is nonexistent, or maybe you temporarily removed the target from your source, or maybe an auxiliary file contains a duplicate.  Your output will contain some placeholder text that you will not want to distribute to your readers.
INFO    : *              located at: pretext/book/chapter/section/subsection/subsubsection/exercise/statement/p/ol/li/p/xref
INFO    : *              located within: "part_EAthm_implies" (xml:id)
ERROR   : * PTX:ERROR:   a cross-reference ("xref") uses references [pff_forall] that do not point to any target, or perhaps point to multiple targets.  Maybe you typed an @xml:id value wrong, maybe the target of the @xml:id is nonexistent, or maybe you temporarily removed the target from your source, or maybe an auxiliary file contains a duplicate.  Your output will contain some placeholder text that you will not want to distribute to your readers.
INFO    : *              located at: pretext/book/chapter/section/subsection/subsubsection/exercise/statement/p/ol/li/p/xref
INFO    : *              located within: "part_EAthm_converse" (xml:id)
ERROR   : * PTX:ERROR:   a cross-reference ("xref") uses references [pff_if_then_direct] that do not point to any target, or perhaps point to multiple targets.  Maybe you typed an @xml:id value wrong, maybe the target of the @xml:id is nonexistent, or maybe you temporarily removed the target from your source, or maybe an auxiliary file contains a duplicate.  Your output will contain some placeholder text that you will not want to distribute to your readers.
INFO    : *              located at: pretext/book/chapter/section/subsection/subsubsection/exercise/statement/p/ol/li/p/xref
INFO    : *              located within: "part_EAthm_converse" (xml:id)
ERROR   : * PTX:ERROR:   a cross-reference ("xref") uses references [pff_cases] that do not point to any target, or perhaps point to multiple targets.  Maybe you typed an @xml:id value wrong, maybe the target of the @xml:id is nonexistent, or maybe you temporarily removed the target from your source, or maybe an auxiliary file contains a duplicate.  Your output will contain some placeholder text that you will not want to distribute to your readers.
INFO    : *              located at: pretext/book/chapter/section/subsection/subsubsection/exercise/statement/p/xref
INFO    : *              located within: "exer_truthtable_proof_cases" (xml:id), "\exerU" (title)
ERROR   : * PTX:ERROR:   a cross-reference ("xref") uses references [pff_forall] that do not point to any target, or perhaps point to multiple targets.  Maybe you typed an @xml:id value wrong, maybe the target of the @xml:id is nonexistent, or maybe you temporarily removed the target from your source, or maybe an auxiliary file contains a duplicate.  Your output will contain some placeholder text that you will not want to distribute to your readers.
INFO    : *              located at: pretext/book/chapter/section/subsection/subsubsection/exercise/statement/p/xref
INFO    : *              located within: "exer_mult6_is_mult3" (xml:id), "\exerP" (title)
ERROR   : * PTX:ERROR:   a cross-reference ("xref") uses references [pff_if_then_direct] that do not point to any target, or perhaps point to multiple targets.  Maybe you typed an @xml:id value wrong, maybe the target of the @xml:id is nonexistent, or maybe you temporarily removed the target from your source, or maybe an auxiliary file contains a duplicate.  Your output will contain some placeholder text that you will not want to distribute to your readers.
INFO    : *              located at: pretext/book/chapter/section/subsection/subsubsection/exercise/statement/p/xref
INFO    : *              located within: "exer_mult6_is_mult3" (xml:id), "\exerP" (title)
ERROR   : * PTX:ERROR:   a cross-reference ("xref") uses references [pff_forall] that do not point to any target, or perhaps point to multiple targets.  Maybe you typed an @xml:id value wrong, maybe the target of the @xml:id is nonexistent, or maybe you temporarily removed the target from your source, or maybe an auxiliary file contains a duplicate.  Your output will contain some placeholder text that you will not want to distribute to your readers.
INFO    : *              located at: pretext/book/chapter/section/subsection/subsubsection/exercise/statement/p/xref
INFO    : *              located within: "exer_proof_sums_prod_even_odd" (xml:id), "\exerU" (title)
ERROR   : * PTX:ERROR:   a cross-reference ("xref") uses references [pff_and] that do not point to any target, or perhaps point to multiple targets.  Maybe you typed an @xml:id value wrong, maybe the target of the @xml:id is nonexistent, or maybe you temporarily removed the target from your source, or maybe an auxiliary file contains a duplicate.  Your output will contain some placeholder text that you will not want to distribute to your readers.
INFO    : *              located at: pretext/book/chapter/section/subsection/subsubsection/exercise/statement/p/xref
INFO    : *              located within: "exer_proof_sums_prod_even_odd" (xml:id), "\exerU" (title)
ERROR   : * PTX:ERROR:   a cross-reference ("xref") uses references [pff_if_then_direct] that do not point to any target, or perhaps point to multiple targets.  Maybe you typed an @xml:id value wrong, maybe the target of the @xml:id is nonexistent, or maybe you temporarily removed the target from your source, or maybe an auxiliary file contains a duplicate.  Your output will contain some placeholder text that you will not want to distribute to your readers.
INFO    : *              located at: pretext/book/chapter/section/subsection/subsubsection/exercise/statement/p/xref
INFO    : *              located within: "exer_proof_sums_prod_even_odd" (xml:id), "\exerU" (title)
ERROR   : * PTX:ERROR:   a cross-reference ("xref") uses references [pff_forall] that do not point to any target, or perhaps point to multiple targets.  Maybe you typed an @xml:id value wrong, maybe the target of the @xml:id is nonexistent, or maybe you temporarily removed the target from your source, or maybe an auxiliary file contains a duplicate.  Your output will contain some placeholder text that you will not want to distribute to your readers.
INFO    : *              located at: pretext/book/chapter/section/subsection/subsubsection/exercise/statement/p/xref
INFO    : *              located within: "exer_divides_transitive" (xml:id), "\exerU" (title)
ERROR   : * PTX:ERROR:   a cross-reference ("xref") uses references [pff_if_then_direct] that do not point to any target, or perhaps point to multiple targets.  Maybe you typed an @xml:id value wrong, maybe the target of the @xml:id is nonexistent, or maybe you temporarily removed the target from your source, or maybe an auxiliary file contains a duplicate.  Your output will contain some placeholder text that you will not want to distribute to your readers.
INFO    : *              located at: pretext/book/chapter/section/subsection/subsubsection/exercise/statement/p/xref
INFO    : *              located within: "exer_divides_transitive" (xml:id), "\exerU" (title)
ERROR   : * PTX:ERROR:   a cross-reference ("xref") uses references [pff_forall] that do not point to any target, or perhaps point to multiple targets.  Maybe you typed an @xml:id value wrong, maybe the target of the @xml:id is nonexistent, or maybe you temporarily removed the target from your source, or maybe an auxiliary file contains a duplicate.  Your output will contain some placeholder text that you will not want to distribute to your readers.
INFO    : *              located at: pretext/book/chapter/section/subsection/subsubsection/exercise/statement/p/xref
INFO    : *              located within: "exer_last_digit_even_odd" (xml:id), "\exerE" (title)
ERROR   : * PTX:ERROR:   a cross-reference ("xref") uses references [pff_and] that do not point to any target, or perhaps point to multiple targets.  Maybe you typed an @xml:id value wrong, maybe the target of the @xml:id is nonexistent, or maybe you temporarily removed the target from your source, or maybe an auxiliary file contains a duplicate.  Your output will contain some placeholder text that you will not want to distribute to your readers.
INFO    : *              located at: pretext/book/chapter/section/subsection/subsubsection/exercise/statement/p/xref
INFO    : *              located within: "exer_last_digit_even_odd" (xml:id), "\exerE" (title)
ERROR   : * PTX:ERROR:   a cross-reference ("xref") uses references [pff_if_then_direct] that do not point to any target, or perhaps point to multiple targets.  Maybe you typed an @xml:id value wrong, maybe the target of the @xml:id is nonexistent, or maybe you temporarily removed the target from your source, or maybe an auxiliary file contains a duplicate.  Your output will contain some placeholder text that you will not want to distribute to your readers.
INFO    : *              located at: pretext/book/chapter/section/subsection/subsubsection/exercise/statement/p/xref
INFO    : *              located within: "exer_last_digit_even_odd" (xml:id), "\exerE" (title)
ERROR   : * PTX:ERROR:   a cross-reference ("xref") uses references [pff_forall] that do not point to any target, or perhaps point to multiple targets.  Maybe you typed an @xml:id value wrong, maybe the target of the @xml:id is nonexistent, or maybe you temporarily removed the target from your source, or maybe an auxiliary file contains a duplicate.  Your output will contain some placeholder text that you will not want to distribute to your readers.
INFO    : *              located at: pretext/book/chapter/section/subsection/subsubsection/exercise/statement/p/ol/li/p/xref
INFO    : *              located within: "exer_integer_or_next_is_even" (xml:id), "\exerP" (title)
ERROR   : * PTX:ERROR:   a cross-reference ("xref") uses references [pff_or_implication] that do not point to any target, or perhaps point to multiple targets.  Maybe you typed an @xml:id value wrong, maybe the target of the @xml:id is nonexistent, or maybe you temporarily removed the target from your source, or maybe an auxiliary file contains a duplicate.  Your output will contain some placeholder text that you will not want to distribute to your readers.
INFO    : *              located at: pretext/book/chapter/section/subsection/subsubsection/exercise/statement/p/ol/li/p/xref
INFO    : *              located within: "exer_integer_or_next_is_even" (xml:id), "\exerP" (title)
ERROR   : * PTX:ERROR:   a cross-reference ("xref") uses references [pff_forall] that do not point to any target, or perhaps point to multiple targets.  Maybe you typed an @xml:id value wrong, maybe the target of the @xml:id is nonexistent, or maybe you temporarily removed the target from your source, or maybe an auxiliary file contains a duplicate.  Your output will contain some placeholder text that you will not want to distribute to your readers.
INFO    : *              located at: pretext/book/chapter/section/subsection/activity/p/ol/li/p/xref
INFO    : *              located within: "part_if_then_direct" (xml:id)
ERROR   : * PTX:ERROR:   a cross-reference ("xref") uses references [pff_if_then_direct] that do not point to any target, or perhaps point to multiple targets.  Maybe you typed an @xml:id value wrong, maybe the target of the @xml:id is nonexistent, or maybe you temporarily removed the target from your source, or maybe an auxiliary file contains a duplicate.  Your output will contain some placeholder text that you will not want to distribute to your readers.
INFO    : *              located at: pretext/book/chapter/section/subsection/activity/p/ol/li/p/xref
INFO    : *              located within: "part_if_then_direct" (xml:id)
ERROR   : * PTX:ERROR:   a cross-reference ("xref") uses references [pff_if_then_cp] that do not point to any target, or perhaps point to multiple targets.  Maybe you typed an @xml:id value wrong, maybe the target of the @xml:id is nonexistent, or maybe you temporarily removed the target from your source, or maybe an auxiliary file contains a duplicate.  Your output will contain some placeholder text that you will not want to distribute to your readers.
INFO    : *              located at: pretext/book/chapter/section/subsection/subsubsection/exercise/statement/p/xref
INFO    : *              located within: "exer_proof_sq_even_implies_even" (xml:id), "\exerP" (title)
ERROR   : * PTX:ERROR:   a cross-reference ("xref") uses references [pff_iff] that do not point to any target, or perhaps point to multiple targets.  Maybe you typed an @xml:id value wrong, maybe the target of the @xml:id is nonexistent, or maybe you temporarily removed the target from your source, or maybe an auxiliary file contains a duplicate.  Your output will contain some placeholder text that you will not want to distribute to your readers.
INFO    : *              located at: pretext/book/chapter/section/subsection/subsubsection/exercise/statement/p/xref
INFO    : *              located within: "exer_proof_iff_even" (xml:id), "\exerP" (title)
ERROR   : * PTX:ERROR:   a cross-reference ("xref") uses references [pff_iff] that do not point to any target, or perhaps point to multiple targets.  Maybe you typed an @xml:id value wrong, maybe the target of the @xml:id is nonexistent, or maybe you temporarily removed the target from your source, or maybe an auxiliary file contains a duplicate.  Your output will contain some placeholder text that you will not want to distribute to your readers.
INFO    : *              located at: pretext/book/chapter/section/subsection/subsubsection/exercise/statement/p/xref
INFO    : *              located within: "exer_proof_iff_solution" (xml:id), "\exerP" (title)
ERROR   : * PTX:ERROR:   a cross-reference ("xref") uses references [pff_if_then_cp] that do not point to any target, or perhaps point to multiple targets.  Maybe you typed an @xml:id value wrong, maybe the target of the @xml:id is nonexistent, or maybe you temporarily removed the target from your source, or maybe an auxiliary file contains a duplicate.  Your output will contain some placeholder text that you will not want to distribute to your readers.
INFO    : *              located at: pretext/book/chapter/section/subsection/subsubsection/exercise/statement/p/xref
INFO    : *              located within: "exer_proof_3m_odd" (xml:id), "\exerP" (title)
ERROR   : * PTX:ERROR:   a cross-reference ("xref") uses references [pff_if_then_cp] that do not point to any target, or perhaps point to multiple targets.  Maybe you typed an @xml:id value wrong, maybe the target of the @xml:id is nonexistent, or maybe you temporarily removed the target from your source, or maybe an auxiliary file contains a duplicate.  Your output will contain some placeholder text that you will not want to distribute to your readers.
INFO    : *              located at: pretext/book/chapter/section/subsection/subsubsection/exercise/statement/p/xref
INFO    : *              located within: "exer_prove_only_check_prime_divisors" (xml:id), "\exerU" (title)
ERROR   : * PTX:ERROR:   a cross-reference ("xref") uses references [pff_if_then_cp] that do not point to any target, or perhaps point to multiple targets.  Maybe you typed an @xml:id value wrong, maybe the target of the @xml:id is nonexistent, or maybe you temporarily removed the target from your source, or maybe an auxiliary file contains a duplicate.  Your output will contain some placeholder text that you will not want to distribute to your readers.
INFO    : *              located at: pretext/book/chapter/section/subsection/subsubsection/exercise/statement/p/xref
INFO    : *              located within: "exer_prove_only_check_to_sqrtn" (xml:id), "\exerU" (title)
ERROR   : * PTX:ERROR:   a cross-reference ("xref") uses references [pff_iff] that do not point to any target, or perhaps point to multiple targets.  Maybe you typed an @xml:id value wrong, maybe the target of the @xml:id is nonexistent, or maybe you temporarily removed the target from your source, or maybe an auxiliary file contains a duplicate.  Your output will contain some placeholder text that you will not want to distribute to your readers.
INFO    : *              located at: pretext/book/chapter/section/subsection/subsubsection/exercise/statement/p/xref
INFO    : *              located within: "exer_proof_iff_using_cp_evens" (xml:id), "\exerE" (title)
ERROR   : * PTX:ERROR:   a cross-reference ("xref") uses references [pff_if_then_cp] that do not point to any target, or perhaps point to multiple targets.  Maybe you typed an @xml:id value wrong, maybe the target of the @xml:id is nonexistent, or maybe you temporarily removed the target from your source, or maybe an auxiliary file contains a duplicate.  Your output will contain some placeholder text that you will not want to distribute to your readers.
INFO    : *              located at: pretext/book/chapter/section/subsection/subsubsection/exercise/statement/p/xref
INFO    : *              located within: "exer_proof_iff_using_cp_evens" (xml:id), "\exerE" (title)
ERROR   : * PTX:ERROR:   a cross-reference ("xref") uses references [pff_if_then_direct] that do not point to any target, or perhaps point to multiple targets.  Maybe you typed an @xml:id value wrong, maybe the target of the @xml:id is nonexistent, or maybe you temporarily removed the target from your source, or maybe an auxiliary file contains a duplicate.  Your output will contain some placeholder text that you will not want to distribute to your readers.
INFO    : *              located at: pretext/book/chapter/section/subsection/activity/p/ol/li/p/xref
INFO    : *              located within: "act_proofs_equiv_infer" (xml:id), "Proofs with equivalences and inferences" (title)
ERROR   : * PTX:ERROR:   a cross-reference ("xref") uses references [pff_cases] that do not point to any target, or perhaps point to multiple targets.  Maybe you typed an @xml:id value wrong, maybe the target of the @xml:id is nonexistent, or maybe you temporarily removed the target from your source, or maybe an auxiliary file contains a duplicate.  Your output will contain some placeholder text that you will not want to distribute to your readers.
INFO    : *              located at: pretext/book/chapter/section/subsection/subsubsection/exercise/statement/p/xref
INFO    : *              located within: "exer_proof_equiv_infer_proof_by_cases" (xml:id), "\exerU" (title)
ERROR   : * PTX:ERROR:   a cross-reference ("xref") uses references [pff_contradiction] that do not point to any target, or perhaps point to multiple targets.  Maybe you typed an @xml:id value wrong, maybe the target of the @xml:id is nonexistent, or maybe you temporarily removed the target from your source, or maybe an auxiliary file contains a duplicate.  Your output will contain some placeholder text that you will not want to distribute to your readers.
INFO    : *              located at: pretext/book/chapter/section/subsection/subsubsection/exercise/statement/p/xref
INFO    : *              located within: "exer_proof_infer_contradiction" (xml:id), "\exerU" (title)
ERROR   : * PTX:ERROR:   a cross-reference ("xref") uses references [pff_if_then_direct] that do not point to any target, or perhaps point to multiple targets.  Maybe you typed an @xml:id value wrong, maybe the target of the @xml:id is nonexistent, or maybe you temporarily removed the target from your source, or maybe an auxiliary file contains a duplicate.  Your output will contain some placeholder text that you will not want to distribute to your readers.
INFO    : *              located at: pretext/book/chapter/section/subsection/subsubsection/exercise/statement/p/ol/li/p/xref
INFO    : *              located within: "exer_defn_increasing" (xml:id), "\exerE" (title)
ERROR   : * PTX:ERROR:   a cross-reference ("xref") uses references [pff_forall] that do not point to any target, or perhaps point to multiple targets.  Maybe you typed an @xml:id value wrong, maybe the target of the @xml:id is nonexistent, or maybe you temporarily removed the target from your source, or maybe an auxiliary file contains a duplicate.  Your output will contain some placeholder text that you will not want to distribute to your readers.
INFO    : *              located at: pretext/book/chapter/section/subsection/example/statement/p/xref
INFO    : *              located within: "exam_proof_onto" (xml:id), "Proof that a function is onto" (title)
ERROR   : * PTX:ERROR:   a cross-reference ("xref") uses references [pff_exists] that do not point to any target, or perhaps point to multiple targets.  Maybe you typed an @xml:id value wrong, maybe the target of the @xml:id is nonexistent, or maybe you temporarily removed the target from your source, or maybe an auxiliary file contains a duplicate.  Your output will contain some placeholder text that you will not want to distribute to your readers.
INFO    : *              located at: pretext/book/chapter/section/subsection/example/statement/p/xref
INFO    : *              located within: "exam_proof_onto" (xml:id), "Proof that a function is onto" (title)
ERROR   : * PTX:ERROR:   a cross-reference ("xref") uses references [pff_exists] that do not point to any target, or perhaps point to multiple targets.  Maybe you typed an @xml:id value wrong, maybe the target of the @xml:id is nonexistent, or maybe you temporarily removed the target from your source, or maybe an auxiliary file contains a duplicate.  Your output will contain some placeholder text that you will not want to distribute to your readers.
INFO    : *              located at: pretext/book/chapter/section/subsection/example/solution/p/xref
INFO    : *              located within: "exam_proof_onto" (xml:id), "Proof that a function is onto" (title)
ERROR   : * PTX:ERROR:   a cross-reference ("xref") uses references [pff_forall] that do not point to any target, or perhaps point to multiple targets.  Maybe you typed an @xml:id value wrong, maybe the target of the @xml:id is nonexistent, or maybe you temporarily removed the target from your source, or maybe an auxiliary file contains a duplicate.  Your output will contain some placeholder text that you will not want to distribute to your readers.
INFO    : *              located at: pretext/book/chapter/section/subsection/example/solution/p/xref
INFO    : *              located within: "exam_proof_onto" (xml:id), "Proof that a function is onto" (title)
ERROR   : * PTX:ERROR:   a cross-reference ("xref") uses references [pff_unique_direct] that do not point to any target, or perhaps point to multiple targets.  Maybe you typed an @xml:id value wrong, maybe the target of the @xml:id is nonexistent, or maybe you temporarily removed the target from your source, or maybe an auxiliary file contains a duplicate.  Your output will contain some placeholder text that you will not want to distribute to your readers.
INFO    : *              located at: pretext/book/chapter/section/subsection/subsubsection/exercise/statement/p/xref
INFO    : *              located within: "exer_direct_unique" (xml:id), "\exerP" (title)
ERROR   : * PTX:ERROR:   a cross-reference ("xref") uses references [pff_exists_unique] that do not point to any target, or perhaps point to multiple targets.  Maybe you typed an @xml:id value wrong, maybe the target of the @xml:id is nonexistent, or maybe you temporarily removed the target from your source, or maybe an auxiliary file contains a duplicate.  Your output will contain some placeholder text that you will not want to distribute to your readers.
INFO    : *              located at: pretext/book/chapter/section/subsection/subsubsection/exercise/statement/p/xref
INFO    : *              located within: "exer_prove_uniq_soln" (xml:id)
ERROR   : * PTX:ERROR:   a cross-reference ("xref") uses references [pff_if_then_direct] that do not point to any target, or perhaps point to multiple targets.  Maybe you typed an @xml:id value wrong, maybe the target of the @xml:id is nonexistent, or maybe you temporarily removed the target from your source, or maybe an auxiliary file contains a duplicate.  Your output will contain some placeholder text that you will not want to distribute to your readers.
INFO    : *              located at: pretext/book/chapter/section/subsection/example/statement/p/ol/li/p/solution/p/xref
INFO    : *              located within: "part_subset_proof" (xml:id)
ERROR   : * PTX:ERROR:   a cross-reference ("xref") uses references [pff_if_then_direct] that do not point to any target, or perhaps point to multiple targets.  Maybe you typed an @xml:id value wrong, maybe the target of the @xml:id is nonexistent, or maybe you temporarily removed the target from your source, or maybe an auxiliary file contains a duplicate.  Your output will contain some placeholder text that you will not want to distribute to your readers.
INFO    : *              located at: pretext/book/chapter/section/subsection/example/statement/p/ol/li/p/solution/p/xref
INFO    : *              located within: "part_subset_proof" (xml:id)
ERROR   : * PTX:ERROR:   a cross-reference ("xref") uses references [pff_if_then_direct] that do not point to any target, or perhaps point to multiple targets.  Maybe you typed an @xml:id value wrong, maybe the target of the @xml:id is nonexistent, or maybe you temporarily removed the target from your source, or maybe an auxiliary file contains a duplicate.  Your output will contain some placeholder text that you will not want to distribute to your readers.
INFO    : *              located at: pretext/book/chapter/section/subsection/example/statement/p/ol/li/p/solution/p/xref
INFO    : *              located within: "part_proof_cong" (xml:id)
ERROR   : * PTX:ERROR:   a cross-reference ("xref") uses references [pff_if_then_direct] that do not point to any target, or perhaps point to multiple targets.  Maybe you typed an @xml:id value wrong, maybe the target of the @xml:id is nonexistent, or maybe you temporarily removed the target from your source, or maybe an auxiliary file contains a duplicate.  Your output will contain some placeholder text that you will not want to distribute to your readers.
INFO    : *              located at: pretext/book/chapter/section/subsection/example/statement/p/ol/li/p/solution/p/xref
INFO    : *              located within: "part_proof_cong" (xml:id)
WARNING : * PTX:WARNING: Unstructured content within a list item is being ignored ("For example,")
INFO    : *              located at: pretext/book/chapter/section/subsection/definition/statement/p/ol/li
INFO    : *              located within: "defn_proper_bs" (xml:id), "Proper bit strings" (title)
WARNING : * PTX:WARNING: Unstructured content within a list item is being ignored ("is proper, as we show in")
INFO    : *              located at: pretext/book/chapter/section/subsection/definition/statement/p/ol/li
INFO    : *              located within: "defn_proper_bs" (xml:id), "Proper bit strings" (title)
WARNING : * PTX:WARNING: Unstructured content within a list item is being ignored (".")
INFO    : *              located at: pretext/book/chapter/section/subsection/definition/statement/p/ol/li
INFO    : *              located within: "defn_proper_bs" (xml:id), "Proper bit strings" (title)
ERROR   : * PTX:ERROR:   a cross-reference ("xref") uses references [pff_math_ind_matrix] that do not point to any target, or perhaps point to multiple targets.  Maybe you typed an @xml:id value wrong, maybe the target of the @xml:id is nonexistent, or maybe you temporarily removed the target from your source, or maybe an auxiliary file contains a duplicate.  Your output will contain some placeholder text that you will not want to distribute to your readers.
INFO    : *              located at: pretext/book/chapter/section/subsection/subsubsection/exercise/statement/p/xref
INFO    : *              located within: "exer_fib_matrix_another_proof" (xml:id), "\exerU" (title)
ERROR   : * PTX:ERROR:   a cross-reference ("xref") uses references [pff_math_ind_matrix] that do not point to any target, or perhaps point to multiple targets.  Maybe you typed an @xml:id value wrong, maybe the target of the @xml:id is nonexistent, or maybe you temporarily removed the target from your source, or maybe an auxiliary file contains a duplicate.  Your output will contain some placeholder text that you will not want to distribute to your readers.
INFO    : *              located at: pretext/book/chapter/section/subsection/example/statement/p/ol/li/p/xref
INFO    : *              located within: "part_proof_matrix_fib" (xml:id)
ERROR   : * PTX:ERROR:   a cross-reference ("xref") uses references [pff_math_ind_matrix] that do not point to any target, or perhaps point to multiple targets.  Maybe you typed an @xml:id value wrong, maybe the target of the @xml:id is nonexistent, or maybe you temporarily removed the target from your source, or maybe an auxiliary file contains a duplicate.  Your output will contain some placeholder text that you will not want to distribute to your readers.
INFO    : *              located at: pretext/book/chapter/section/subsection/example/statement/p/ol/li/p/solution/p/xref
INFO    : *              located within: "part_proof_matrix_fib" (xml:id)
ERROR   : * PTX:ERROR:   a cross-reference ("xref") uses references [pff_math_ind_matrix] that do not point to any target, or perhaps point to multiple targets.  Maybe you typed an @xml:id value wrong, maybe the target of the @xml:id is nonexistent, or maybe you temporarily removed the target from your source, or maybe an auxiliary file contains a duplicate.  Your output will contain some placeholder text that you will not want to distribute to your readers.
INFO    : *              located at: pretext/book/chapter/section/subsection/example/statement/p/ol/li/p/xref
INFO    : *              located within: "part_proof_matrix_fib" (xml:id)
ERROR   : * PTX:ERROR:   a cross-reference ("xref") uses references [pff_math_ind_matrix] that do not point to any target, or perhaps point to multiple targets.  Maybe you typed an @xml:id value wrong, maybe the target of the @xml:id is nonexistent, or maybe you temporarily removed the target from your source, or maybe an auxiliary file contains a duplicate.  Your output will contain some placeholder text that you will not want to distribute to your readers.
INFO    : *              located at: pretext/book/chapter/section/subsection/example/statement/p/ol/li/p/solution/p/xref
INFO    : *              located within: "part_proof_matrix_fib" (xml:id)
ERROR   : * PTX:ERROR:   a cross-reference ("xref") uses references [pff_strong_math_ind_seq] that do not point to any target, or perhaps point to multiple targets.  Maybe you typed an @xml:id value wrong, maybe the target of the @xml:id is nonexistent, or maybe you temporarily removed the target from your source, or maybe an auxiliary file contains a duplicate.  Your output will contain some placeholder text that you will not want to distribute to your readers.
INFO    : *              located at: pretext/book/chapter/section/subsection/subsubsection/exercise/statement/p/xref
INFO    : *              located within: "exer_math_ind_second_order_linear" (xml:id), "\exerP" (title)
ERROR   : * PTX:ERROR:   a cross-reference ("xref") uses references [pff_strong_math_ind_seq] that do not point to any target, or perhaps point to multiple targets.  Maybe you typed an @xml:id value wrong, maybe the target of the @xml:id is nonexistent, or maybe you temporarily removed the target from your source, or maybe an auxiliary file contains a duplicate.  Your output will contain some placeholder text that you will not want to distribute to your readers.
INFO    : *              located at: pretext/book/chapter/section/subsection/subsubsection/exercise/statement/p/xref
INFO    : *              located within: "exer_math_ind_second_order_powerof2" (xml:id), "\exerU" (title)
ERROR   : * PTX:ERROR:   a cross-reference ("xref") uses references [pff_strong_math_ind_seq] that do not point to any target, or perhaps point to multiple targets.  Maybe you typed an @xml:id value wrong, maybe the target of the @xml:id is nonexistent, or maybe you temporarily removed the target from your source, or maybe an auxiliary file contains a duplicate.  Your output will contain some placeholder text that you will not want to distribute to your readers.
INFO    : *              located at: pretext/book/chapter/section/subsection/example/statement/p/xref
INFO    : *              located within: "exam_strong_math_ind_explicit" (xml:id), "Verifying the explicit form of second order recursively-defined sequence" (title)
ERROR   : * PTX:ERROR:   a cross-reference ("xref") uses references [pff_comb_proof] that do not point to any target, or perhaps point to multiple targets.  Maybe you typed an @xml:id value wrong, maybe the target of the @xml:id is nonexistent, or maybe you temporarily removed the target from your source, or maybe an auxiliary file contains a duplicate.  Your output will contain some placeholder text that you will not want to distribute to your readers.
INFO    : *              located at: pretext/book/chapter/section/subsection/subsubsection/exercise/statement/p/xref
INFO    : *              located within: "exer_comb_pf_recursion_arith_tri" (xml:id), "\exerE" (title)
INFO    : successful application of /home/codespace/.ptx/2.43.1/core/xsl/pretext-html.xsl
INFO    : Removing temporary directory /tmp/ptx-na1bpgb2
INFO    : Removing temporary directory /tmp/ptx-wk4jp1da
INFO    : 
Finished build for target web. Run `pretext view web` to see the results.

CRITICAL: There were errors during the build.  See above.
INFO    : ------------------------
CRITICAL: Failed to build without errors.  Exiting...
INFO    : 
----------------------------------------------------
INFO    : While running pretext, the following errors occurred:

INFO    : (see log messages above or in the 'logs' folder for more information)
INFO    : ----------------------------------------------------
