WARNING : Using CLI version 2.43.2 but project's `requirements.txt`
WARNING : is configured to use 2.43.1. Consider either installing
WARNING : CLI version 2.43.1 or running `pretext update-project`
WARNING : to update `requirements.txt` and other managed files to match 2.43.2.
INFO    : Building target web
INFO    : XSL conversion of /workspaces/activediscreteTEST0312826/Doree-main/source/main.ptx by /home/codespace/.ptx/2.43.2/core/xsl/utilities/pretext-enhanced-source.xsl
INFO    : successful application of /home/codespace/.ptx/2.43.2/core/xsl/utilities/pretext-enhanced-source.xsl
WARNING : Schema validation could not be completed: no validator was available (jing is not installed and lxml could not compile the schema). Continuing with build.
INFO    : Generating any needed assets.
WARNING : Now generating latex images
INFO    : converting latex-image pictures from /workspaces/activediscreteTEST0312826/Doree-main/source/main.ptx to svg graphics for placement in /workspaces/activediscreteTEST0312826/Doree-main/generated-assets/latex-image
INFO    : extracting latex-image pictures from /workspaces/activediscreteTEST0312826/Doree-main/source/main.ptx
INFO    : string parameters passed to extraction stylesheet: {'cli.version': '2.43', 'publisher': '/workspaces/activediscreteTEST0312826/Doree-main/source/publication.xml'}
INFO    : discovering source file's directory name: /workspaces/activediscreteTEST0312826/Doree-main/source
INFO    : verifying and expanding input directory: /workspaces/activediscreteTEST0312826/Doree-main/source/../generated-assets
INFO    : input directory expanded to absolute path: /workspaces/activediscreteTEST0312826/Doree-main/generated-assets
INFO    : verifying and expanding input directory: /workspaces/activediscreteTEST0312826/Doree-main/source/../assets
INFO    : input directory expanded to absolute path: /workspaces/activediscreteTEST0312826/Doree-main/assets
INFO    : discovering source file's directory name: /workspaces/activediscreteTEST0312826/Doree-main/source
INFO    : XSL conversion of /workspaces/activediscreteTEST0312826/Doree-main/source/main.ptx by /home/codespace/.ptx/2.43.2/core/xsl/extract-latex-image.xsl
INFO    : successful application of /home/codespace/.ptx/2.43.2/core/xsl/extract-latex-image.xsl
INFO    : converting fig_arith_triangle_recursion-2.tex to fig_arith_triangle_recursion-2.pdf
ERROR   : LaTeX compilation of fig_arith_triangle_recursion-2.tex failed.
Re-run, requesting "source" as the format, to analyze the image.
Likely creating the entire document as PDF will fail similarly.
The transcript of the LaTeX run follows.
WARNING : LaTeX compilation of fig_arith_triangle_recursion-2.tex failed
INFO    : converting fig_subgraphs_trees-2.tex to fig_subgraphs_trees-2.pdf
ERROR   : LaTeX compilation of fig_subgraphs_trees-2.tex failed.
Re-run, requesting "source" as the format, to analyze the image.
Likely creating the entire document as PDF will fail similarly.
The transcript of the LaTeX run follows.
WARNING : LaTeX compilation of fig_subgraphs_trees-2.tex failed
INFO    : converting fig_graphical-2.tex to fig_graphical-2.pdf
ERROR   : LaTeX compilation of fig_graphical-2.tex failed.
Re-run, requesting "source" as the format, to analyze the image.
Likely creating the entire document as PDF will fail similarly.
The transcript of the LaTeX run follows.
WARNING : LaTeX compilation of fig_graphical-2.tex failed
INFO    : converting fig_venn_3sets-2.tex to fig_venn_3sets-2.pdf
ERROR   : LaTeX compilation of fig_venn_3sets-2.tex failed.
Re-run, requesting "source" as the format, to analyze the image.
Likely creating the entire document as PDF will fail similarly.
The transcript of the LaTeX run follows.
WARNING : LaTeX compilation of fig_venn_3sets-2.tex failed
INFO    : converting fig_nonism_order7-2.tex to fig_nonism_order7-2.pdf
ERROR   : LaTeX compilation of fig_nonism_order7-2.tex failed.
Re-run, requesting "source" as the format, to analyze the image.
Likely creating the entire document as PDF will fail similarly.
The transcript of the LaTeX run follows.
WARNING : LaTeX compilation of fig_nonism_order7-2.tex failed
INFO    : converting fig_finite_fn_act-2.tex to fig_finite_fn_act-2.pdf
ERROR   : LaTeX compilation of fig_finite_fn_act-2.tex failed.
Re-run, requesting "source" as the format, to analyze the image.
Likely creating the entire document as PDF will fail similarly.
The transcript of the LaTeX run follows.
WARNING : LaTeX compilation of fig_finite_fn_act-2.tex failed
INFO    : converting fig_perfect_binary_trees-2.tex to fig_perfect_binary_trees-2.pdf
ERROR   : LaTeX compilation of fig_perfect_binary_trees-2.tex failed.
Re-run, requesting "source" as the format, to analyze the image.
Likely creating the entire document as PDF will fail similarly.
The transcript of the LaTeX run follows.
WARNING : LaTeX compilation of fig_perfect_binary_trees-2.tex failed
INFO    : converting figure_rec_trees_defn-2.tex to figure_rec_trees_defn-2.pdf
ERROR   : LaTeX compilation of figure_rec_trees_defn-2.tex failed.
Re-run, requesting "source" as the format, to analyze the image.
Likely creating the entire document as PDF will fail similarly.
The transcript of the LaTeX run follows.
WARNING : LaTeX compilation of figure_rec_trees_defn-2.tex failed
INFO    : converting fig_complete_graphs_12345-2.tex to fig_complete_graphs_12345-2.pdf
ERROR   : LaTeX compilation of fig_complete_graphs_12345-2.tex failed.
Re-run, requesting "source" as the format, to analyze the image.
Likely creating the entire document as PDF will fail similarly.
The transcript of the LaTeX run follows.
WARNING : LaTeX compilation of fig_complete_graphs_12345-2.tex failed
INFO    : converting fig_less_obv_clique-2.tex to fig_less_obv_clique-2.pdf
ERROR   : LaTeX compilation of fig_less_obv_clique-2.tex failed.
Re-run, requesting "source" as the format, to analyze the image.
Likely creating the entire document as PDF will fail similarly.
The transcript of the LaTeX run follows.
WARNING : LaTeX compilation of fig_less_obv_clique-2.tex failed
INFO    : converting fig_rec_trees_labeled-2.tex to fig_rec_trees_labeled-2.pdf
ERROR   : LaTeX compilation of fig_rec_trees_labeled-2.tex failed.
Re-run, requesting "source" as the format, to analyze the image.
Likely creating the entire document as PDF will fail similarly.
The transcript of the LaTeX run follows.
WARNING : LaTeX compilation of fig_rec_trees_labeled-2.tex failed
INFO    : converting fig_graphical_answer-2.tex to fig_graphical_answer-2.pdf
ERROR   : LaTeX compilation of fig_graphical_answer-2.tex failed.
Re-run, requesting "source" as the format, to analyze the image.
Likely creating the entire document as PDF will fail similarly.
The transcript of the LaTeX run follows.
WARNING : LaTeX compilation of fig_graphical_answer-2.tex failed
INFO    : converting fig_four_drawings_K4_minus_edge-2.tex to fig_four_drawings_K4_minus_edge-2.pdf
ERROR   : LaTeX compilation of fig_four_drawings_K4_minus_edge-2.tex failed.
Re-run, requesting "source" as the format, to analyze the image.
Likely creating the entire document as PDF will fail similarly.
The transcript of the LaTeX run follows.
WARNING : LaTeX compilation of fig_four_drawings_K4_minus_edge-2.tex failed
INFO    : converting figure_factoring120-2.tex to figure_factoring120-2.pdf
ERROR   : LaTeX compilation of figure_factoring120-2.tex failed.
Re-run, requesting "source" as the format, to analyze the image.
Likely creating the entire document as PDF will fail similarly.
The transcript of the LaTeX run follows.
WARNING : LaTeX compilation of figure_factoring120-2.tex failed
INFO    : converting fig_hockey_stick-2.tex to fig_hockey_stick-2.pdf
ERROR   : LaTeX compilation of fig_hockey_stick-2.tex failed.
Re-run, requesting "source" as the format, to analyze the image.
Likely creating the entire document as PDF will fail similarly.
The transcript of the LaTeX run follows.
WARNING : LaTeX compilation of fig_hockey_stick-2.tex failed
INFO    : converting figure_rec_trees_first_four-2.tex to figure_rec_trees_first_four-2.pdf
ERROR   : LaTeX compilation of figure_rec_trees_first_four-2.tex failed.
Re-run, requesting "source" as the format, to analyze the image.
Likely creating the entire document as PDF will fail similarly.
The transcript of the LaTeX run follows.
WARNING : LaTeX compilation of figure_rec_trees_first_four-2.tex failed
INFO    : converting fig_venn_int_union-2.tex to fig_venn_int_union-2.pdf
ERROR   : LaTeX compilation of fig_venn_int_union-2.tex failed.
Re-run, requesting "source" as the format, to analyze the image.
Likely creating the entire document as PDF will fail similarly.
The transcript of the LaTeX run follows.
WARNING : LaTeX compilation of fig_venn_int_union-2.tex failed
INFO    : converting fig_W3-2.tex to fig_W3-2.pdf
ERROR   : LaTeX compilation of fig_W3-2.tex failed.
Re-run, requesting "source" as the format, to analyze the image.
Likely creating the entire document as PDF will fail similarly.
The transcript of the LaTeX run follows.
WARNING : LaTeX compilation of fig_W3-2.tex failed
INFO    : converting fig_graph_midwest-2.tex to fig_graph_midwest-2.pdf
ERROR   : LaTeX compilation of fig_graph_midwest-2.tex failed.
Re-run, requesting "source" as the format, to analyze the image.
Likely creating the entire document as PDF will fail similarly.
The transcript of the LaTeX run follows.
WARNING : LaTeX compilation of fig_graph_midwest-2.tex failed
INFO    : converting fig_less_obv_path-2.tex to fig_less_obv_path-2.pdf
ERROR   : LaTeX compilation of fig_less_obv_path-2.tex failed.
Re-run, requesting "source" as the format, to analyze the image.
Likely creating the entire document as PDF will fail similarly.
The transcript of the LaTeX run follows.
WARNING : LaTeX compilation of fig_less_obv_path-2.tex failed
INFO    : converting fig_complicated_graph-2.tex to fig_complicated_graph-2.pdf
ERROR   : LaTeX compilation of fig_complicated_graph-2.tex failed.
Re-run, requesting "source" as the format, to analyze the image.
Likely creating the entire document as PDF will fail similarly.
The transcript of the LaTeX run follows.
WARNING : LaTeX compilation of fig_complicated_graph-2.tex failed
INFO    : converting fig_digraph_rel_infinite-2.tex to fig_digraph_rel_infinite-2.pdf
ERROR   : LaTeX compilation of fig_digraph_rel_infinite-2.tex failed.
Re-run, requesting "source" as the format, to analyze the image.
Likely creating the entire document as PDF will fail similarly.
The transcript of the LaTeX run follows.
WARNING : LaTeX compilation of fig_digraph_rel_infinite-2.tex failed
INFO    : converting fig_H4b6_standard-2.tex to fig_H4b6_standard-2.pdf
ERROR   : LaTeX compilation of fig_H4b6_standard-2.tex failed.
Re-run, requesting "source" as the format, to analyze the image.
Likely creating the entire document as PDF will fail similarly.
The transcript of the LaTeX run follows.
WARNING : LaTeX compilation of fig_H4b6_standard-2.tex failed
INFO    : converting fig_number_line_floor-2.tex to fig_number_line_floor-2.pdf
ERROR   : LaTeX compilation of fig_number_line_floor-2.tex failed.
Re-run, requesting "source" as the format, to analyze the image.
Likely creating the entire document as PDF will fail similarly.
The transcript of the LaTeX run follows.
WARNING : LaTeX compilation of fig_number_line_floor-2.tex failed
INFO    : converting fig_relation_finite_dot_diagram-2.tex to fig_relation_finite_dot_diagram-2.pdf
ERROR   : LaTeX compilation of fig_relation_finite_dot_diagram-2.tex failed.
Re-run, requesting "source" as the format, to analyze the image.
Likely creating the entire document as PDF will fail similarly.
The transcript of the LaTeX run follows.
WARNING : LaTeX compilation of fig_relation_finite_dot_diagram-2.tex failed
INFO    : converting fig_K5-2.tex to fig_K5-2.pdf
ERROR   : LaTeX compilation of fig_K5-2.tex failed.
Re-run, requesting "source" as the format, to analyze the image.
Likely creating the entire document as PDF will fail similarly.
The transcript of the LaTeX run follows.
WARNING : LaTeX compilation of fig_K5-2.tex failed
INFO    : converting fig_K6b3-2.tex to fig_K6b3-2.pdf
ERROR   : LaTeX compilation of fig_K6b3-2.tex failed.
Re-run, requesting "source" as the format, to analyze the image.
Likely creating the entire document as PDF will fail similarly.
The transcript of the LaTeX run follows.
WARNING : LaTeX compilation of fig_K6b3-2.tex failed
INFO    : converting fig_ism_trees_easy-2.tex to fig_ism_trees_easy-2.pdf
ERROR   : LaTeX compilation of fig_ism_trees_easy-2.tex failed.
Re-run, requesting "source" as the format, to analyze the image.
Likely creating the entire document as PDF will fail similarly.
The transcript of the LaTeX run follows.
WARNING : LaTeX compilation of fig_ism_trees_easy-2.tex failed
INFO    : converting fig_G1G2_labeled-2.tex to fig_G1G2_labeled-2.pdf
ERROR   : LaTeX compilation of fig_G1G2_labeled-2.tex failed.
Re-run, requesting "source" as the format, to analyze the image.
Likely creating the entire document as PDF will fail similarly.
The transcript of the LaTeX run follows.
WARNING : LaTeX compilation of fig_G1G2_labeled-2.tex failed
INFO    : converting fig_classmates_graph-2.tex to fig_classmates_graph-2.pdf
ERROR   : LaTeX compilation of fig_classmates_graph-2.tex failed.
Re-run, requesting "source" as the format, to analyze the image.
Likely creating the entire document as PDF will fail similarly.
The transcript of the LaTeX run follows.
WARNING : LaTeX compilation of fig_classmates_graph-2.tex failed
INFO    : converting fig_W4W5-2.tex to fig_W4W5-2.pdf
ERROR   : LaTeX compilation of fig_W4W5-2.tex failed.
Re-run, requesting "source" as the format, to analyze the image.
Likely creating the entire document as PDF will fail similarly.
The transcript of the LaTeX run follows.
WARNING : LaTeX compilation of fig_W4W5-2.tex failed
INFO    : converting fig_L2x5-2.tex to fig_L2x5-2.pdf
ERROR   : LaTeX compilation of fig_L2x5-2.tex failed.
Re-run, requesting "source" as the format, to analyze the image.
Likely creating the entire document as PDF will fail similarly.
The transcript of the LaTeX run follows.
WARNING : LaTeX compilation of fig_L2x5-2.tex failed
INFO    : converting fig_less_obv_subgraph-2.tex to fig_less_obv_subgraph-2.pdf
ERROR   : LaTeX compilation of fig_less_obv_subgraph-2.tex failed.
Re-run, requesting "source" as the format, to analyze the image.
Likely creating the entire document as PDF will fail similarly.
The transcript of the LaTeX run follows.
WARNING : LaTeX compilation of fig_less_obv_subgraph-2.tex failed
INFO    : converting fig_paths12345_labeled-2.tex to fig_paths12345_labeled-2.pdf
ERROR   : LaTeX compilation of fig_paths12345_labeled-2.tex failed.
Re-run, requesting "source" as the format, to analyze the image.
Likely creating the entire document as PDF will fail similarly.
The transcript of the LaTeX run follows.
WARNING : LaTeX compilation of fig_paths12345_labeled-2.tex failed
INFO    : converting fig_graph_act_deg_comp-2.tex to fig_graph_act_deg_comp-2.pdf
ERROR   : LaTeX compilation of fig_graph_act_deg_comp-2.tex failed.
Re-run, requesting "source" as the format, to analyze the image.
Likely creating the entire document as PDF will fail similarly.
The transcript of the LaTeX run follows.
WARNING : LaTeX compilation of fig_graph_act_deg_comp-2.tex failed
INFO    : converting fig_house_with_tails-2.tex to fig_house_with_tails-2.pdf
ERROR   : LaTeX compilation of fig_house_with_tails-2.tex failed.
Re-run, requesting "source" as the format, to analyze the image.
Likely creating the entire document as PDF will fail similarly.
The transcript of the LaTeX run follows.
WARNING : LaTeX compilation of fig_house_with_tails-2.tex failed
INFO    : converting fig_mod5_clock-2.tex to fig_mod5_clock-2.pdf
ERROR   : LaTeX compilation of fig_mod5_clock-2.tex failed.
Re-run, requesting "source" as the format, to analyze the image.
Likely creating the entire document as PDF will fail similarly.
The transcript of the LaTeX run follows.
WARNING : LaTeX compilation of fig_mod5_clock-2.tex failed
INFO    : converting fig_part_product_linear-2.tex to fig_part_product_linear-2.pdf
ERROR   : LaTeX compilation of fig_part_product_linear-2.tex failed.
Re-run, requesting "source" as the format, to analyze the image.
Likely creating the entire document as PDF will fail similarly.
The transcript of the LaTeX run follows.
WARNING : LaTeX compilation of fig_part_product_linear-2.tex failed
INFO    : converting fig_K33_comp-2.tex to fig_K33_comp-2.pdf
ERROR   : LaTeX compilation of fig_K33_comp-2.tex failed.
Re-run, requesting "source" as the format, to analyze the image.
Likely creating the entire document as PDF will fail similarly.
The transcript of the LaTeX run follows.
WARNING : LaTeX compilation of fig_K33_comp-2.tex failed
INFO    : converting fig_finite_is_function-2.tex to fig_finite_is_function-2.pdf
ERROR   : LaTeX compilation of fig_finite_is_function-2.tex failed.
Re-run, requesting "source" as the format, to analyze the image.
Likely creating the entire document as PDF will fail similarly.
The transcript of the LaTeX run follows.
WARNING : LaTeX compilation of fig_finite_is_function-2.tex failed
INFO    : converting fig_part_sums_linear-2.tex to fig_part_sums_linear-2.pdf
ERROR   : LaTeX compilation of fig_part_sums_linear-2.tex failed.
Re-run, requesting "source" as the format, to analyze the image.
Likely creating the entire document as PDF will fail similarly.
The transcript of the LaTeX run follows.
WARNING : LaTeX compilation of fig_part_sums_linear-2.tex failed
INFO    : converting fig_venn_complement-2.tex to fig_venn_complement-2.pdf
ERROR   : LaTeX compilation of fig_venn_complement-2.tex failed.
Re-run, requesting "source" as the format, to analyze the image.
Likely creating the entire document as PDF will fail similarly.
The transcript of the LaTeX run follows.
WARNING : LaTeX compilation of fig_venn_complement-2.tex failed
INFO    : converting fig_P4_P5-2.tex to fig_P4_P5-2.pdf
ERROR   : LaTeX compilation of fig_P4_P5-2.tex failed.
Re-run, requesting "source" as the format, to analyze the image.
Likely creating the entire document as PDF will fail similarly.
The transcript of the LaTeX run follows.
WARNING : LaTeX compilation of fig_P4_P5-2.tex failed
INFO    : converting fig_notism_Ham8-2.tex to fig_notism_Ham8-2.pdf
ERROR   : LaTeX compilation of fig_notism_Ham8-2.tex failed.
Re-run, requesting "source" as the format, to analyze the image.
Likely creating the entire document as PDF will fail similarly.
The transcript of the LaTeX run follows.
WARNING : LaTeX compilation of fig_notism_Ham8-2.tex failed
INFO    : converting fig_notism_C4-2.tex to fig_notism_C4-2.pdf
ERROR   : LaTeX compilation of fig_notism_C4-2.tex failed.
Re-run, requesting "source" as the format, to analyze the image.
Likely creating the entire document as PDF will fail similarly.
The transcript of the LaTeX run follows.
WARNING : LaTeX compilation of fig_notism_C4-2.tex failed
INFO    : converting fig_cart_prod_as_points-2.tex to fig_cart_prod_as_points-2.pdf
ERROR   : LaTeX compilation of fig_cart_prod_as_points-2.tex failed.
Re-run, requesting "source" as the format, to analyze the image.
Likely creating the entire document as PDF will fail similarly.
The transcript of the LaTeX run follows.
WARNING : LaTeX compilation of fig_cart_prod_as_points-2.tex failed
INFO    : converting fig_wheel6_3colored-2.tex to fig_wheel6_3colored-2.pdf
ERROR   : LaTeX compilation of fig_wheel6_3colored-2.tex failed.
Re-run, requesting "source" as the format, to analyze the image.
Likely creating the entire document as PDF will fail similarly.
The transcript of the LaTeX run follows.
WARNING : LaTeX compilation of fig_wheel6_3colored-2.tex failed
INFO    : converting fig_K4b4-2.tex to fig_K4b4-2.pdf
ERROR   : LaTeX compilation of fig_K4b4-2.tex failed.
Re-run, requesting "source" as the format, to analyze the image.
Likely creating the entire document as PDF will fail similarly.
The transcript of the LaTeX run follows.
WARNING : LaTeX compilation of fig_K4b4-2.tex failed
INFO    : converting fig_dot_diagram_shift_left1-2.tex to fig_dot_diagram_shift_left1-2.pdf
ERROR   : LaTeX compilation of fig_dot_diagram_shift_left1-2.tex failed.
Re-run, requesting "source" as the format, to analyze the image.
Likely creating the entire document as PDF will fail similarly.
The transcript of the LaTeX run follows.
WARNING : LaTeX compilation of fig_dot_diagram_shift_left1-2.tex failed
INFO    : converting fig_digraph_relon123456-2.tex to fig_digraph_relon123456-2.pdf
ERROR   : LaTeX compilation of fig_digraph_relon123456-2.tex failed.
Re-run, requesting "source" as the format, to analyze the image.
Likely creating the entire document as PDF will fail similarly.
The transcript of the LaTeX run follows.
WARNING : LaTeX compilation of fig_digraph_relon123456-2.tex failed
INFO    : converting fig_bridges-2.tex to fig_bridges-2.pdf
ERROR   : LaTeX compilation of fig_bridges-2.tex failed.
Re-run, requesting "source" as the format, to analyze the image.
Likely creating the entire document as PDF will fail similarly.
The transcript of the LaTeX run follows.
WARNING : LaTeX compilation of fig_bridges-2.tex failed
INFO    : converting fig_number_line_ceiling-2.tex to fig_number_line_ceiling-2.pdf
ERROR   : LaTeX compilation of fig_number_line_ceiling-2.tex failed.
Re-run, requesting "source" as the format, to analyze the image.
Likely creating the entire document as PDF will fail similarly.
The transcript of the LaTeX run follows.
WARNING : LaTeX compilation of fig_number_line_ceiling-2.tex failed
INFO    : converting fig_nonism_Ham5-2.tex to fig_nonism_Ham5-2.pdf
ERROR   : LaTeX compilation of fig_nonism_Ham5-2.tex failed.
Re-run, requesting "source" as the format, to analyze the image.
Likely creating the entire document as PDF will fail similarly.
The transcript of the LaTeX run follows.
WARNING : LaTeX compilation of fig_nonism_Ham5-2.tex failed
INFO    : converting fig_tree_bit_strings_length3-2.tex to fig_tree_bit_strings_length3-2.pdf
ERROR   : LaTeX compilation of fig_tree_bit_strings_length3-2.tex failed.
Re-run, requesting "source" as the format, to analyze the image.
Likely creating the entire document as PDF will fail similarly.
The transcript of the LaTeX run follows.
WARNING : LaTeX compilation of fig_tree_bit_strings_length3-2.tex failed
INFO    : converting fig_ladder_cross_color-2.tex to fig_ladder_cross_color-2.pdf
ERROR   : LaTeX compilation of fig_ladder_cross_color-2.tex failed.
Re-run, requesting "source" as the format, to analyze the image.
Likely creating the entire document as PDF will fail similarly.
The transcript of the LaTeX run follows.
WARNING : LaTeX compilation of fig_ladder_cross_color-2.tex failed
INFO    : converting fig_K4_standard-2.tex to fig_K4_standard-2.pdf
ERROR   : LaTeX compilation of fig_K4_standard-2.tex failed.
Re-run, requesting "source" as the format, to analyze the image.
Likely creating the entire document as PDF will fail similarly.
The transcript of the LaTeX run follows.
WARNING : LaTeX compilation of fig_K4_standard-2.tex failed
INFO    : converting fig_tree_proper_bs5-2.tex to fig_tree_proper_bs5-2.pdf
ERROR   : LaTeX compilation of fig_tree_proper_bs5-2.tex failed.
Re-run, requesting "source" as the format, to analyze the image.
Likely creating the entire document as PDF will fail similarly.
The transcript of the LaTeX run follows.
WARNING : LaTeX compilation of fig_tree_proper_bs5-2.tex failed
INFO    : converting fig_four_real_fns-2.tex to fig_four_real_fns-2.pdf
ERROR   : LaTeX compilation of fig_four_real_fns-2.tex failed.
Re-run, requesting "source" as the format, to analyze the image.
Likely creating the entire document as PDF will fail similarly.
The transcript of the LaTeX run follows.
WARNING : LaTeX compilation of fig_four_real_fns-2.tex failed
INFO    : converting fig_ism_Ham6-2.tex to fig_ism_Ham6-2.pdf
ERROR   : LaTeX compilation of fig_ism_Ham6-2.tex failed.
Re-run, requesting "source" as the format, to analyze the image.
Likely creating the entire document as PDF will fail similarly.
The transcript of the LaTeX run follows.
WARNING : LaTeX compilation of fig_ism_Ham6-2.tex failed
INFO    : converting fig_twisted_disconnected-2.tex to fig_twisted_disconnected-2.pdf
ERROR   : LaTeX compilation of fig_twisted_disconnected-2.tex failed.
Re-run, requesting "source" as the format, to analyze the image.
Likely creating the entire document as PDF will fail similarly.
The transcript of the LaTeX run follows.
WARNING : LaTeX compilation of fig_twisted_disconnected-2.tex failed
INFO    : converting fig_three_comp_answer-2.tex to fig_three_comp_answer-2.pdf
ERROR   : LaTeX compilation of fig_three_comp_answer-2.tex failed.
Re-run, requesting "source" as the format, to analyze the image.
Likely creating the entire document as PDF will fail similarly.
The transcript of the LaTeX run follows.
WARNING : LaTeX compilation of fig_three_comp_answer-2.tex failed
INFO    : converting fig_classify_order3-2.tex to fig_classify_order3-2.pdf
ERROR   : LaTeX compilation of fig_classify_order3-2.tex failed.
Re-run, requesting "source" as the format, to analyze the image.
Likely creating the entire document as PDF will fail similarly.
The transcript of the LaTeX run follows.
WARNING : LaTeX compilation of fig_classify_order3-2.tex failed
INFO    : converting fig_ism_K4_minus_edge-2.tex to fig_ism_K4_minus_edge-2.pdf
ERROR   : LaTeX compilation of fig_ism_K4_minus_edge-2.tex failed.
Re-run, requesting "source" as the format, to analyze the image.
Likely creating the entire document as PDF will fail similarly.
The transcript of the LaTeX run follows.
WARNING : LaTeX compilation of fig_ism_K4_minus_edge-2.tex failed
INFO    : converting fig_graph_from_adjmat-2.tex to fig_graph_from_adjmat-2.pdf
ERROR   : LaTeX compilation of fig_graph_from_adjmat-2.tex failed.
Re-run, requesting "source" as the format, to analyze the image.
Likely creating the entire document as PDF will fail similarly.
The transcript of the LaTeX run follows.
WARNING : LaTeX compilation of fig_graph_from_adjmat-2.tex failed
INFO    : converting fig_stars_K1b4_K1b5-2.tex to fig_stars_K1b4_K1b5-2.pdf
ERROR   : LaTeX compilation of fig_stars_K1b4_K1b5-2.tex failed.
Re-run, requesting "source" as the format, to analyze the image.
Likely creating the entire document as PDF will fail similarly.
The transcript of the LaTeX run follows.
WARNING : LaTeX compilation of fig_stars_K1b4_K1b5-2.tex failed
INFO    : converting fig_froma1_toc4-2.tex to fig_froma1_toc4-2.pdf
ERROR   : LaTeX compilation of fig_froma1_toc4-2.tex failed.
Re-run, requesting "source" as the format, to analyze the image.
Likely creating the entire document as PDF will fail similarly.
The transcript of the LaTeX run follows.
WARNING : LaTeX compilation of fig_froma1_toc4-2.tex failed
INFO    : converting fig_classmates_comp-2.tex to fig_classmates_comp-2.pdf
ERROR   : LaTeX compilation of fig_classmates_comp-2.tex failed.
Re-run, requesting "source" as the format, to analyze the image.
Likely creating the entire document as PDF will fail similarly.
The transcript of the LaTeX run follows.
WARNING : LaTeX compilation of fig_classmates_comp-2.tex failed
INFO    : converting fig_perm_sigma-2.tex to fig_perm_sigma-2.pdf
ERROR   : LaTeX compilation of fig_perm_sigma-2.tex failed.
Re-run, requesting "source" as the format, to analyze the image.
Likely creating the entire document as PDF will fail similarly.
The transcript of the LaTeX run follows.
WARNING : LaTeX compilation of fig_perm_sigma-2.tex failed
INFO    : converting fig_C4_C5-2.tex to fig_C4_C5-2.pdf
ERROR   : LaTeX compilation of fig_C4_C5-2.tex failed.
Re-run, requesting "source" as the format, to analyze the image.
Likely creating the entire document as PDF will fail similarly.
The transcript of the LaTeX run follows.
WARNING : LaTeX compilation of fig_C4_C5-2.tex failed
INFO    : converting fig_perm_id-2.tex to fig_perm_id-2.pdf
ERROR   : LaTeX compilation of fig_perm_id-2.tex failed.
Re-run, requesting "source" as the format, to analyze the image.
Likely creating the entire document as PDF will fail similarly.
The transcript of the LaTeX run follows.
WARNING : LaTeX compilation of fig_perm_id-2.tex failed
INFO    : converting fig_ism_H3b6_K3b3-2.tex to fig_ism_H3b6_K3b3-2.pdf
ERROR   : LaTeX compilation of fig_ism_H3b6_K3b3-2.tex failed.
Re-run, requesting "source" as the format, to analyze the image.
Likely creating the entire document as PDF will fail similarly.
The transcript of the LaTeX run follows.
WARNING : LaTeX compilation of fig_ism_H3b6_K3b3-2.tex failed
INFO    : converting fig_G1G2G3-2.tex to fig_G1G2G3-2.pdf
ERROR   : LaTeX compilation of fig_G1G2G3-2.tex failed.
Re-run, requesting "source" as the format, to analyze the image.
Likely creating the entire document as PDF will fail similarly.
The transcript of the LaTeX run follows.
WARNING : LaTeX compilation of fig_G1G2G3-2.tex failed
INFO    : converting fig_robots-2.tex to fig_robots-2.pdf
ERROR   : LaTeX compilation of fig_robots-2.tex failed.
Re-run, requesting "source" as the format, to analyze the image.
Likely creating the entire document as PDF will fail similarly.
The transcript of the LaTeX run follows.
WARNING : LaTeX compilation of fig_robots-2.tex failed
INFO    : converting fig_directed_graph_three_relations-2.tex to fig_directed_graph_three_relations-2.pdf
ERROR   : LaTeX compilation of fig_directed_graph_three_relations-2.tex failed.
Re-run, requesting "source" as the format, to analyze the image.
Likely creating the entire document as PDF will fail similarly.
The transcript of the LaTeX run follows.
WARNING : LaTeX compilation of fig_directed_graph_three_relations-2.tex failed
INFO    : converting fig_subset_corral-2.tex to fig_subset_corral-2.pdf
ERROR   : LaTeX compilation of fig_subset_corral-2.tex failed.
Re-run, requesting "source" as the format, to analyze the image.
Likely creating the entire document as PDF will fail similarly.
The transcript of the LaTeX run follows.
WARNING : LaTeX compilation of fig_subset_corral-2.tex failed
INFO    : converting fig_classify_order4_size2_or_size4-2.tex to fig_classify_order4_size2_or_size4-2.pdf
ERROR   : LaTeX compilation of fig_classify_order4_size2_or_size4-2.tex failed.
Re-run, requesting "source" as the format, to analyze the image.
Likely creating the entire document as PDF will fail similarly.
The transcript of the LaTeX run follows.
WARNING : LaTeX compilation of fig_classify_order4_size2_or_size4-2.tex failed
INFO    : converting fig_rel_finite_ppty-2.tex to fig_rel_finite_ppty-2.pdf
ERROR   : LaTeX compilation of fig_rel_finite_ppty-2.tex failed.
Re-run, requesting "source" as the format, to analyze the image.
Likely creating the entire document as PDF will fail similarly.
The transcript of the LaTeX run follows.
WARNING : LaTeX compilation of fig_rel_finite_ppty-2.tex failed
INFO    : converting fig_nonism_complicated_Ham8-2.tex to fig_nonism_complicated_Ham8-2.pdf
ERROR   : LaTeX compilation of fig_nonism_complicated_Ham8-2.tex failed.
Re-run, requesting "source" as the format, to analyze the image.
Likely creating the entire document as PDF will fail similarly.
The transcript of the LaTeX run follows.
WARNING : LaTeX compilation of fig_nonism_complicated_Ham8-2.tex failed
INFO    : converting fig_K2b5_standard-2.tex to fig_K2b5_standard-2.pdf
ERROR   : LaTeX compilation of fig_K2b5_standard-2.tex failed.
Re-run, requesting "source" as the format, to analyze the image.
Likely creating the entire document as PDF will fail similarly.
The transcript of the LaTeX run follows.
WARNING : LaTeX compilation of fig_K2b5_standard-2.tex failed
INFO    : converting fig_ism_notK33-2.tex to fig_ism_notK33-2.pdf
ERROR   : LaTeX compilation of fig_ism_notK33-2.tex failed.
Re-run, requesting "source" as the format, to analyze the image.
Likely creating the entire document as PDF will fail similarly.
The transcript of the LaTeX run follows.
WARNING : LaTeX compilation of fig_ism_notK33-2.tex failed
INFO    : converting fig_3comp-2.tex to fig_3comp-2.pdf
ERROR   : LaTeX compilation of fig_3comp-2.tex failed.
Re-run, requesting "source" as the format, to analyze the image.
Likely creating the entire document as PDF will fail similarly.
The transcript of the LaTeX run follows.
WARNING : LaTeX compilation of fig_3comp-2.tex failed
INFO    : converting fig_elephant_nolabel-2.tex to fig_elephant_nolabel-2.pdf
ERROR   : LaTeX compilation of fig_elephant_nolabel-2.tex failed.
Re-run, requesting "source" as the format, to analyze the image.
Likely creating the entire document as PDF will fail similarly.
The transcript of the LaTeX run follows.
WARNING : LaTeX compilation of fig_elephant_nolabel-2.tex failed
INFO    : converting fig_elephant_4colored-2.tex to fig_elephant_4colored-2.pdf
ERROR   : LaTeX compilation of fig_elephant_4colored-2.tex failed.
Re-run, requesting "source" as the format, to analyze the image.
Likely creating the entire document as PDF will fail similarly.
The transcript of the LaTeX run follows.
WARNING : LaTeX compilation of fig_elephant_4colored-2.tex failed
INFO    : converting fig_ism_Ham5-2.tex to fig_ism_Ham5-2.pdf
ERROR   : LaTeX compilation of fig_ism_Ham5-2.tex failed.
Re-run, requesting "source" as the format, to analyze the image.
Likely creating the entire document as PDF will fail similarly.
The transcript of the LaTeX run follows.
WARNING : LaTeX compilation of fig_ism_Ham5-2.tex failed
INFO    : converting fig_K6_again-2.tex to fig_K6_again-2.pdf
ERROR   : LaTeX compilation of fig_K6_again-2.tex failed.
Re-run, requesting "source" as the format, to analyze the image.
Likely creating the entire document as PDF will fail similarly.
The transcript of the LaTeX run follows.
WARNING : LaTeX compilation of fig_K6_again-2.tex failed
INFO    : converting fig_tau_of_sigma-2.tex to fig_tau_of_sigma-2.pdf
ERROR   : LaTeX compilation of fig_tau_of_sigma-2.tex failed.
Re-run, requesting "source" as the format, to analyze the image.
Likely creating the entire document as PDF will fail similarly.
The transcript of the LaTeX run follows.
WARNING : LaTeX compilation of fig_tau_of_sigma-2.tex failed
INFO    : converting fig_8cycles-2.tex to fig_8cycles-2.pdf
ERROR   : LaTeX compilation of fig_8cycles-2.tex failed.
Re-run, requesting "source" as the format, to analyze the image.
Likely creating the entire document as PDF will fail similarly.
The transcript of the LaTeX run follows.
WARNING : LaTeX compilation of fig_8cycles-2.tex failed
INFO    : converting fig_sigma_of_tau-2.tex to fig_sigma_of_tau-2.pdf
ERROR   : LaTeX compilation of fig_sigma_of_tau-2.tex failed.
Re-run, requesting "source" as the format, to analyze the image.
Likely creating the entire document as PDF will fail similarly.
The transcript of the LaTeX run follows.
WARNING : LaTeX compilation of fig_sigma_of_tau-2.tex failed
INFO    : converting fig_ism_Ham6_comp-2.tex to fig_ism_Ham6_comp-2.pdf
ERROR   : LaTeX compilation of fig_ism_Ham6_comp-2.tex failed.
Re-run, requesting "source" as the format, to analyze the image.
Likely creating the entire document as PDF will fail similarly.
The transcript of the LaTeX run follows.
WARNING : LaTeX compilation of fig_ism_Ham6_comp-2.tex failed
INFO    : converting fig_K6-2.tex to fig_K6-2.pdf
ERROR   : LaTeX compilation of fig_K6-2.tex failed.
Re-run, requesting "source" as the format, to analyze the image.
Likely creating the entire document as PDF will fail similarly.
The transcript of the LaTeX run follows.
WARNING : LaTeX compilation of fig_K6-2.tex failed
INFO    : converting fig_ism_H4b7_comp-2.tex to fig_ism_H4b7_comp-2.pdf
ERROR   : LaTeX compilation of fig_ism_H4b7_comp-2.tex failed.
Re-run, requesting "source" as the format, to analyze the image.
Likely creating the entire document as PDF will fail similarly.
The transcript of the LaTeX run follows.
WARNING : LaTeX compilation of fig_ism_H4b7_comp-2.tex failed
INFO    : converting fig_pairing_int_evens-2.tex to fig_pairing_int_evens-2.pdf
ERROR   : LaTeX compilation of fig_pairing_int_evens-2.tex failed.
Re-run, requesting "source" as the format, to analyze the image.
Likely creating the entire document as PDF will fail similarly.
The transcript of the LaTeX run follows.
WARNING : LaTeX compilation of fig_pairing_int_evens-2.tex failed
INFO    : converting fig_function_finite-2.tex to fig_function_finite-2.pdf
ERROR   : LaTeX compilation of fig_function_finite-2.tex failed.
Re-run, requesting "source" as the format, to analyze the image.
Likely creating the entire document as PDF will fail similarly.
The transcript of the LaTeX run follows.
WARNING : LaTeX compilation of fig_function_finite-2.tex failed
INFO    : converting fig_ism_trees-2.tex to fig_ism_trees-2.pdf
ERROR   : LaTeX compilation of fig_ism_trees-2.tex failed.
Re-run, requesting "source" as the format, to analyze the image.
Likely creating the entire document as PDF will fail similarly.
The transcript of the LaTeX run follows.
WARNING : LaTeX compilation of fig_ism_trees-2.tex failed
INFO    : converting fig_nonism_graphs_act-2.tex to fig_nonism_graphs_act-2.pdf
ERROR   : LaTeX compilation of fig_nonism_graphs_act-2.tex failed.
Re-run, requesting "source" as the format, to analyze the image.
Likely creating the entire document as PDF will fail similarly.
The transcript of the LaTeX run follows.
WARNING : LaTeX compilation of fig_nonism_graphs_act-2.tex failed
INFO    : converting fig_notism_Ham8_bipartite-2.tex to fig_notism_Ham8_bipartite-2.pdf
ERROR   : LaTeX compilation of fig_notism_Ham8_bipartite-2.tex failed.
Re-run, requesting "source" as the format, to analyze the image.
Likely creating the entire document as PDF will fail similarly.
The transcript of the LaTeX run follows.
WARNING : LaTeX compilation of fig_notism_Ham8_bipartite-2.tex failed
INFO    : converting fig_subgraph_order6-2.tex to fig_subgraph_order6-2.pdf
ERROR   : LaTeX compilation of fig_subgraph_order6-2.tex failed.
Re-run, requesting "source" as the format, to analyze the image.
Likely creating the entire document as PDF will fail similarly.
The transcript of the LaTeX run follows.
WARNING : LaTeX compilation of fig_subgraph_order6-2.tex failed
INFO    : converting fig_C5_3colored-2.tex to fig_C5_3colored-2.pdf
ERROR   : LaTeX compilation of fig_C5_3colored-2.tex failed.
Re-run, requesting "source" as the format, to analyze the image.
Likely creating the entire document as PDF will fail similarly.
The transcript of the LaTeX run follows.
WARNING : LaTeX compilation of fig_C5_3colored-2.tex failed
INFO    : converting fig_answer_exer_domain_codomain_finite-2.tex to fig_answer_exer_domain_codomain_finite-2.pdf
ERROR   : LaTeX compilation of fig_answer_exer_domain_codomain_finite-2.tex failed.
Re-run, requesting "source" as the format, to analyze the image.
Likely creating the entire document as PDF will fail similarly.
The transcript of the LaTeX run follows.
WARNING : LaTeX compilation of fig_answer_exer_domain_codomain_finite-2.tex failed
INFO    : converting fig_tree_defn-2.tex to fig_tree_defn-2.pdf
ERROR   : LaTeX compilation of fig_tree_defn-2.tex failed.
Re-run, requesting "source" as the format, to analyze the image.
Likely creating the entire document as PDF will fail similarly.
The transcript of the LaTeX run follows.
WARNING : LaTeX compilation of fig_tree_defn-2.tex failed
INFO    : converting fig_regular8_answer-2.tex to fig_regular8_answer-2.pdf
ERROR   : LaTeX compilation of fig_regular8_answer-2.tex failed.
Re-run, requesting "source" as the format, to analyze the image.
Likely creating the entire document as PDF will fail similarly.
The transcript of the LaTeX run follows.
WARNING : LaTeX compilation of fig_regular8_answer-2.tex failed
INFO    : converting fig_answer_exer_domain_codomain_finite2-2.tex to fig_answer_exer_domain_codomain_finite2-2.pdf
ERROR   : LaTeX compilation of fig_answer_exer_domain_codomain_finite2-2.tex failed.
Re-run, requesting "source" as the format, to analyze the image.
Likely creating the entire document as PDF will fail similarly.
The transcript of the LaTeX run follows.
WARNING : LaTeX compilation of fig_answer_exer_domain_codomain_finite2-2.tex failed
INFO    : converting fig_bridges_graph-2.tex to fig_bridges_graph-2.pdf
ERROR   : LaTeX compilation of fig_bridges_graph-2.tex failed.
Re-run, requesting "source" as the format, to analyze the image.
Likely creating the entire document as PDF will fail similarly.
The transcript of the LaTeX run follows.
WARNING : LaTeX compilation of fig_bridges_graph-2.tex failed
INFO    : converting fig_act_deg_seq-2.tex to fig_act_deg_seq-2.pdf
ERROR   : LaTeX compilation of fig_act_deg_seq-2.tex failed.
Re-run, requesting "source" as the format, to analyze the image.
Likely creating the entire document as PDF will fail similarly.
The transcript of the LaTeX run follows.
WARNING : LaTeX compilation of fig_act_deg_seq-2.tex failed
INFO    : converting fig_nonism_H3b6-2.tex to fig_nonism_H3b6-2.pdf
ERROR   : LaTeX compilation of fig_nonism_H3b6-2.tex failed.
Re-run, requesting "source" as the format, to analyze the image.
Likely creating the entire document as PDF will fail similarly.
The transcript of the LaTeX run follows.
WARNING : LaTeX compilation of fig_nonism_H3b6-2.tex failed
INFO    : converting fig_shift_1right_not_pair_naturals-2.tex to fig_shift_1right_not_pair_naturals-2.pdf
ERROR   : LaTeX compilation of fig_shift_1right_not_pair_naturals-2.tex failed.
Re-run, requesting "source" as the format, to analyze the image.
Likely creating the entire document as PDF will fail similarly.
The transcript of the LaTeX run follows.
WARNING : LaTeX compilation of fig_shift_1right_not_pair_naturals-2.tex failed
INFO    : converting fig_perms_sigma_inv-2.tex to fig_perms_sigma_inv-2.pdf
ERROR   : LaTeX compilation of fig_perms_sigma_inv-2.tex failed.
Re-run, requesting "source" as the format, to analyze the image.
Likely creating the entire document as PDF will fail similarly.
The transcript of the LaTeX run follows.
WARNING : LaTeX compilation of fig_perms_sigma_inv-2.tex failed
INFO    : converting fig_ism_trees_easy_answer-2.tex to fig_ism_trees_easy_answer-2.pdf
ERROR   : LaTeX compilation of fig_ism_trees_easy_answer-2.tex failed.
Re-run, requesting "source" as the format, to analyze the image.
Likely creating the entire document as PDF will fail similarly.
The transcript of the LaTeX run follows.
WARNING : LaTeX compilation of fig_ism_trees_easy_answer-2.tex failed
INFO    : converting fig_graph_and_comp-2.tex to fig_graph_and_comp-2.pdf
ERROR   : LaTeX compilation of fig_graph_and_comp-2.tex failed.
Re-run, requesting "source" as the format, to analyze the image.
Likely creating the entire document as PDF will fail similarly.
The transcript of the LaTeX run follows.
WARNING : LaTeX compilation of fig_graph_and_comp-2.tex failed
INFO    : converting fig_sigma_sq-2.tex to fig_sigma_sq-2.pdf
ERROR   : LaTeX compilation of fig_sigma_sq-2.tex failed.
Re-run, requesting "source" as the format, to analyze the image.
Likely creating the entire document as PDF will fail similarly.
The transcript of the LaTeX run follows.
WARNING : LaTeX compilation of fig_sigma_sq-2.tex failed
INFO    : converting fig_schedule_alumni-2.tex to fig_schedule_alumni-2.pdf
ERROR   : LaTeX compilation of fig_schedule_alumni-2.tex failed.
Re-run, requesting "source" as the format, to analyze the image.
Likely creating the entire document as PDF will fail similarly.
The transcript of the LaTeX run follows.
WARNING : LaTeX compilation of fig_schedule_alumni-2.tex failed
INFO    : converting fig_schedule_alumni_colors-2.tex to fig_schedule_alumni_colors-2.pdf
ERROR   : LaTeX compilation of fig_schedule_alumni_colors-2.tex failed.
Re-run, requesting "source" as the format, to analyze the image.
Likely creating the entire document as PDF will fail similarly.
The transcript of the LaTeX run follows.
WARNING : LaTeX compilation of fig_schedule_alumni_colors-2.tex failed
INFO    : converting fig_TandV-2.tex to fig_TandV-2.pdf
ERROR   : LaTeX compilation of fig_TandV-2.tex failed.
Re-run, requesting "source" as the format, to analyze the image.
Likely creating the entire document as PDF will fail similarly.
The transcript of the LaTeX run follows.
WARNING : LaTeX compilation of fig_TandV-2.tex failed
INFO    : converting fig_ism_H4b7-2.tex to fig_ism_H4b7-2.pdf
ERROR   : LaTeX compilation of fig_ism_H4b7-2.tex failed.
Re-run, requesting "source" as the format, to analyze the image.
Likely creating the entire document as PDF will fail similarly.
The transcript of the LaTeX run follows.
WARNING : LaTeX compilation of fig_ism_H4b7-2.tex failed
INFO    : converting fig_state_graph_5coins-2.tex to fig_state_graph_5coins-2.pdf
ERROR   : LaTeX compilation of fig_state_graph_5coins-2.tex failed.
Re-run, requesting "source" as the format, to analyze the image.
Likely creating the entire document as PDF will fail similarly.
The transcript of the LaTeX run follows.
WARNING : LaTeX compilation of fig_state_graph_5coins-2.tex failed
INFO    : converting fig_C8_plus_edges-2.tex to fig_C8_plus_edges-2.pdf
ERROR   : LaTeX compilation of fig_C8_plus_edges-2.tex failed.
Re-run, requesting "source" as the format, to analyze the image.
Likely creating the entire document as PDF will fail similarly.
The transcript of the LaTeX run follows.
WARNING : LaTeX compilation of fig_C8_plus_edges-2.tex failed
INFO    : converting fig_reln_01_quick-2.tex to fig_reln_01_quick-2.pdf
ERROR   : LaTeX compilation of fig_reln_01_quick-2.tex failed.
Re-run, requesting "source" as the format, to analyze the image.
Likely creating the entire document as PDF will fail similarly.
The transcript of the LaTeX run follows.
WARNING : LaTeX compilation of fig_reln_01_quick-2.tex failed
INFO    : converting fig_part_products_constant-2.tex to fig_part_products_constant-2.pdf
ERROR   : LaTeX compilation of fig_part_products_constant-2.tex failed.
Re-run, requesting "source" as the format, to analyze the image.
Likely creating the entire document as PDF will fail similarly.
The transcript of the LaTeX run follows.
WARNING : LaTeX compilation of fig_part_products_constant-2.tex failed
INFO    : converting fig_part_sums_fib-2.tex to fig_part_sums_fib-2.pdf
ERROR   : LaTeX compilation of fig_part_sums_fib-2.tex failed.
Re-run, requesting "source" as the format, to analyze the image.
Likely creating the entire document as PDF will fail similarly.
The transcript of the LaTeX run follows.
WARNING : LaTeX compilation of fig_part_sums_fib-2.tex failed
INFO    : converting fig_two_deg3-2.tex to fig_two_deg3-2.pdf
ERROR   : LaTeX compilation of fig_two_deg3-2.tex failed.
Re-run, requesting "source" as the format, to analyze the image.
Likely creating the entire document as PDF will fail similarly.
The transcript of the LaTeX run follows.
WARNING : LaTeX compilation of fig_two_deg3-2.tex failed
INFO    : converting fig_tree_2strings-2.tex to fig_tree_2strings-2.pdf
ERROR   : LaTeX compilation of fig_tree_2strings-2.tex failed.
Re-run, requesting "source" as the format, to analyze the image.
Likely creating the entire document as PDF will fail similarly.
The transcript of the LaTeX run follows.
WARNING : LaTeX compilation of fig_tree_2strings-2.tex failed
INFO    : converting fig_subset_corral_again-2.tex to fig_subset_corral_again-2.pdf
ERROR   : LaTeX compilation of fig_subset_corral_again-2.tex failed.
Re-run, requesting "source" as the format, to analyze the image.
Likely creating the entire document as PDF will fail similarly.
The transcript of the LaTeX run follows.
WARNING : LaTeX compilation of fig_subset_corral_again-2.tex failed
INFO    : converting fig_tree_for_fn_exer-2.tex to fig_tree_for_fn_exer-2.pdf
ERROR   : LaTeX compilation of fig_tree_for_fn_exer-2.tex failed.
Re-run, requesting "source" as the format, to analyze the image.
Likely creating the entire document as PDF will fail similarly.
The transcript of the LaTeX run follows.
WARNING : LaTeX compilation of fig_tree_for_fn_exer-2.tex failed
INFO    : converting fig_classify_order4_size3-2.tex to fig_classify_order4_size3-2.pdf
ERROR   : LaTeX compilation of fig_classify_order4_size3-2.tex failed.
Re-run, requesting "source" as the format, to analyze the image.
Likely creating the entire document as PDF will fail similarly.
The transcript of the LaTeX run follows.
WARNING : LaTeX compilation of fig_classify_order4_size3-2.tex failed
INFO    : converting fig_nonism_trees_act-2.tex to fig_nonism_trees_act-2.pdf
ERROR   : LaTeX compilation of fig_nonism_trees_act-2.tex failed.
Re-run, requesting "source" as the format, to analyze the image.
Likely creating the entire document as PDF will fail similarly.
The transcript of the LaTeX run follows.
WARNING : LaTeX compilation of fig_nonism_trees_act-2.tex failed
INFO    : converting fig_all_odd_degree-2.tex to fig_all_odd_degree-2.pdf
ERROR   : LaTeX compilation of fig_all_odd_degree-2.tex failed.
Re-run, requesting "source" as the format, to analyze the image.
Likely creating the entire document as PDF will fail similarly.
The transcript of the LaTeX run follows.
WARNING : LaTeX compilation of fig_all_odd_degree-2.tex failed
INFO    : converting fig_equiv_rel_12345-2.tex to fig_equiv_rel_12345-2.pdf
ERROR   : LaTeX compilation of fig_equiv_rel_12345-2.tex failed.
Re-run, requesting "source" as the format, to analyze the image.
Likely creating the entire document as PDF will fail similarly.
The transcript of the LaTeX run follows.
WARNING : LaTeX compilation of fig_equiv_rel_12345-2.tex failed
INFO    : converting figure_path_graphs_recursive-2.tex to figure_path_graphs_recursive-2.pdf
ERROR   : LaTeX compilation of figure_path_graphs_recursive-2.tex failed.
Re-run, requesting "source" as the format, to analyze the image.
Likely creating the entire document as PDF will fail similarly.
The transcript of the LaTeX run follows.
WARNING : LaTeX compilation of figure_path_graphs_recursive-2.tex failed
INFO    : converting fig_elephant-2.tex to fig_elephant-2.pdf
ERROR   : LaTeX compilation of fig_elephant-2.tex failed.
Re-run, requesting "source" as the format, to analyze the image.
Likely creating the entire document as PDF will fail similarly.
The transcript of the LaTeX run follows.
WARNING : LaTeX compilation of fig_elephant-2.tex failed
INFO    : converting fig_not_pairing_floorofhalf-2.tex to fig_not_pairing_floorofhalf-2.pdf
ERROR   : LaTeX compilation of fig_not_pairing_floorofhalf-2.tex failed.
Re-run, requesting "source" as the format, to analyze the image.
Likely creating the entire document as PDF will fail similarly.
The transcript of the LaTeX run follows.
WARNING : LaTeX compilation of fig_not_pairing_floorofhalf-2.tex failed
INFO    : converting fig_ism_Ham6_comp_labeled-2.tex to fig_ism_Ham6_comp_labeled-2.pdf
ERROR   : LaTeX compilation of fig_ism_Ham6_comp_labeled-2.tex failed.
Re-run, requesting "source" as the format, to analyze the image.
Likely creating the entire document as PDF will fail similarly.
The transcript of the LaTeX run follows.
WARNING : LaTeX compilation of fig_ism_Ham6_comp_labeled-2.tex failed
INFO    : converting fig_venn_specific-2.tex to fig_venn_specific-2.pdf
ERROR   : LaTeX compilation of fig_venn_specific-2.tex failed.
Re-run, requesting "source" as the format, to analyze the image.
Likely creating the entire document as PDF will fail similarly.
The transcript of the LaTeX run follows.
WARNING : LaTeX compilation of fig_venn_specific-2.tex failed
INFO    : converting fig_act_ism_comp-2.tex to fig_act_ism_comp-2.pdf
ERROR   : LaTeX compilation of fig_act_ism_comp-2.tex failed.
Re-run, requesting "source" as the format, to analyze the image.
Likely creating the entire document as PDF will fail similarly.
The transcript of the LaTeX run follows.
WARNING : LaTeX compilation of fig_act_ism_comp-2.tex failed
INFO    : converting fig_wheel5_4colored-2.tex to fig_wheel5_4colored-2.pdf
ERROR   : LaTeX compilation of fig_wheel5_4colored-2.tex failed.
Re-run, requesting "source" as the format, to analyze the image.
Likely creating the entire document as PDF will fail similarly.
The transcript of the LaTeX run follows.
WARNING : LaTeX compilation of fig_wheel5_4colored-2.tex failed
INFO    : converting fig_nonism_order6-2.tex to fig_nonism_order6-2.pdf
ERROR   : LaTeX compilation of fig_nonism_order6-2.tex failed.
Re-run, requesting "source" as the format, to analyze the image.
Likely creating the entire document as PDF will fail similarly.
The transcript of the LaTeX run follows.
WARNING : LaTeX compilation of fig_nonism_order6-2.tex failed
INFO    : converting fig_tree_2strings_shorthand-2.tex to fig_tree_2strings_shorthand-2.pdf
ERROR   : LaTeX compilation of fig_tree_2strings_shorthand-2.tex failed.
Re-run, requesting "source" as the format, to analyze the image.
Likely creating the entire document as PDF will fail similarly.
The transcript of the LaTeX run follows.
WARNING : LaTeX compilation of fig_tree_2strings_shorthand-2.tex failed
INFO    : converting fig_graph_setbuilder-2.tex to fig_graph_setbuilder-2.pdf
ERROR   : LaTeX compilation of fig_graph_setbuilder-2.tex failed.
Re-run, requesting "source" as the format, to analyze the image.
Likely creating the entire document as PDF will fail similarly.
The transcript of the LaTeX run follows.
WARNING : LaTeX compilation of fig_graph_setbuilder-2.tex failed
INFO    : converting fig_tree_proper_bs3-2.tex to fig_tree_proper_bs3-2.pdf
ERROR   : LaTeX compilation of fig_tree_proper_bs3-2.tex failed.
Re-run, requesting "source" as the format, to analyze the image.
Likely creating the entire document as PDF will fail similarly.
The transcript of the LaTeX run follows.
WARNING : LaTeX compilation of fig_tree_proper_bs3-2.tex failed
INFO    : converting fig_twisted_cycle-2.tex to fig_twisted_cycle-2.pdf
ERROR   : LaTeX compilation of fig_twisted_cycle-2.tex failed.
Re-run, requesting "source" as the format, to analyze the image.
Likely creating the entire document as PDF will fail similarly.
The transcript of the LaTeX run follows.
WARNING : LaTeX compilation of fig_twisted_cycle-2.tex failed
INFO    : converting fig_nonid_pair_naturals-2.tex to fig_nonid_pair_naturals-2.pdf
ERROR   : LaTeX compilation of fig_nonid_pair_naturals-2.tex failed.
Re-run, requesting "source" as the format, to analyze the image.
Likely creating the entire document as PDF will fail similarly.
The transcript of the LaTeX run follows.
WARNING : LaTeX compilation of fig_nonid_pair_naturals-2.tex failed
INFO    : converting fig_part_sums_constant-2.tex to fig_part_sums_constant-2.pdf
ERROR   : LaTeX compilation of fig_part_sums_constant-2.tex failed.
Re-run, requesting "source" as the format, to analyze the image.
Likely creating the entire document as PDF will fail similarly.
The transcript of the LaTeX run follows.
WARNING : LaTeX compilation of fig_part_sums_constant-2.tex failed
INFO    : converting fig_tree_bit_strings_length4_weight2-2.tex to fig_tree_bit_strings_length4_weight2-2.pdf
ERROR   : LaTeX compilation of fig_tree_bit_strings_length4_weight2-2.tex failed.
Re-run, requesting "source" as the format, to analyze the image.
Likely creating the entire document as PDF will fail similarly.
The transcript of the LaTeX run follows.
WARNING : LaTeX compilation of fig_tree_bit_strings_length4_weight2-2.tex failed
INFO    : converting fig_ism_petersen-2.tex to fig_ism_petersen-2.pdf
ERROR   : LaTeX compilation of fig_ism_petersen-2.tex failed.
Re-run, requesting "source" as the format, to analyze the image.
Likely creating the entire document as PDF will fail similarly.
The transcript of the LaTeX run follows.
WARNING : LaTeX compilation of fig_ism_petersen-2.tex failed
INFO    : converting fig_venn_diff-2.tex to fig_venn_diff-2.pdf
ERROR   : LaTeX compilation of fig_venn_diff-2.tex failed.
Re-run, requesting "source" as the format, to analyze the image.
Likely creating the entire document as PDF will fail similarly.
The transcript of the LaTeX run follows.
WARNING : LaTeX compilation of fig_venn_diff-2.tex failed
INFO    : converting fig_word_graph_first-2.tex to fig_word_graph_first-2.pdf
ERROR   : LaTeX compilation of fig_word_graph_first-2.tex failed.
Re-run, requesting "source" as the format, to analyze the image.
Likely creating the entire document as PDF will fail similarly.
The transcript of the LaTeX run follows.
WARNING : LaTeX compilation of fig_word_graph_first-2.tex failed
INFO    : converting fig_sq_dom5-2.tex to fig_sq_dom5-2.pdf
ERROR   : LaTeX compilation of fig_sq_dom5-2.tex failed.
Re-run, requesting "source" as the format, to analyze the image.
Likely creating the entire document as PDF will fail similarly.
The transcript of the LaTeX run follows.
WARNING : LaTeX compilation of fig_sq_dom5-2.tex failed
INFO    : converting fig_4reg-2.tex to fig_4reg-2.pdf
ERROR   : LaTeX compilation of fig_4reg-2.tex failed.
Re-run, requesting "source" as the format, to analyze the image.
Likely creating the entire document as PDF will fail similarly.
The transcript of the LaTeX run follows.
WARNING : LaTeX compilation of fig_4reg-2.tex failed
INFO    : converting fig_graph_busy-2.tex to fig_graph_busy-2.pdf
ERROR   : LaTeX compilation of fig_graph_busy-2.tex failed.
Re-run, requesting "source" as the format, to analyze the image.
Likely creating the entire document as PDF will fail similarly.
The transcript of the LaTeX run follows.
WARNING : LaTeX compilation of fig_graph_busy-2.tex failed
INFO    : converting fig_suspended_cycles-2.tex to fig_suspended_cycles-2.pdf
ERROR   : LaTeX compilation of fig_suspended_cycles-2.tex failed.
Re-run, requesting "source" as the format, to analyze the image.
Likely creating the entire document as PDF will fail similarly.
The transcript of the LaTeX run follows.
WARNING : LaTeX compilation of fig_suspended_cycles-2.tex failed
INFO    : converting fig_venn_3sets_specific-2.tex to fig_venn_3sets_specific-2.pdf
ERROR   : LaTeX compilation of fig_venn_3sets_specific-2.tex failed.
Re-run, requesting "source" as the format, to analyze the image.
Likely creating the entire document as PDF will fail similarly.
The transcript of the LaTeX run follows.
WARNING : LaTeX compilation of fig_venn_3sets_specific-2.tex failed
INFO    : converting fig_part_sums_geometric-2.tex to fig_part_sums_geometric-2.pdf
ERROR   : LaTeX compilation of fig_part_sums_geometric-2.tex failed.
Re-run, requesting "source" as the format, to analyze the image.
Likely creating the entire document as PDF will fail similarly.
The transcript of the LaTeX run follows.
WARNING : LaTeX compilation of fig_part_sums_geometric-2.tex failed
INFO    : converting fig_tau_sq-2.tex to fig_tau_sq-2.pdf
ERROR   : LaTeX compilation of fig_tau_sq-2.tex failed.
Re-run, requesting "source" as the format, to analyze the image.
Likely creating the entire document as PDF will fail similarly.
The transcript of the LaTeX run follows.
WARNING : LaTeX compilation of fig_tau_sq-2.tex failed
INFO    : converting fig_failed_labeling-2.tex to fig_failed_labeling-2.pdf
ERROR   : LaTeX compilation of fig_failed_labeling-2.tex failed.
Re-run, requesting "source" as the format, to analyze the image.
Likely creating the entire document as PDF will fail similarly.
The transcript of the LaTeX run follows.
WARNING : LaTeX compilation of fig_failed_labeling-2.tex failed
INFO    : converting fig_L2x4-2.tex to fig_L2x4-2.pdf
ERROR   : LaTeX compilation of fig_L2x4-2.tex failed.
Re-run, requesting "source" as the format, to analyze the image.
Likely creating the entire document as PDF will fail similarly.
The transcript of the LaTeX run follows.
WARNING : LaTeX compilation of fig_L2x4-2.tex failed
INFO    : converting fig_password8_spaces-2.tex to fig_password8_spaces-2.pdf
ERROR   : LaTeX compilation of fig_password8_spaces-2.tex failed.
Re-run, requesting "source" as the format, to analyze the image.
Likely creating the entire document as PDF will fail similarly.
The transcript of the LaTeX run follows.
WARNING : LaTeX compilation of fig_password8_spaces-2.tex failed
INFO    : converting fig_Harary4b8-2.tex to fig_Harary4b8-2.pdf
ERROR   : LaTeX compilation of fig_Harary4b8-2.tex failed.
Re-run, requesting "source" as the format, to analyze the image.
Likely creating the entire document as PDF will fail similarly.
The transcript of the LaTeX run follows.
WARNING : LaTeX compilation of fig_Harary4b8-2.tex failed
INFO    : converting fig_tau1_sigma1_perms-2.tex to fig_tau1_sigma1_perms-2.pdf
ERROR   : LaTeX compilation of fig_tau1_sigma1_perms-2.tex failed.
Re-run, requesting "source" as the format, to analyze the image.
Likely creating the entire document as PDF will fail similarly.
The transcript of the LaTeX run follows.
WARNING : LaTeX compilation of fig_tau1_sigma1_perms-2.tex failed
INFO    : converting fig_mod12_clock-2.tex to fig_mod12_clock-2.pdf
ERROR   : LaTeX compilation of fig_mod12_clock-2.tex failed.
Re-run, requesting "source" as the format, to analyze the image.
Likely creating the entire document as PDF will fail similarly.
The transcript of the LaTeX run follows.
WARNING : LaTeX compilation of fig_mod12_clock-2.tex failed
INFO    : converting fig_less_obv_cycle-2.tex to fig_less_obv_cycle-2.pdf
ERROR   : LaTeX compilation of fig_less_obv_cycle-2.tex failed.
Re-run, requesting "source" as the format, to analyze the image.
Likely creating the entire document as PDF will fail similarly.
The transcript of the LaTeX run follows.
WARNING : LaTeX compilation of fig_less_obv_cycle-2.tex failed
INFO    : converting fig_my_first_adj_matrix-2.tex to fig_my_first_adj_matrix-2.pdf
ERROR   : LaTeX compilation of fig_my_first_adj_matrix-2.tex failed.
Re-run, requesting "source" as the format, to analyze the image.
Likely creating the entire document as PDF will fail similarly.
The transcript of the LaTeX run follows.
WARNING : LaTeX compilation of fig_my_first_adj_matrix-2.tex failed
INFO    : converting fig_finite_not_function-2.tex to fig_finite_not_function-2.pdf
ERROR   : LaTeX compilation of fig_finite_not_function-2.tex failed.
Re-run, requesting "source" as the format, to analyze the image.
Likely creating the entire document as PDF will fail similarly.
The transcript of the LaTeX run follows.
WARNING : LaTeX compilation of fig_finite_not_function-2.tex failed
INFO    : converting fig_finite_functions-2.tex to fig_finite_functions-2.pdf
ERROR   : LaTeX compilation of fig_finite_functions-2.tex failed.
Re-run, requesting "source" as the format, to analyze the image.
Likely creating the entire document as PDF will fail similarly.
The transcript of the LaTeX run follows.
WARNING : LaTeX compilation of fig_finite_functions-2.tex failed
INFO    : converting fig_shortcuts_barbells-2.tex to fig_shortcuts_barbells-2.pdf
ERROR   : LaTeX compilation of fig_shortcuts_barbells-2.tex failed.
Re-run, requesting "source" as the format, to analyze the image.
Likely creating the entire document as PDF will fail similarly.
The transcript of the LaTeX run follows.
WARNING : LaTeX compilation of fig_shortcuts_barbells-2.tex failed
INFO    : converting fig_grid_3x4-2.tex to fig_grid_3x4-2.pdf
ERROR   : LaTeX compilation of fig_grid_3x4-2.tex failed.
Re-run, requesting "source" as the format, to analyze the image.
Likely creating the entire document as PDF will fail similarly.
The transcript of the LaTeX run follows.
WARNING : LaTeX compilation of fig_grid_3x4-2.tex failed
INFO    : converting fig_elephant_quants-2.tex to fig_elephant_quants-2.pdf
ERROR   : LaTeX compilation of fig_elephant_quants-2.tex failed.
Re-run, requesting "source" as the format, to analyze the image.
Likely creating the entire document as PDF will fail similarly.
The transcript of the LaTeX run follows.
WARNING : LaTeX compilation of fig_elephant_quants-2.tex failed
INFO    : converting fig_chessboard_hms-2.tex to fig_chessboard_hms-2.pdf
ERROR   : LaTeX compilation of fig_chessboard_hms-2.tex failed.
Re-run, requesting "source" as the format, to analyze the image.
Likely creating the entire document as PDF will fail similarly.
The transcript of the LaTeX run follows.
WARNING : LaTeX compilation of fig_chessboard_hms-2.tex failed
INFO    : converting fig_nonism_order5-2.tex to fig_nonism_order5-2.pdf
ERROR   : LaTeX compilation of fig_nonism_order5-2.tex failed.
Re-run, requesting "source" as the format, to analyze the image.
Likely creating the entire document as PDF will fail similarly.
The transcript of the LaTeX run follows.
WARNING : LaTeX compilation of fig_nonism_order5-2.tex failed
ERROR   : Unable to generate some latex-image assets:
 LaTeX compilation failed for 167 "latex-image"(s).
Review the log for error messages, and LaTeX transcripts.
Images are:
  fig_arith_triangle_recursion-2.tex
  fig_subgraphs_trees-2.tex
  fig_graphical-2.tex
  fig_venn_3sets-2.tex
  fig_nonism_order7-2.tex
  fig_finite_fn_act-2.tex
  fig_perfect_binary_trees-2.tex
  figure_rec_trees_defn-2.tex
  fig_complete_graphs_12345-2.tex
  fig_less_obv_clique-2.tex
  fig_rec_trees_labeled-2.tex
  fig_graphical_answer-2.tex
  fig_four_drawings_K4_minus_edge-2.tex
  figure_factoring120-2.tex
  fig_hockey_stick-2.tex
  figure_rec_trees_first_four-2.tex
  fig_venn_int_union-2.tex
  fig_W3-2.tex
  fig_graph_midwest-2.tex
  fig_less_obv_path-2.tex
  fig_complicated_graph-2.tex
  fig_digraph_rel_infinite-2.tex
  fig_H4b6_standard-2.tex
  fig_number_line_floor-2.tex
  fig_relation_finite_dot_diagram-2.tex
  fig_K5-2.tex
  fig_K6b3-2.tex
  fig_ism_trees_easy-2.tex
  fig_G1G2_labeled-2.tex
  fig_classmates_graph-2.tex
  fig_W4W5-2.tex
  fig_L2x5-2.tex
  fig_less_obv_subgraph-2.tex
  fig_paths12345_labeled-2.tex
  fig_graph_act_deg_comp-2.tex
  fig_house_with_tails-2.tex
  fig_mod5_clock-2.tex
  fig_part_product_linear-2.tex
  fig_K33_comp-2.tex
  fig_finite_is_function-2.tex
  fig_part_sums_linear-2.tex
  fig_venn_complement-2.tex
  fig_P4_P5-2.tex
  fig_notism_Ham8-2.tex
  fig_notism_C4-2.tex
  fig_cart_prod_as_points-2.tex
  fig_wheel6_3colored-2.tex
  fig_K4b4-2.tex
  fig_dot_diagram_shift_left1-2.tex
  fig_digraph_relon123456-2.tex
  fig_bridges-2.tex
  fig_number_line_ceiling-2.tex
  fig_nonism_Ham5-2.tex
  fig_tree_bit_strings_length3-2.tex
  fig_ladder_cross_color-2.tex
  fig_K4_standard-2.tex
  fig_tree_proper_bs5-2.tex
  fig_four_real_fns-2.tex
  fig_ism_Ham6-2.tex
  fig_twisted_disconnected-2.tex
  fig_three_comp_answer-2.tex
  fig_classify_order3-2.tex
  fig_ism_K4_minus_edge-2.tex
  fig_graph_from_adjmat-2.tex
  fig_stars_K1b4_K1b5-2.tex
  fig_froma1_toc4-2.tex
  fig_classmates_comp-2.tex
  fig_perm_sigma-2.tex
  fig_C4_C5-2.tex
  fig_perm_id-2.tex
  fig_ism_H3b6_K3b3-2.tex
  fig_G1G2G3-2.tex
  fig_robots-2.tex
  fig_directed_graph_three_relations-2.tex
  fig_subset_corral-2.tex
  fig_classify_order4_size2_or_size4-2.tex
  fig_rel_finite_ppty-2.tex
  fig_nonism_complicated_Ham8-2.tex
  fig_K2b5_standard-2.tex
  fig_ism_notK33-2.tex
  fig_3comp-2.tex
  fig_elephant_nolabel-2.tex
  fig_elephant_4colored-2.tex
  fig_ism_Ham5-2.tex
  fig_K6_again-2.tex
  fig_tau_of_sigma-2.tex
  fig_8cycles-2.tex
  fig_sigma_of_tau-2.tex
  fig_ism_Ham6_comp-2.tex
  fig_K6-2.tex
  fig_ism_H4b7_comp-2.tex
  fig_pairing_int_evens-2.tex
  fig_function_finite-2.tex
  fig_ism_trees-2.tex
  fig_nonism_graphs_act-2.tex
  fig_notism_Ham8_bipartite-2.tex
  fig_subgraph_order6-2.tex
  fig_C5_3colored-2.tex
  fig_answer_exer_domain_codomain_finite-2.tex
  fig_tree_defn-2.tex
  fig_regular8_answer-2.tex
  fig_answer_exer_domain_codomain_finite2-2.tex
  fig_bridges_graph-2.tex
  fig_act_deg_seq-2.tex
  fig_nonism_H3b6-2.tex
  fig_shift_1right_not_pair_naturals-2.tex
  fig_perms_sigma_inv-2.tex
  fig_ism_trees_easy_answer-2.tex
  fig_graph_and_comp-2.tex
  fig_sigma_sq-2.tex
  fig_schedule_alumni-2.tex
  fig_schedule_alumni_colors-2.tex
  fig_TandV-2.tex
  fig_ism_H4b7-2.tex
  fig_state_graph_5coins-2.tex
  fig_C8_plus_edges-2.tex
  fig_reln_01_quick-2.tex
  fig_part_products_constant-2.tex
  fig_part_sums_fib-2.tex
  fig_two_deg3-2.tex
  fig_tree_2strings-2.tex
  fig_subset_corral_again-2.tex
  fig_tree_for_fn_exer-2.tex
  fig_classify_order4_size3-2.tex
  fig_nonism_trees_act-2.tex
  fig_all_odd_degree-2.tex
  fig_equiv_rel_12345-2.tex
  figure_path_graphs_recursive-2.tex
  fig_elephant-2.tex
  fig_not_pairing_floorofhalf-2.tex
  fig_ism_Ham6_comp_labeled-2.tex
  fig_venn_specific-2.tex
  fig_act_ism_comp-2.tex
  fig_wheel5_4colored-2.tex
  fig_nonism_order6-2.tex
  fig_tree_2strings_shorthand-2.tex
  fig_graph_setbuilder-2.tex
  fig_tree_proper_bs3-2.tex
  fig_twisted_cycle-2.tex
  fig_nonid_pair_naturals-2.tex
  fig_part_sums_constant-2.tex
  fig_tree_bit_strings_length4_weight2-2.tex
  fig_ism_petersen-2.tex
  fig_venn_diff-2.tex
  fig_word_graph_first-2.tex
  fig_sq_dom5-2.tex
  fig_4reg-2.tex
  fig_graph_busy-2.tex
  fig_suspended_cycles-2.tex
  fig_venn_3sets_specific-2.tex
  fig_part_sums_geometric-2.tex
  fig_tau_sq-2.tex
  fig_failed_labeling-2.tex
  fig_L2x4-2.tex
  fig_password8_spaces-2.tex
  fig_Harary4b8-2.tex
  fig_tau1_sigma1_perms-2.tex
  fig_mod12_clock-2.tex
  fig_less_obv_cycle-2.tex
  fig_my_first_adj_matrix-2.tex
  fig_finite_not_function-2.tex
  fig_finite_functions-2.tex
  fig_shortcuts_barbells-2.tex
  fig_grid_3x4-2.tex
  fig_elephant_quants-2.tex
  fig_chessboard_hms-2.tex
  fig_nonism_order5-2.tex
INFO    : Removing temporary directory /tmp/ptx-en6kuflz
INFO    : Finished generating assets.

INFO    : Preparing to build into /workspaces/activediscreteTEST0312826/Doree-main/source/build/web.
INFO    : discovering source file's directory name: /workspaces/activediscreteTEST0312826/Doree-main/source
INFO    : verifying and expanding input directory: /workspaces/activediscreteTEST0312826/Doree-main/source/../generated-assets
INFO    : input directory expanded to absolute path: /workspaces/activediscreteTEST0312826/Doree-main/generated-assets
INFO    : verifying and expanding input directory: /workspaces/activediscreteTEST0312826/Doree-main/source/../assets
INFO    : input directory expanded to absolute path: /workspaces/activediscreteTEST0312826/Doree-main/assets
INFO    : discovering source file's directory name: /workspaces/activediscreteTEST0312826/Doree-main/source
INFO    : XSL conversion of /workspaces/activediscreteTEST0312826/Doree-main/source/main.ptx by /home/codespace/.ptx/2.43.2/core/xsl/utilities/report-publisher-variables.xsl
INFO    : successful application of /home/codespace/.ptx/2.43.2/core/xsl/utilities/report-publisher-variables.xsl
INFO    : Downloading rs services file from https://runestone.academy/cdn/runestone/latest/webpack_static_imports.xml.
INFO    : Runestone Services via online CDN query: version 8.1.14
INFO    : Downloading Runestone Services, version 8.1.14
INFO    : Extracting Runestone Services from archive file
INFO    : Building custom css theme: theme-default-modern
INFO    : converting /workspaces/activediscreteTEST0312826/Doree-main/source/main.ptx to HTML in /tmp/ptx-fnurkuok
INFO    : XSL conversion of /workspaces/activediscreteTEST0312826/Doree-main/source/main.ptx by /home/codespace/.ptx/2.43.2/core/xsl/pretext-html.xsl
INFO    : messages from the log for XSL processing:
WARNING : * PTX:WARNING: There are apparent XML elements in locations that should be text only (1 times).
WARNING : * PTX:WARNING: There is an apparent XML element (<ndash>) inside an <c> element, which should only contain text.  Using an escaped "less than" ('&lt;') might be the solution, or using a CDATA section.
INFO    : *              located at: pretext/book/chapter/section/subsection/exercises/subexercises/exercise/statement/p/c/ndash
INFO    : *              located within: "exer_bal_ternary_strings" (xml:id), "Explore" (title)
INFO    : * PTX:INFO:   checking all deprecated elements.
WARNING : * PTX:DEPRECATE: (2024-10-08) elements previously included in a "titlepage" element inside the "frontmatter" (author, editor, credit, date, and event) should now be placed in "frontmatter/bibinfo".  To ensure a title page is created, put only the empty element "titlepage-items" inside "titlepage".  Until you move these elements, we will try to honor your intent. (1 time)
INFO    : *              located at: pretext/book/frontmatter/titlepage
INFO    : *              located within: "Active Discrete Mathematics: Patterns, Structures, and Proof" (title)
INFO    : * --------------
WARNING : * PTX:DEPRECATE: (2026-05-11) the "me" and "men" elements have been deprecated.  The replacement is an "md" with no "mrow" children, and numbering is controlled by the "@number" attribute, or a global setting in "docinfo". (840 times)
INFO    : *              located at: pretext/book/chapter/activity/p/ol/li/p/me
INFO    : *              located within: "act_handshakes" (xml:id), "Handshakes puzzle" (title)
INFO    : *              located at: pretext/book/chapter/example/solution/p/me
INFO    : *              located within: "exam_hs6" (xml:id), "Six students shake hands" (title)
INFO    : *              located at: pretext/book/chapter/example/solution/p/me
INFO    : *              located within: "exam_hs6" (xml:id), "Six students shake hands" (title)
INFO    : *              located at: pretext/book/chapter/example/solution/p/me
INFO    : *              located within: "exam_hs6" (xml:id), "Six students shake hands" (title)
INFO    : *              located at: pretext/book/chapter/p/me
INFO    : *              located within: "ch_prologue" (xml:id), "Prologue: Handshakes" (title)
INFO    : *              located at: pretext/book/chapter/section/subsection/example/statement/p/ol/li/p/solution/figure/me
INFO    : *              located within: "fig_sq_dom6_start1" (xml:id)
INFO    : *              located at: pretext/book/chapter/section/subsection/example/statement/p/ol/li/p/solution/figure/me
INFO    : *              located within: "fig_sq_dom6_start2" (xml:id)
INFO    : *              located at: pretext/book/chapter/section/subsection/example/statement/p/ol/li/p/solution/p/me
INFO    : *              located within: "exam_sq_dom8" (xml:id), "Counting squares and dominoes tilings of a 1 \times 8 board" (title)
INFO    : * --------------
WARNING : * PTX:WARNING:    An <xref> wants to build text using a number to identify the target, but the target (which has @xml:id "act_handshakes") does not have a number. You could try 'text="title"' or 'text="custom"' on the "xref".
INFO    : *              located at: pretext/book/chapter/subsection/p/xref
INFO    : *              located within: "Learning Discrete Mathematics" (title)
WARNING : * PTX:WARNING:    An <xref> wants to build text using a number to identify the target, but the target (which has @xml:id "act_handshakes") does not have a number. You could try 'text="title"' or 'text="custom"' on the "xref".
INFO    : *              located at: pretext/book/chapter/section/subsection/exercises/subexercises/exercise/statement/p/xref
INFO    : *              located within: "exer_double_count_hs" (xml:id), "Understand" (title)
WARNING : * PTX:WARNING:    An <xref> wants to build text using a number to identify the target, but the target (which has @xml:id "act_handshakes") does not have a number. You could try 'text="title"' or 'text="custom"' on the "xref".
INFO    : *              located at: pretext/book/chapter/introduction/p/xref
INFO    : *              located within: "ch_graph_theory" (xml:id), "Graph Theory" (title)
WARNING : * PTX:WARNING:    An <xref> wants to build text using a number to identify the target, but the target (which has @xml:id "act_handshakes") does not have a number. You could try 'text="title"' or 'text="custom"' on the "xref".
INFO    : *              located at: pretext/book/chapter/section/subsection/p/xref
INFO    : *              located within: "sub_degree_seq" (xml:id), "Degree Sequences" (title)
WARNING : * PTX:WARNING:    An <xref> wants to build text using a number to identify the target, but the target (which has @xml:id "exam_hs6") does not have a number. You could try 'text="title"' or 'text="custom"' on the "xref".
INFO    : *              located at: pretext/book/chapter/section/subsection/example/statement/p/ol/li/p/xref
INFO    : *              located within: "part_hs_complete" (xml:id)
WARNING : * PTX:WARNING:    An <xref> wants to build text using a number to identify the target, but the target (which has @xml:id "thm_hs") does not have a number. You could try 'text="title"' or 'text="custom"' on the "xref".
INFO    : *              located at: pretext/book/chapter/section/subsection/example/solution/p/xref
INFO    : *              located within: "exam_graph_conj_Ks" (xml:id), "Graph conjectures for the complete graphs" (title)
WARNING : * PTX:WARNING: Unstructured content within a list item is being ignored ("In this textbook we abbreviate true as")
INFO    : *              located at: pretext/book/chapter/section/subsection/definition/statement/p/ol/li
INFO    : *              located within: "defn_and_or_xor" (xml:id), "And, or, and xor" (title)
WARNING : * PTX:WARNING: Unstructured content within a list item is being ignored ("and false as")
INFO    : *              located at: pretext/book/chapter/section/subsection/definition/statement/p/ol/li
INFO    : *              located within: "defn_and_or_xor" (xml:id), "And, or, and xor" (title)
WARNING : * PTX:WARNING: Unstructured content within a list item is being ignored (". Some computer science textbooks use")
INFO    : *              located at: pretext/book/chapter/section/subsection/definition/statement/p/ol/li
INFO    : *              located within: "defn_and_or_xor" (xml:id), "And, or, and xor" (title)
WARNING : * PTX:WARNING: Unstructured content within a list item is being ignored ("for true and")
INFO    : *              located at: pretext/book/chapter/section/subsection/definition/statement/p/ol/li
INFO    : *              located within: "defn_and_or_xor" (xml:id), "And, or, and xor" (title)
WARNING : * PTX:WARNING: Unstructured content within a list item is being ignored ("for false instead.")
INFO    : *              located at: pretext/book/chapter/section/subsection/definition/statement/p/ol/li
INFO    : *              located within: "defn_and_or_xor" (xml:id), "And, or, and xor" (title)
ERROR   : * PTX:ERROR:   a cross-reference ("xref") uses references [pff_and] that do not point to any target, or perhaps point to multiple targets.  Maybe you typed an @xml:id value wrong, maybe the target of the @xml:id is nonexistent, or maybe you temporarily removed the target from your source, or maybe an auxiliary file contains a duplicate.  Your output will contain some placeholder text that you will not want to distribute to your readers.
INFO    : *              located at: pretext/book/chapter/section/subsection/p/xref
INFO    : *              located within: "sub_pff_contra" (xml:id), "Proof Format: Contradiction" (title)
ERROR   : * PTX:ERROR:   a cross-reference ("xref") uses references [pff_and] that do not point to any target, or perhaps point to multiple targets.  Maybe you typed an @xml:id value wrong, maybe the target of the @xml:id is nonexistent, or maybe you temporarily removed the target from your source, or maybe an auxiliary file contains a duplicate.  Your output will contain some placeholder text that you will not want to distribute to your readers.
INFO    : *              located at: pretext/book/chapter/section/subsection/exercises/subexercises/exercise/statement/p/xref
INFO    : *              located within: "exer_prove_odd_and_mult3" (xml:id), "Practice" (title)
ERROR   : * PTX:ERROR:   a cross-reference ("xref") uses references [pff_or_by_cases] that do not point to any target, or perhaps point to multiple targets.  Maybe you typed an @xml:id value wrong, maybe the target of the @xml:id is nonexistent, or maybe you temporarily removed the target from your source, or maybe an auxiliary file contains a duplicate.  Your output will contain some placeholder text that you will not want to distribute to your readers.
INFO    : *              located at: pretext/book/chapter/section/subsection/exercises/subexercises/exercise/statement/p/xref
INFO    : *              located within: "exer_prove_nsqplusn_mod4" (xml:id), "Practice" (title)
ERROR   : * PTX:ERROR:   a cross-reference ("xref") uses references [pff_and] that do not point to any target, or perhaps point to multiple targets.  Maybe you typed an @xml:id value wrong, maybe the target of the @xml:id is nonexistent, or maybe you temporarily removed the target from your source, or maybe an auxiliary file contains a duplicate.  Your output will contain some placeholder text that you will not want to distribute to your readers.
INFO    : *              located at: pretext/book/chapter/section/subsection/exercises/subexercises/exercise/statement/p/xref
INFO    : *              located within: "exer_prove_odd_and_mult3_general" (xml:id), "Understand" (title)
ERROR   : * PTX:ERROR:   a cross-reference ("xref") uses references [pff_or_by_cases_generalized] that do not point to any target, or perhaps point to multiple targets.  Maybe you typed an @xml:id value wrong, maybe the target of the @xml:id is nonexistent, or maybe you temporarily removed the target from your source, or maybe an auxiliary file contains a duplicate.  Your output will contain some placeholder text that you will not want to distribute to your readers.
INFO    : *              located at: pretext/book/chapter/section/subsection/exercises/subexercises/exercise/statement/p/xref
INFO    : *              located within: "exer_sq_mod5" (xml:id), "Understand" (title)
ERROR   : * PTX:ERROR:   a cross-reference ("xref") uses references [pff_contradiction] that do not point to any target, or perhaps point to multiple targets.  Maybe you typed an @xml:id value wrong, maybe the target of the @xml:id is nonexistent, or maybe you temporarily removed the target from your source, or maybe an auxiliary file contains a duplicate.  Your output will contain some placeholder text that you will not want to distribute to your readers.
INFO    : *              located at: pretext/book/chapter/section/subsection/exercises/subexercises/exercise/statement/p/xref
INFO    : *              located within: "exer_prove_not_sum_3digits_equals25" (xml:id), "Practice" (title)
ERROR   : * PTX:ERROR:   a cross-reference ("xref") uses references [pff_contradiction] that do not point to any target, or perhaps point to multiple targets.  Maybe you typed an @xml:id value wrong, maybe the target of the @xml:id is nonexistent, or maybe you temporarily removed the target from your source, or maybe an auxiliary file contains a duplicate.  Your output will contain some placeholder text that you will not want to distribute to your readers.
INFO    : *              located at: pretext/book/chapter/section/subsection/exercises/subexercises/exercise/statement/p/xref
INFO    : *              located within: "exer_contradiction_coins_in_cups" (xml:id), "Practice" (title)
ERROR   : * PTX:ERROR:   a cross-reference ("xref") uses references [pff_contradiction] that do not point to any target, or perhaps point to multiple targets.  Maybe you typed an @xml:id value wrong, maybe the target of the @xml:id is nonexistent, or maybe you temporarily removed the target from your source, or maybe an auxiliary file contains a duplicate.  Your output will contain some placeholder text that you will not want to distribute to your readers.
INFO    : *              located at: pretext/book/chapter/section/subsection/exercises/subexercises/exercise/statement/p/xref
INFO    : *              located within: "exer_contradiction_3reg_graph_order7" (xml:id), "Practice" (title)
ERROR   : * PTX:ERROR:   a cross-reference ("xref") uses references [pff_contradiction] that do not point to any target, or perhaps point to multiple targets.  Maybe you typed an @xml:id value wrong, maybe the target of the @xml:id is nonexistent, or maybe you temporarily removed the target from your source, or maybe an auxiliary file contains a duplicate.  Your output will contain some placeholder text that you will not want to distribute to your readers.
INFO    : *              located at: pretext/book/chapter/section/subsection/exercises/subexercises/exercise/statement/p/ol/li/p/xref
INFO    : *              located within: "exer_prove_bs_length5_three0s_or_three1s" (xml:id), "Understand" (title)
ERROR   : * PTX:ERROR:   a cross-reference ("xref") uses references [pff_contradiction] that do not point to any target, or perhaps point to multiple targets.  Maybe you typed an @xml:id value wrong, maybe the target of the @xml:id is nonexistent, or maybe you temporarily removed the target from your source, or maybe an auxiliary file contains a duplicate.  Your output will contain some placeholder text that you will not want to distribute to your readers.
INFO    : *              located at: pretext/book/chapter/section/subsection/exercises/subexercises/exercise/statement/p/xref
INFO    : *              located within: "exer_contradiction_coprime" (xml:id), "Understand" (title)
ERROR   : * PTX:ERROR:   a cross-reference ("xref") uses references [pff_contradiction] that do not point to any target, or perhaps point to multiple targets.  Maybe you typed an @xml:id value wrong, maybe the target of the @xml:id is nonexistent, or maybe you temporarily removed the target from your source, or maybe an auxiliary file contains a duplicate.  Your output will contain some placeholder text that you will not want to distribute to your readers.
INFO    : *              located at: pretext/book/chapter/section/subsection/exercises/subexercises/exercise/statement/p/xref
INFO    : *              located within: "exer_not_both_even_odd" (xml:id), "Explore" (title)
WARNING : * PTX:WARNING: Unstructured content within a list item is being ignored ("Check that the set of three cards shown in")
INFO    : *              located at: pretext/book/chapter/section/subsection/activity/ol/li
INFO    : *              located within: "act_set_game" (xml:id), "The game SET\texttrademark" (title)
WARNING : * PTX:WARNING: Unstructured content within a list item is being ignored ("is a SET.")
INFO    : *              located at: pretext/book/chapter/section/subsection/activity/ol/li
INFO    : *              located within: "act_set_game" (xml:id), "The game SET\texttrademark" (title)
ERROR   : * PTX:ERROR:   a cross-reference ("xref") uses references [pff_exists] that do not point to any target, or perhaps point to multiple targets.  Maybe you typed an @xml:id value wrong, maybe the target of the @xml:id is nonexistent, or maybe you temporarily removed the target from your source, or maybe an auxiliary file contains a duplicate.  Your output will contain some placeholder text that you will not want to distribute to your readers.
INFO    : *              located at: pretext/book/chapter/section/subsection/p/xref
INFO    : *              located within: "sub_pff_quants" (xml:id), "Proof Formats: \forall and \exists" (title)
ERROR   : * PTX:ERROR:   a cross-reference ("xref") uses references [pff_exists] that do not point to any target, or perhaps point to multiple targets.  Maybe you typed an @xml:id value wrong, maybe the target of the @xml:id is nonexistent, or maybe you temporarily removed the target from your source, or maybe an auxiliary file contains a duplicate.  Your output will contain some placeholder text that you will not want to distribute to your readers.
INFO    : *              located at: pretext/book/chapter/section/subsection/example/solution/p/xref
INFO    : *              located within: "exam_exists_graph_5vert_5edge" (xml:id), "There is a graph with five vertices and five edges" (title)
ERROR   : * PTX:ERROR:   a cross-reference ("xref") uses references [pff_forall] that do not point to any target, or perhaps point to multiple targets.  Maybe you typed an @xml:id value wrong, maybe the target of the @xml:id is nonexistent, or maybe you temporarily removed the target from your source, or maybe an auxiliary file contains a duplicate.  Your output will contain some placeholder text that you will not want to distribute to your readers.
INFO    : *              located at: pretext/book/chapter/section/subsection/example/solution/p/xref
INFO    : *              located within: "exam_6qminus10_is_even" (xml:id), "6q-10 is even" (title)
ERROR   : * PTX:ERROR:   a cross-reference ("xref") uses references [pff_exists] that do not point to any target, or perhaps point to multiple targets.  Maybe you typed an @xml:id value wrong, maybe the target of the @xml:id is nonexistent, or maybe you temporarily removed the target from your source, or maybe an auxiliary file contains a duplicate.  Your output will contain some placeholder text that you will not want to distribute to your readers.
INFO    : *              located at: pretext/book/chapter/section/subsection/activity/p/ol/li/p/xref
INFO    : *              located within: "part_exists_int_4div" (xml:id)
ERROR   : * PTX:ERROR:   a cross-reference ("xref") uses references [pff_forall] that do not point to any target, or perhaps point to multiple targets.  Maybe you typed an @xml:id value wrong, maybe the target of the @xml:id is nonexistent, or maybe you temporarily removed the target from your source, or maybe an auxiliary file contains a duplicate.  Your output will contain some placeholder text that you will not want to distribute to your readers.
INFO    : *              located at: pretext/book/chapter/section/subsection/activity/p/ol/li/p/xref
INFO    : *              located within: "part_ndivnfactorial" (xml:id)
ERROR   : * PTX:ERROR:   a cross-reference ("xref") uses references [pff_forall] that do not point to any target, or perhaps point to multiple targets.  Maybe you typed an @xml:id value wrong, maybe the target of the @xml:id is nonexistent, or maybe you temporarily removed the target from your source, or maybe an auxiliary file contains a duplicate.  Your output will contain some placeholder text that you will not want to distribute to your readers.
INFO    : *              located at: pretext/book/chapter/section/subsection/activity/p/ol/li/p/xref
INFO    : *              located within: "part_proof_forall_exists" (xml:id)
ERROR   : * PTX:ERROR:   a cross-reference ("xref") uses references [pff_exists] that do not point to any target, or perhaps point to multiple targets.  Maybe you typed an @xml:id value wrong, maybe the target of the @xml:id is nonexistent, or maybe you temporarily removed the target from your source, or maybe an auxiliary file contains a duplicate.  Your output will contain some placeholder text that you will not want to distribute to your readers.
INFO    : *              located at: pretext/book/chapter/section/subsection/activity/p/ol/li/p/xref
INFO    : *              located within: "part_proof_forall_exists" (xml:id)
ERROR   : * PTX:ERROR:   a cross-reference ("xref") uses references [pff_exists] that do not point to any target, or perhaps point to multiple targets.  Maybe you typed an @xml:id value wrong, maybe the target of the @xml:id is nonexistent, or maybe you temporarily removed the target from your source, or maybe an auxiliary file contains a duplicate.  Your output will contain some placeholder text that you will not want to distribute to your readers.
INFO    : *              located at: pretext/book/chapter/section/subsection/activity/p/ol/li/p/xref
INFO    : *              located within: "part_proof_exists_forall" (xml:id)
ERROR   : * PTX:ERROR:   a cross-reference ("xref") uses references [pff_forall] that do not point to any target, or perhaps point to multiple targets.  Maybe you typed an @xml:id value wrong, maybe the target of the @xml:id is nonexistent, or maybe you temporarily removed the target from your source, or maybe an auxiliary file contains a duplicate.  Your output will contain some placeholder text that you will not want to distribute to your readers.
INFO    : *              located at: pretext/book/chapter/section/subsection/activity/p/ol/li/p/xref
INFO    : *              located within: "part_proof_exists_forall" (xml:id)
ERROR   : * PTX:ERROR:   a cross-reference ("xref") uses references [pff_forall] that do not point to any target, or perhaps point to multiple targets.  Maybe you typed an @xml:id value wrong, maybe the target of the @xml:id is nonexistent, or maybe you temporarily removed the target from your source, or maybe an auxiliary file contains a duplicate.  Your output will contain some placeholder text that you will not want to distribute to your readers.
INFO    : *              located at: pretext/book/chapter/section/subsection/p/xref
INFO    : *              located within: "sub_cex" (xml:id), "Negating Quantified Statements and Counterexamples" (title)
ERROR   : * PTX:ERROR:   a cross-reference ("xref") uses references [pff_exists] that do not point to any target, or perhaps point to multiple targets.  Maybe you typed an @xml:id value wrong, maybe the target of the @xml:id is nonexistent, or maybe you temporarily removed the target from your source, or maybe an auxiliary file contains a duplicate.  Your output will contain some placeholder text that you will not want to distribute to your readers.
INFO    : *              located at: pretext/book/chapter/section/subsection/paragraphs/exercise/statement/p/xref
INFO    : *              located within: "exer_easy_proofs_exists" (xml:id), "Practice" (title)
ERROR   : * PTX:ERROR:   a cross-reference ("xref") uses references [pff_forall] that do not point to any target, or perhaps point to multiple targets.  Maybe you typed an @xml:id value wrong, maybe the target of the @xml:id is nonexistent, or maybe you temporarily removed the target from your source, or maybe an auxiliary file contains a duplicate.  Your output will contain some placeholder text that you will not want to distribute to your readers.
INFO    : *              located at: pretext/book/chapter/section/subsection/paragraphs/exercise/statement/p/xref
INFO    : *              located within: "exer_easy_proofs_forall" (xml:id), "Practice" (title)
ERROR   : * PTX:ERROR:   a cross-reference ("xref") uses references [pff_forall] that do not point to any target, or perhaps point to multiple targets.  Maybe you typed an @xml:id value wrong, maybe the target of the @xml:id is nonexistent, or maybe you temporarily removed the target from your source, or maybe an auxiliary file contains a duplicate.  Your output will contain some placeholder text that you will not want to distribute to your readers.
INFO    : *              located at: pretext/book/chapter/section/subsection/paragraphs/exercise/statement/p/xref
INFO    : *              located within: "exer_proof_exists_forall" (xml:id), "Understand" (title)
ERROR   : * PTX:ERROR:   a cross-reference ("xref") uses references [pff_exists] that do not point to any target, or perhaps point to multiple targets.  Maybe you typed an @xml:id value wrong, maybe the target of the @xml:id is nonexistent, or maybe you temporarily removed the target from your source, or maybe an auxiliary file contains a duplicate.  Your output will contain some placeholder text that you will not want to distribute to your readers.
INFO    : *              located at: pretext/book/chapter/section/subsection/paragraphs/exercise/statement/p/xref
INFO    : *              located within: "exer_proof_exists_forall" (xml:id), "Understand" (title)
ERROR   : * PTX:ERROR:   a cross-reference ("xref") uses references [pff_forall] that do not point to any target, or perhaps point to multiple targets.  Maybe you typed an @xml:id value wrong, maybe the target of the @xml:id is nonexistent, or maybe you temporarily removed the target from your source, or maybe an auxiliary file contains a duplicate.  Your output will contain some placeholder text that you will not want to distribute to your readers.
INFO    : *              located at: pretext/book/chapter/section/subsection/paragraphs/exercise/statement/p/xref
INFO    : *              located within: "exer_rational_soln" (xml:id), "Understand" (title)
ERROR   : * PTX:ERROR:   a cross-reference ("xref") uses references [pff_exists] that do not point to any target, or perhaps point to multiple targets.  Maybe you typed an @xml:id value wrong, maybe the target of the @xml:id is nonexistent, or maybe you temporarily removed the target from your source, or maybe an auxiliary file contains a duplicate.  Your output will contain some placeholder text that you will not want to distribute to your readers.
INFO    : *              located at: pretext/book/chapter/section/subsection/paragraphs/exercise/statement/p/xref
INFO    : *              located within: "exer_rational_soln" (xml:id), "Understand" (title)
ERROR   : * PTX:ERROR:   a cross-reference ("xref") uses references [exam_chromatic_K4_C5] that do not point to any target, or perhaps point to multiple targets.  Maybe you typed an @xml:id value wrong, maybe the target of the @xml:id is nonexistent, or maybe you temporarily removed the target from your source, or maybe an auxiliary file contains a duplicate.  Your output will contain some placeholder text that you will not want to distribute to your readers.
INFO    : *              located at: pretext/book/chapter/section/subsection/paragraphs/ol/li/p/xref
INFO    : *              located within: "Exercise 10 Select Answers and Hints" (title)
ERROR   : * PTX:ERROR:   a cross-reference ("xref") uses references [pff_forall] that do not point to any target, or perhaps point to multiple targets.  Maybe you typed an @xml:id value wrong, maybe the target of the @xml:id is nonexistent, or maybe you temporarily removed the target from your source, or maybe an auxiliary file contains a duplicate.  Your output will contain some placeholder text that you will not want to distribute to your readers.
INFO    : *              located at: pretext/book/chapter/section/subsection/activity/p/ol/li/p/xref
INFO    : *              located within: "part_if_then_direct" (xml:id)
ERROR   : * PTX:ERROR:   a cross-reference ("xref") uses references [pff_if_then_direct] that do not point to any target, or perhaps point to multiple targets.  Maybe you typed an @xml:id value wrong, maybe the target of the @xml:id is nonexistent, or maybe you temporarily removed the target from your source, or maybe an auxiliary file contains a duplicate.  Your output will contain some placeholder text that you will not want to distribute to your readers.
INFO    : *              located at: pretext/book/chapter/section/subsection/activity/p/ol/li/p/xref
INFO    : *              located within: "part_if_then_direct" (xml:id)
ERROR   : * PTX:ERROR:   a cross-reference ("xref") uses references [pff_or_by_cases] that do not point to any target, or perhaps point to multiple targets.  Maybe you typed an @xml:id value wrong, maybe the target of the @xml:id is nonexistent, or maybe you temporarily removed the target from your source, or maybe an auxiliary file contains a duplicate.  Your output will contain some placeholder text that you will not want to distribute to your readers.
INFO    : *              located at: pretext/book/chapter/section/subsection/p/xref
INFO    : *              located within: "sub_pff_or_implication" (xml:id), "Proof Formats: Proof of \lor Using Implication" (title)
ERROR   : * PTX:ERROR:   a cross-reference ("xref") uses references [pff_forall] that do not point to any target, or perhaps point to multiple targets.  Maybe you typed an @xml:id value wrong, maybe the target of the @xml:id is nonexistent, or maybe you temporarily removed the target from your source, or maybe an auxiliary file contains a duplicate.  Your output will contain some placeholder text that you will not want to distribute to your readers.
INFO    : *              located at: pretext/book/chapter/section/subsection/activity/p/ol/li/p/xref
INFO    : *              located within: "part_or_implication" (xml:id)
ERROR   : * PTX:ERROR:   a cross-reference ("xref") uses references [pff_or_implication] that do not point to any target, or perhaps point to multiple targets.  Maybe you typed an @xml:id value wrong, maybe the target of the @xml:id is nonexistent, or maybe you temporarily removed the target from your source, or maybe an auxiliary file contains a duplicate.  Your output will contain some placeholder text that you will not want to distribute to your readers.
INFO    : *              located at: pretext/book/chapter/section/subsection/activity/p/ol/li/p/xref
INFO    : *              located within: "part_or_implication" (xml:id)
ERROR   : * PTX:ERROR:   a cross-reference ("xref") uses references [pff_or_implication] that do not point to any target, or perhaps point to multiple targets.  Maybe you typed an @xml:id value wrong, maybe the target of the @xml:id is nonexistent, or maybe you temporarily removed the target from your source, or maybe an auxiliary file contains a duplicate.  Your output will contain some placeholder text that you will not want to distribute to your readers.
INFO    : *              located at: pretext/book/chapter/section/subsection/p/xref
INFO    : *              located within: "sub_pff_or_implication" (xml:id), "Proof Formats: Proof of \lor Using Implication" (title)
ERROR   : * PTX:ERROR:   a cross-reference ("xref") uses references [pff_or_implication] that do not point to any target, or perhaps point to multiple targets.  Maybe you typed an @xml:id value wrong, maybe the target of the @xml:id is nonexistent, or maybe you temporarily removed the target from your source, or maybe an auxiliary file contains a duplicate.  Your output will contain some placeholder text that you will not want to distribute to your readers.
INFO    : *              located at: pretext/book/chapter/section/subsection/example/statement/p/xref
INFO    : *              located within: "exam_implication_vs_cases_proof_or" (xml:id), "Compare proving an
      or
      statement using implication versus proof by cases" (title)
ERROR   : * PTX:ERROR:   a cross-reference ("xref") uses references [pff_or_by_cases] that do not point to any target, or perhaps point to multiple targets.  Maybe you typed an @xml:id value wrong, maybe the target of the @xml:id is nonexistent, or maybe you temporarily removed the target from your source, or maybe an auxiliary file contains a duplicate.  Your output will contain some placeholder text that you will not want to distribute to your readers.
INFO    : *              located at: pretext/book/chapter/section/subsection/example/statement/p/xref
INFO    : *              located within: "exam_implication_vs_cases_proof_or" (xml:id), "Compare proving an
      or
      statement using implication versus proof by cases" (title)
ERROR   : * PTX:ERROR:   a cross-reference ("xref") uses references [pff_or_by_cases] that do not point to any target, or perhaps point to multiple targets.  Maybe you typed an @xml:id value wrong, maybe the target of the @xml:id is nonexistent, or maybe you temporarily removed the target from your source, or maybe an auxiliary file contains a duplicate.  Your output will contain some placeholder text that you will not want to distribute to your readers.
INFO    : *              located at: pretext/book/chapter/section/subsection/example/solution/p/xref
INFO    : *              located within: "exam_implication_vs_cases_proof_or" (xml:id), "Compare proving an
      or
      statement using implication versus proof by cases" (title)
ERROR   : * PTX:ERROR:   a cross-reference ("xref") uses references [pff_or_implication] that do not point to any target, or perhaps point to multiple targets.  Maybe you typed an @xml:id value wrong, maybe the target of the @xml:id is nonexistent, or maybe you temporarily removed the target from your source, or maybe an auxiliary file contains a duplicate.  Your output will contain some placeholder text that you will not want to distribute to your readers.
INFO    : *              located at: pretext/book/chapter/section/subsection/example/solution/p/xref
INFO    : *              located within: "exam_implication_vs_cases_proof_or" (xml:id), "Compare proving an
      or
      statement using implication versus proof by cases" (title)
ERROR   : * PTX:ERROR:   a cross-reference ("xref") uses references [pff_forall] that do not point to any target, or perhaps point to multiple targets.  Maybe you typed an @xml:id value wrong, maybe the target of the @xml:id is nonexistent, or maybe you temporarily removed the target from your source, or maybe an auxiliary file contains a duplicate.  Your output will contain some placeholder text that you will not want to distribute to your readers.
INFO    : *              located at: pretext/book/chapter/section/subsection/exercises/subexercises/exercise/statement/p/xref
INFO    : *              located within: "exer_prove_cond_true" (xml:id), "Practice" (title)
ERROR   : * PTX:ERROR:   a cross-reference ("xref") uses references [pff_if_then_direct] that do not point to any target, or perhaps point to multiple targets.  Maybe you typed an @xml:id value wrong, maybe the target of the @xml:id is nonexistent, or maybe you temporarily removed the target from your source, or maybe an auxiliary file contains a duplicate.  Your output will contain some placeholder text that you will not want to distribute to your readers.
INFO    : *              located at: pretext/book/chapter/section/subsection/exercises/subexercises/exercise/statement/p/xref
INFO    : *              located within: "exer_prove_cond_true" (xml:id), "Practice" (title)
ERROR   : * PTX:ERROR:   a cross-reference ("xref") uses references [pff_forall] that do not point to any target, or perhaps point to multiple targets.  Maybe you typed an @xml:id value wrong, maybe the target of the @xml:id is nonexistent, or maybe you temporarily removed the target from your source, or maybe an auxiliary file contains a duplicate.  Your output will contain some placeholder text that you will not want to distribute to your readers.
INFO    : *              located at: pretext/book/chapter/section/subsection/exercises/subexercises/exercise/statement/p/xref
INFO    : *              located within: "exer_odd_sq_is_odd" (xml:id), "Practice" (title)
ERROR   : * PTX:ERROR:   a cross-reference ("xref") uses references [pff_if_then_direct] that do not point to any target, or perhaps point to multiple targets.  Maybe you typed an @xml:id value wrong, maybe the target of the @xml:id is nonexistent, or maybe you temporarily removed the target from your source, or maybe an auxiliary file contains a duplicate.  Your output will contain some placeholder text that you will not want to distribute to your readers.
INFO    : *              located at: pretext/book/chapter/section/subsection/exercises/subexercises/exercise/statement/p/xref
INFO    : *              located within: "exer_odd_sq_is_odd" (xml:id), "Practice" (title)
ERROR   : * PTX:ERROR:   a cross-reference ("xref") uses references [pff_forall] that do not point to any target, or perhaps point to multiple targets.  Maybe you typed an @xml:id value wrong, maybe the target of the @xml:id is nonexistent, or maybe you temporarily removed the target from your source, or maybe an auxiliary file contains a duplicate.  Your output will contain some placeholder text that you will not want to distribute to your readers.
INFO    : *              located at: pretext/book/chapter/section/subsection/exercises/subexercises/exercise/statement/p/xref
INFO    : *              located within: "exer_mult6_is_mult3" (xml:id), "Practice" (title)
ERROR   : * PTX:ERROR:   a cross-reference ("xref") uses references [pff_if_then_direct] that do not point to any target, or perhaps point to multiple targets.  Maybe you typed an @xml:id value wrong, maybe the target of the @xml:id is nonexistent, or maybe you temporarily removed the target from your source, or maybe an auxiliary file contains a duplicate.  Your output will contain some placeholder text that you will not want to distribute to your readers.
INFO    : *              located at: pretext/book/chapter/section/subsection/exercises/subexercises/exercise/statement/p/xref
INFO    : *              located within: "exer_mult6_is_mult3" (xml:id), "Practice" (title)
ERROR   : * PTX:ERROR:   a cross-reference ("xref") uses references [pff_forall] that do not point to any target, or perhaps point to multiple targets.  Maybe you typed an @xml:id value wrong, maybe the target of the @xml:id is nonexistent, or maybe you temporarily removed the target from your source, or maybe an auxiliary file contains a duplicate.  Your output will contain some placeholder text that you will not want to distribute to your readers.
INFO    : *              located at: pretext/book/chapter/section/subsection/exercises/subexercises/exercise/statement/p/xref
INFO    : *              located within: "exer_divides_square_proof" (xml:id), "Practice" (title)
ERROR   : * PTX:ERROR:   a cross-reference ("xref") uses references [pff_if_then_direct] that do not point to any target, or perhaps point to multiple targets.  Maybe you typed an @xml:id value wrong, maybe the target of the @xml:id is nonexistent, or maybe you temporarily removed the target from your source, or maybe an auxiliary file contains a duplicate.  Your output will contain some placeholder text that you will not want to distribute to your readers.
INFO    : *              located at: pretext/book/chapter/section/subsection/exercises/subexercises/exercise/statement/p/xref
INFO    : *              located within: "exer_divides_square_proof" (xml:id), "Practice" (title)
ERROR   : * PTX:ERROR:   a cross-reference ("xref") uses references [pff_forall] that do not point to any target, or perhaps point to multiple targets.  Maybe you typed an @xml:id value wrong, maybe the target of the @xml:id is nonexistent, or maybe you temporarily removed the target from your source, or maybe an auxiliary file contains a duplicate.  Your output will contain some placeholder text that you will not want to distribute to your readers.
INFO    : *              located at: pretext/book/chapter/section/subsection/exercises/subexercises/exercise/statement/p/xref
INFO    : *              located within: "exer_proof_sums_prod_even_odd" (xml:id), "Understand" (title)
ERROR   : * PTX:ERROR:   a cross-reference ("xref") uses references [pff_and] that do not point to any target, or perhaps point to multiple targets.  Maybe you typed an @xml:id value wrong, maybe the target of the @xml:id is nonexistent, or maybe you temporarily removed the target from your source, or maybe an auxiliary file contains a duplicate.  Your output will contain some placeholder text that you will not want to distribute to your readers.
INFO    : *              located at: pretext/book/chapter/section/subsection/exercises/subexercises/exercise/statement/p/xref
INFO    : *              located within: "exer_proof_sums_prod_even_odd" (xml:id), "Understand" (title)
ERROR   : * PTX:ERROR:   a cross-reference ("xref") uses references [pff_if_then_direct] that do not point to any target, or perhaps point to multiple targets.  Maybe you typed an @xml:id value wrong, maybe the target of the @xml:id is nonexistent, or maybe you temporarily removed the target from your source, or maybe an auxiliary file contains a duplicate.  Your output will contain some placeholder text that you will not want to distribute to your readers.
INFO    : *              located at: pretext/book/chapter/section/subsection/exercises/subexercises/exercise/statement/p/xref
INFO    : *              located within: "exer_proof_sums_prod_even_odd" (xml:id), "Understand" (title)
ERROR   : * PTX:ERROR:   a cross-reference ("xref") uses references [pff_forall] that do not point to any target, or perhaps point to multiple targets.  Maybe you typed an @xml:id value wrong, maybe the target of the @xml:id is nonexistent, or maybe you temporarily removed the target from your source, or maybe an auxiliary file contains a duplicate.  Your output will contain some placeholder text that you will not want to distribute to your readers.
INFO    : *              located at: pretext/book/chapter/section/subsection/exercises/subexercises/exercise/statement/p/xref
INFO    : *              located within: "exer_divides_transitive" (xml:id), "Understand" (title)
ERROR   : * PTX:ERROR:   a cross-reference ("xref") uses references [pff_if_then_direct] that do not point to any target, or perhaps point to multiple targets.  Maybe you typed an @xml:id value wrong, maybe the target of the @xml:id is nonexistent, or maybe you temporarily removed the target from your source, or maybe an auxiliary file contains a duplicate.  Your output will contain some placeholder text that you will not want to distribute to your readers.
INFO    : *              located at: pretext/book/chapter/section/subsection/exercises/subexercises/exercise/statement/p/xref
INFO    : *              located within: "exer_divides_transitive" (xml:id), "Understand" (title)
ERROR   : * PTX:ERROR:   a cross-reference ("xref") uses references [pff_forall] that do not point to any target, or perhaps point to multiple targets.  Maybe you typed an @xml:id value wrong, maybe the target of the @xml:id is nonexistent, or maybe you temporarily removed the target from your source, or maybe an auxiliary file contains a duplicate.  Your output will contain some placeholder text that you will not want to distribute to your readers.
INFO    : *              located at: pretext/book/chapter/section/subsection/exercises/subexercises/exercise/statement/p/xref
INFO    : *              located within: "exer_last_digit_even_odd" (xml:id), "Explore" (title)
ERROR   : * PTX:ERROR:   a cross-reference ("xref") uses references [pff_and] that do not point to any target, or perhaps point to multiple targets.  Maybe you typed an @xml:id value wrong, maybe the target of the @xml:id is nonexistent, or maybe you temporarily removed the target from your source, or maybe an auxiliary file contains a duplicate.  Your output will contain some placeholder text that you will not want to distribute to your readers.
INFO    : *              located at: pretext/book/chapter/section/subsection/exercises/subexercises/exercise/statement/p/xref
INFO    : *              located within: "exer_last_digit_even_odd" (xml:id), "Explore" (title)
ERROR   : * PTX:ERROR:   a cross-reference ("xref") uses references [pff_if_then_direct] that do not point to any target, or perhaps point to multiple targets.  Maybe you typed an @xml:id value wrong, maybe the target of the @xml:id is nonexistent, or maybe you temporarily removed the target from your source, or maybe an auxiliary file contains a duplicate.  Your output will contain some placeholder text that you will not want to distribute to your readers.
INFO    : *              located at: pretext/book/chapter/section/subsection/exercises/subexercises/exercise/statement/p/xref
INFO    : *              located within: "exer_last_digit_even_odd" (xml:id), "Explore" (title)
ERROR   : * PTX:ERROR:   a cross-reference ("xref") uses references [pff_forall] that do not point to any target, or perhaps point to multiple targets.  Maybe you typed an @xml:id value wrong, maybe the target of the @xml:id is nonexistent, or maybe you temporarily removed the target from your source, or maybe an auxiliary file contains a duplicate.  Your output will contain some placeholder text that you will not want to distribute to your readers.
INFO    : *              located at: pretext/book/chapter/section/subsection/exercises/subexercises/exercise/statement/p/ol/li/p/xref
INFO    : *              located within: "part_EAthm_implies" (xml:id)
ERROR   : * PTX:ERROR:   a cross-reference ("xref") uses references [pff_if_then_direct] that do not point to any target, or perhaps point to multiple targets.  Maybe you typed an @xml:id value wrong, maybe the target of the @xml:id is nonexistent, or maybe you temporarily removed the target from your source, or maybe an auxiliary file contains a duplicate.  Your output will contain some placeholder text that you will not want to distribute to your readers.
INFO    : *              located at: pretext/book/chapter/section/subsection/exercises/subexercises/exercise/statement/p/ol/li/p/xref
INFO    : *              located within: "part_EAthm_implies" (xml:id)
ERROR   : * PTX:ERROR:   a cross-reference ("xref") uses references [pff_forall] that do not point to any target, or perhaps point to multiple targets.  Maybe you typed an @xml:id value wrong, maybe the target of the @xml:id is nonexistent, or maybe you temporarily removed the target from your source, or maybe an auxiliary file contains a duplicate.  Your output will contain some placeholder text that you will not want to distribute to your readers.
INFO    : *              located at: pretext/book/chapter/section/subsection/exercises/subexercises/exercise/statement/p/ol/li/p/xref
INFO    : *              located within: "part_EAthm_converse" (xml:id)
ERROR   : * PTX:ERROR:   a cross-reference ("xref") uses references [pff_if_then_direct] that do not point to any target, or perhaps point to multiple targets.  Maybe you typed an @xml:id value wrong, maybe the target of the @xml:id is nonexistent, or maybe you temporarily removed the target from your source, or maybe an auxiliary file contains a duplicate.  Your output will contain some placeholder text that you will not want to distribute to your readers.
INFO    : *              located at: pretext/book/chapter/section/subsection/exercises/subexercises/exercise/statement/p/ol/li/p/xref
INFO    : *              located within: "part_EAthm_converse" (xml:id)
ERROR   : * PTX:ERROR:   a cross-reference ("xref") uses references [pff_forall] that do not point to any target, or perhaps point to multiple targets.  Maybe you typed an @xml:id value wrong, maybe the target of the @xml:id is nonexistent, or maybe you temporarily removed the target from your source, or maybe an auxiliary file contains a duplicate.  Your output will contain some placeholder text that you will not want to distribute to your readers.
INFO    : *              located at: pretext/book/chapter/section/subsection/exercises/subexercises/exercise/statement/p/ol/li/p/xref
INFO    : *              located within: "exer_integer_or_next_is_even" (xml:id), "Practice" (title)
ERROR   : * PTX:ERROR:   a cross-reference ("xref") uses references [pff_or_implication] that do not point to any target, or perhaps point to multiple targets.  Maybe you typed an @xml:id value wrong, maybe the target of the @xml:id is nonexistent, or maybe you temporarily removed the target from your source, or maybe an auxiliary file contains a duplicate.  Your output will contain some placeholder text that you will not want to distribute to your readers.
INFO    : *              located at: pretext/book/chapter/section/subsection/exercises/subexercises/exercise/statement/p/ol/li/p/xref
INFO    : *              located within: "exer_integer_or_next_is_even" (xml:id), "Practice" (title)
ERROR   : * PTX:ERROR:   a cross-reference ("xref") uses references [pff_forall] that do not point to any target, or perhaps point to multiple targets.  Maybe you typed an @xml:id value wrong, maybe the target of the @xml:id is nonexistent, or maybe you temporarily removed the target from your source, or maybe an auxiliary file contains a duplicate.  Your output will contain some placeholder text that you will not want to distribute to your readers.
INFO    : *              located at: pretext/book/chapter/section/subsection/exercises/subexercises/exercise/statement/p/xref
INFO    : *              located within: "exer_proof_no_zd_integers" (xml:id), "Understand" (title)
ERROR   : * PTX:ERROR:   a cross-reference ("xref") uses references [pff_if_then_direct] that do not point to any target, or perhaps point to multiple targets.  Maybe you typed an @xml:id value wrong, maybe the target of the @xml:id is nonexistent, or maybe you temporarily removed the target from your source, or maybe an auxiliary file contains a duplicate.  Your output will contain some placeholder text that you will not want to distribute to your readers.
INFO    : *              located at: pretext/book/chapter/section/subsection/exercises/subexercises/exercise/statement/p/xref
INFO    : *              located within: "exer_proof_no_zd_integers" (xml:id), "Understand" (title)
ERROR   : * PTX:ERROR:   a cross-reference ("xref") uses references [pff_or_implication] that do not point to any target, or perhaps point to multiple targets.  Maybe you typed an @xml:id value wrong, maybe the target of the @xml:id is nonexistent, or maybe you temporarily removed the target from your source, or maybe an auxiliary file contains a duplicate.  Your output will contain some placeholder text that you will not want to distribute to your readers.
INFO    : *              located at: pretext/book/chapter/section/subsection/exercises/subexercises/exercise/statement/p/xref
INFO    : *              located within: "exer_proof_no_zd_integers" (xml:id), "Understand" (title)
ERROR   : * PTX:ERROR:   a cross-reference ("xref") uses references [pff_and] that do not point to any target, or perhaps point to multiple targets.  Maybe you typed an @xml:id value wrong, maybe the target of the @xml:id is nonexistent, or maybe you temporarily removed the target from your source, or maybe an auxiliary file contains a duplicate.  Your output will contain some placeholder text that you will not want to distribute to your readers.
INFO    : *              located at: pretext/book/chapter/section/subsection/p/xref
INFO    : *              located within: "sub_pff_iff" (xml:id), "Proof Format: \leftrightarrow" (title)
ERROR   : * PTX:ERROR:   a cross-reference ("xref") uses references [pff_if_then_direct] that do not point to any target, or perhaps point to multiple targets.  Maybe you typed an @xml:id value wrong, maybe the target of the @xml:id is nonexistent, or maybe you temporarily removed the target from your source, or maybe an auxiliary file contains a duplicate.  Your output will contain some placeholder text that you will not want to distribute to your readers.
INFO    : *              located at: pretext/book/chapter/section/subsection/p/xref
INFO    : *              located within: "sub_pff_iff" (xml:id), "Proof Format: \leftrightarrow" (title)
ERROR   : * PTX:ERROR:   a cross-reference ("xref") uses references [pff_if_then_cp] that do not point to any target, or perhaps point to multiple targets.  Maybe you typed an @xml:id value wrong, maybe the target of the @xml:id is nonexistent, or maybe you temporarily removed the target from your source, or maybe an auxiliary file contains a duplicate.  Your output will contain some placeholder text that you will not want to distribute to your readers.
INFO    : *              located at: pretext/book/chapter/section/subsection/example/statement/p/ol/li/p/xref
INFO    : *              located within: "exam_product_even_implies_even_factor" (xml:id), "Rewriting a proof by contradiction using the contrapositive" (title)
ERROR   : * PTX:ERROR:   a cross-reference ("xref") uses references [pff_iff] that do not point to any target, or perhaps point to multiple targets.  Maybe you typed an @xml:id value wrong, maybe the target of the @xml:id is nonexistent, or maybe you temporarily removed the target from your source, or maybe an auxiliary file contains a duplicate.  Your output will contain some placeholder text that you will not want to distribute to your readers.
INFO    : *              located at: pretext/book/chapter/section/subsection/exercises/subexercises/exercise/statement/p/xref
INFO    : *              located within: "exer_proof_iff_even" (xml:id), "Practice" (title)
ERROR   : * PTX:ERROR:   a cross-reference ("xref") uses references [pff_iff] that do not point to any target, or perhaps point to multiple targets.  Maybe you typed an @xml:id value wrong, maybe the target of the @xml:id is nonexistent, or maybe you temporarily removed the target from your source, or maybe an auxiliary file contains a duplicate.  Your output will contain some placeholder text that you will not want to distribute to your readers.
INFO    : *              located at: pretext/book/chapter/section/subsection/exercises/subexercises/exercise/statement/p/xref
INFO    : *              located within: "exer_proof_iff_solution" (xml:id), "Practice" (title)
ERROR   : * PTX:ERROR:   a cross-reference ("xref") uses references [pff_if_then_cp] that do not point to any target, or perhaps point to multiple targets.  Maybe you typed an @xml:id value wrong, maybe the target of the @xml:id is nonexistent, or maybe you temporarily removed the target from your source, or maybe an auxiliary file contains a duplicate.  Your output will contain some placeholder text that you will not want to distribute to your readers.
INFO    : *              located at: pretext/book/chapter/section/subsection/exercises/subexercises/exercise/statement/p/xref
INFO    : *              located within: "exer_proof_sq_even_implies_even" (xml:id), "Practice" (title)
ERROR   : * PTX:ERROR:   a cross-reference ("xref") uses references [pff_if_then_cp] that do not point to any target, or perhaps point to multiple targets.  Maybe you typed an @xml:id value wrong, maybe the target of the @xml:id is nonexistent, or maybe you temporarily removed the target from your source, or maybe an auxiliary file contains a duplicate.  Your output will contain some placeholder text that you will not want to distribute to your readers.
INFO    : *              located at: pretext/book/chapter/section/subsection/exercises/subexercises/exercise/statement/p/xref
INFO    : *              located within: "exer_proof_3m_odd" (xml:id), "Practice" (title)
ERROR   : * PTX:ERROR:   a cross-reference ("xref") uses references [pff_if_then_cp] that do not point to any target, or perhaps point to multiple targets.  Maybe you typed an @xml:id value wrong, maybe the target of the @xml:id is nonexistent, or maybe you temporarily removed the target from your source, or maybe an auxiliary file contains a duplicate.  Your output will contain some placeholder text that you will not want to distribute to your readers.
INFO    : *              located at: pretext/book/chapter/section/subsection/exercises/subexercises/exercise/statement/p/xref
INFO    : *              located within: "exer_prove_only_check_prime_divisors" (xml:id), "Understand" (title)
ERROR   : * PTX:ERROR:   a cross-reference ("xref") uses references [pff_if_then_cp] that do not point to any target, or perhaps point to multiple targets.  Maybe you typed an @xml:id value wrong, maybe the target of the @xml:id is nonexistent, or maybe you temporarily removed the target from your source, or maybe an auxiliary file contains a duplicate.  Your output will contain some placeholder text that you will not want to distribute to your readers.
INFO    : *              located at: pretext/book/chapter/section/subsection/exercises/subexercises/exercise/statement/p/xref
INFO    : *              located within: "exer_prove_only_check_to_sqrtn" (xml:id), "Understand" (title)
ERROR   : * PTX:ERROR:   a cross-reference ("xref") uses references [pff_iff] that do not point to any target, or perhaps point to multiple targets.  Maybe you typed an @xml:id value wrong, maybe the target of the @xml:id is nonexistent, or maybe you temporarily removed the target from your source, or maybe an auxiliary file contains a duplicate.  Your output will contain some placeholder text that you will not want to distribute to your readers.
INFO    : *              located at: pretext/book/chapter/section/subsection/exercises/subexercises/exercise/statement/p/xref
INFO    : *              located within: "exer_proof_iff_using_cp_evens" (xml:id), "Explore" (title)
ERROR   : * PTX:ERROR:   a cross-reference ("xref") uses references [pff_if_then_cp] that do not point to any target, or perhaps point to multiple targets.  Maybe you typed an @xml:id value wrong, maybe the target of the @xml:id is nonexistent, or maybe you temporarily removed the target from your source, or maybe an auxiliary file contains a duplicate.  Your output will contain some placeholder text that you will not want to distribute to your readers.
INFO    : *              located at: pretext/book/chapter/section/subsection/exercises/subexercises/exercise/statement/p/xref
INFO    : *              located within: "exer_proof_iff_using_cp_evens" (xml:id), "Explore" (title)
ERROR   : * PTX:ERROR:   a cross-reference ("xref") uses references [pff_iff] that do not point to any target, or perhaps point to multiple targets.  Maybe you typed an @xml:id value wrong, maybe the target of the @xml:id is nonexistent, or maybe you temporarily removed the target from your source, or maybe an auxiliary file contains a duplicate.  Your output will contain some placeholder text that you will not want to distribute to your readers.
INFO    : *              located at: pretext/book/chapter/section/subsection/paragraphs/p/xref
INFO    : *              located within: "Exercise 4 Select Answers and Hints" (title)
ERROR   : * PTX:ERROR:   a cross-reference ("xref") uses references [pff_if_then_direct] that do not point to any target, or perhaps point to multiple targets.  Maybe you typed an @xml:id value wrong, maybe the target of the @xml:id is nonexistent, or maybe you temporarily removed the target from your source, or maybe an auxiliary file contains a duplicate.  Your output will contain some placeholder text that you will not want to distribute to your readers.
INFO    : *              located at: pretext/book/chapter/section/subsection/activity/p/ol/li/p/xref
INFO    : *              located within: "act_proofs_equiv_infer" (xml:id), "Proofs with equivalences and inferences" (title)
ERROR   : * PTX:ERROR:   a cross-reference ("xref") uses references [pff_contradiction] that do not point to any target, or perhaps point to multiple targets.  Maybe you typed an @xml:id value wrong, maybe the target of the @xml:id is nonexistent, or maybe you temporarily removed the target from your source, or maybe an auxiliary file contains a duplicate.  Your output will contain some placeholder text that you will not want to distribute to your readers.
INFO    : *              located at: pretext/book/chapter/section/subsection/exercises/subexercises/exercise/statement/p/xref
INFO    : *              located within: "exer_proof_infer_contradiction" (xml:id), "Understand" (title)
WARNING : * PTX:WARNING:    An <xref> wants to build text using a number to identify the target, but the target (which has @xml:id "thm_hs") does not have a number. You could try 'text="title"' or 'text="custom"' on the "xref".
INFO    : *              located at: pretext/book/chapter/section/subsection/exercises/subexercises/exercise/statement/p/xref
INFO    : *              located within: "exer_hs_nplus1" (xml:id), "Practice" (title)
ERROR   : * PTX:ERROR:   a cross-reference ("xref") uses references [pff_if_then_direct] that do not point to any target, or perhaps point to multiple targets.  Maybe you typed an @xml:id value wrong, maybe the target of the @xml:id is nonexistent, or maybe you temporarily removed the target from your source, or maybe an auxiliary file contains a duplicate.  Your output will contain some placeholder text that you will not want to distribute to your readers.
INFO    : *              located at: pretext/book/chapter/section/subsection/exercises/subexercises/exercise/statement/p/ol/li/p/xref
INFO    : *              located within: "exer_defn_increasing" (xml:id), "Explore" (title)
ERROR   : * PTX:ERROR:   a cross-reference ("xref") uses references [pff_contradiction] that do not point to any target, or perhaps point to multiple targets.  Maybe you typed an @xml:id value wrong, maybe the target of the @xml:id is nonexistent, or maybe you temporarily removed the target from your source, or maybe an auxiliary file contains a duplicate.  Your output will contain some placeholder text that you will not want to distribute to your readers.
INFO    : *              located at: pretext/book/chapter/section/subsection/exercises/subexercises/exercise/statement/p/xref
INFO    : *              located within: "exer_8isnotinimage" (xml:id), "Explore" (title)
ERROR   : * PTX:ERROR:   a cross-reference ("xref") uses references [pff_forall] that do not point to any target, or perhaps point to multiple targets.  Maybe you typed an @xml:id value wrong, maybe the target of the @xml:id is nonexistent, or maybe you temporarily removed the target from your source, or maybe an auxiliary file contains a duplicate.  Your output will contain some placeholder text that you will not want to distribute to your readers.
INFO    : *              located at: pretext/book/chapter/section/subsection/example/statement/p/xref
INFO    : *              located within: "exam_proof_onto" (xml:id), "Proof that a function is onto" (title)
ERROR   : * PTX:ERROR:   a cross-reference ("xref") uses references [pff_exists] that do not point to any target, or perhaps point to multiple targets.  Maybe you typed an @xml:id value wrong, maybe the target of the @xml:id is nonexistent, or maybe you temporarily removed the target from your source, or maybe an auxiliary file contains a duplicate.  Your output will contain some placeholder text that you will not want to distribute to your readers.
INFO    : *              located at: pretext/book/chapter/section/subsection/example/statement/p/xref
INFO    : *              located within: "exam_proof_onto" (xml:id), "Proof that a function is onto" (title)
ERROR   : * PTX:ERROR:   a cross-reference ("xref") uses references [pff_exists] that do not point to any target, or perhaps point to multiple targets.  Maybe you typed an @xml:id value wrong, maybe the target of the @xml:id is nonexistent, or maybe you temporarily removed the target from your source, or maybe an auxiliary file contains a duplicate.  Your output will contain some placeholder text that you will not want to distribute to your readers.
INFO    : *              located at: pretext/book/chapter/section/subsection/example/solution/p/xref
INFO    : *              located within: "exam_proof_onto" (xml:id), "Proof that a function is onto" (title)
ERROR   : * PTX:ERROR:   a cross-reference ("xref") uses references [pff_forall] that do not point to any target, or perhaps point to multiple targets.  Maybe you typed an @xml:id value wrong, maybe the target of the @xml:id is nonexistent, or maybe you temporarily removed the target from your source, or maybe an auxiliary file contains a duplicate.  Your output will contain some placeholder text that you will not want to distribute to your readers.
INFO    : *              located at: pretext/book/chapter/section/subsection/example/solution/p/xref
INFO    : *              located within: "exam_proof_onto" (xml:id), "Proof that a function is onto" (title)
ERROR   : * PTX:ERROR:   a cross-reference ("xref") uses references [pff_contradiction] that do not point to any target, or perhaps point to multiple targets.  Maybe you typed an @xml:id value wrong, maybe the target of the @xml:id is nonexistent, or maybe you temporarily removed the target from your source, or maybe an auxiliary file contains a duplicate.  Your output will contain some placeholder text that you will not want to distribute to your readers.
INFO    : *              located at: pretext/book/chapter/section/subsection/p/xref
INFO    : *              located within: "sub_pff_unique" (xml:id), "Proof Format: Uniqueness" (title)
ERROR   : * PTX:ERROR:   a cross-reference ("xref") uses references [pff_unique_indirect] that do not point to any target, or perhaps point to multiple targets.  Maybe you typed an @xml:id value wrong, maybe the target of the @xml:id is nonexistent, or maybe you temporarily removed the target from your source, or maybe an auxiliary file contains a duplicate.  Your output will contain some placeholder text that you will not want to distribute to your readers.
INFO    : *              located at: pretext/book/chapter/section/subsection/p/xref
INFO    : *              located within: "sub_pff_unique" (xml:id), "Proof Format: Uniqueness" (title)
ERROR   : * PTX:ERROR:   a cross-reference ("xref") uses references [pff_unique_indirect] that do not point to any target, or perhaps point to multiple targets.  Maybe you typed an @xml:id value wrong, maybe the target of the @xml:id is nonexistent, or maybe you temporarily removed the target from your source, or maybe an auxiliary file contains a duplicate.  Your output will contain some placeholder text that you will not want to distribute to your readers.
INFO    : *              located at: pretext/book/chapter/section/subsection/p/xref
INFO    : *              located within: "sub_pff_unique" (xml:id), "Proof Format: Uniqueness" (title)
ERROR   : * PTX:ERROR:   a cross-reference ("xref") uses references [pff_exists] that do not point to any target, or perhaps point to multiple targets.  Maybe you typed an @xml:id value wrong, maybe the target of the @xml:id is nonexistent, or maybe you temporarily removed the target from your source, or maybe an auxiliary file contains a duplicate.  Your output will contain some placeholder text that you will not want to distribute to your readers.
INFO    : *              located at: pretext/book/chapter/section/subsection/p/xref
INFO    : *              located within: "sub_pff_unique" (xml:id), "Proof Format: Uniqueness" (title)
ERROR   : * PTX:ERROR:   a cross-reference ("xref") uses references [pff_unique_direct] that do not point to any target, or perhaps point to multiple targets.  Maybe you typed an @xml:id value wrong, maybe the target of the @xml:id is nonexistent, or maybe you temporarily removed the target from your source, or maybe an auxiliary file contains a duplicate.  Your output will contain some placeholder text that you will not want to distribute to your readers.
INFO    : *              located at: pretext/book/chapter/section/subsection/p/xref
INFO    : *              located within: "sub_pff_unique" (xml:id), "Proof Format: Uniqueness" (title)
ERROR   : * PTX:ERROR:   a cross-reference ("xref") uses references [pff_unique_direct] that do not point to any target, or perhaps point to multiple targets.  Maybe you typed an @xml:id value wrong, maybe the target of the @xml:id is nonexistent, or maybe you temporarily removed the target from your source, or maybe an auxiliary file contains a duplicate.  Your output will contain some placeholder text that you will not want to distribute to your readers.
INFO    : *              located at: pretext/book/chapter/section/subsection/exercises/subexercises/exercise/statement/p/xref
INFO    : *              located within: "exer_direct_unique" (xml:id), "Practice" (title)
ERROR   : * PTX:ERROR:   a cross-reference ("xref") uses references [pff_exists_unique] that do not point to any target, or perhaps point to multiple targets.  Maybe you typed an @xml:id value wrong, maybe the target of the @xml:id is nonexistent, or maybe you temporarily removed the target from your source, or maybe an auxiliary file contains a duplicate.  Your output will contain some placeholder text that you will not want to distribute to your readers.
INFO    : *              located at: pretext/book/chapter/section/subsection/exercises/subexercises/exercise/statement/p/xref
INFO    : *              located within: "exer_prove_uniq_soln" (xml:id)
WARNING : * PTX:WARNING:    An <xref> wants to build text using a number to identify the target, but the target (which has @xml:id "act_handshakes") does not have a number. You could try 'text="title"' or 'text="custom"' on the "xref".
INFO    : *              located at: pretext/book/chapter/section/subsection/activity/p/ol/li/p/xref
INFO    : *              located within: "act_next_term_explicit" (xml:id), "Modeling with explicitly-defined sequences" (title)
WARNING : * PTX:WARNING:    An <xref> wants to build text using a number to identify the target, but the target (which has @xml:id "act_handshakes") does not have a number. You could try 'text="title"' or 'text="custom"' on the "xref".
INFO    : *              located at: pretext/book/chapter/section/subsection/example/statement/p/ol/li/p/solution/p/xref
INFO    : *              located within: "part_NTE_exam_hs" (xml:id)
ERROR   : * PTX:ERROR:   a cross-reference ("xref") uses references [pff_if_then_direct] that do not point to any target, or perhaps point to multiple targets.  Maybe you typed an @xml:id value wrong, maybe the target of the @xml:id is nonexistent, or maybe you temporarily removed the target from your source, or maybe an auxiliary file contains a duplicate.  Your output will contain some placeholder text that you will not want to distribute to your readers.
INFO    : *              located at: pretext/book/chapter/section/subsection/example/statement/p/ol/li/p/solution/p/xref
INFO    : *              located within: "part_subset_proof" (xml:id)
WARNING : * PTX:WARNING: Unstructured content within a list item is being ignored ("Calculate")
INFO    : *              located at: pretext/book/chapter/section/subsection/activity/p/ol/li
INFO    : *              located within: "part_OR" (xml:id)
WARNING : * PTX:WARNING: Unstructured content within a list item is being ignored ("if")
INFO    : *              located at: pretext/book/chapter/section/subsection/activity/p/ol/li
INFO    : *              located within: "part_OR" (xml:id)
WARNING : * PTX:WARNING: Unstructured content within a list item is being ignored ("and")
INFO    : *              located at: pretext/book/chapter/section/subsection/activity/p/ol/li
INFO    : *              located within: "part_OR" (xml:id)
WARNING : * PTX:WARNING: Unstructured content within a list item is being ignored (". It might help to line up the bit strings as follows.")
INFO    : *              located at: pretext/book/chapter/section/subsection/activity/p/ol/li
INFO    : *              located within: "part_OR" (xml:id)
ERROR   : * PTX:ERROR:   a cross-reference ("xref") uses references [pff_if_then_direct] that do not point to any target, or perhaps point to multiple targets.  Maybe you typed an @xml:id value wrong, maybe the target of the @xml:id is nonexistent, or maybe you temporarily removed the target from your source, or maybe an auxiliary file contains a duplicate.  Your output will contain some placeholder text that you will not want to distribute to your readers.
INFO    : *              located at: pretext/book/chapter/section/subsection/example/statement/p/ol/li/p/solution/p/xref
INFO    : *              located within: "part_proof_cong" (xml:id)
ERROR   : * PTX:ERROR:   a cross-reference ("xref") uses references [pff_if_then_direct] that do not point to any target, or perhaps point to multiple targets.  Maybe you typed an @xml:id value wrong, maybe the target of the @xml:id is nonexistent, or maybe you temporarily removed the target from your source, or maybe an auxiliary file contains a duplicate.  Your output will contain some placeholder text that you will not want to distribute to your readers.
INFO    : *              located at: pretext/book/chapter/section/subsection/definition/statement/p/ol/li/p/xref
INFO    : *              located within: "defn_math_ind" (xml:id), "Proof by mathematical induction" (title)
WARNING : * PTX:WARNING: Unstructured content within a list item is being ignored ("For example,")
INFO    : *              located at: pretext/book/chapter/section/subsection/definition/statement/p/ol/li
INFO    : *              located within: "defn_proper_bs" (xml:id), "Proper bit strings" (title)
WARNING : * PTX:WARNING: Unstructured content within a list item is being ignored ("is proper, as we show in")
INFO    : *              located at: pretext/book/chapter/section/subsection/definition/statement/p/ol/li
INFO    : *              located within: "defn_proper_bs" (xml:id), "Proper bit strings" (title)
WARNING : * PTX:WARNING: Unstructured content within a list item is being ignored (".")
INFO    : *              located at: pretext/book/chapter/section/subsection/definition/statement/p/ol/li
INFO    : *              located within: "defn_proper_bs" (xml:id), "Proper bit strings" (title)
ERROR   : * PTX:ERROR:   a cross-reference ("xref") uses references [pff_math_ind] that do not point to any target, or perhaps point to multiple targets.  Maybe you typed an @xml:id value wrong, maybe the target of the @xml:id is nonexistent, or maybe you temporarily removed the target from your source, or maybe an auxiliary file contains a duplicate.  Your output will contain some placeholder text that you will not want to distribute to your readers.
INFO    : *              located at: pretext/book/chapter/section/subsection/example/statement/p/xref
INFO    : *              located within: "exam_math_ind_all0s_proper" (xml:id), "Proof by mathematical induction that involves recursively-defined set" (title)
ERROR   : * PTX:ERROR:   a cross-reference ("xref") uses references [pff_math_ind_matrix] that do not point to any target, or perhaps point to multiple targets.  Maybe you typed an @xml:id value wrong, maybe the target of the @xml:id is nonexistent, or maybe you temporarily removed the target from your source, or maybe an auxiliary file contains a duplicate.  Your output will contain some placeholder text that you will not want to distribute to your readers.
INFO    : *              located at: pretext/book/chapter/section/subsection/example/statement/p/ol/li/p/xref
INFO    : *              located within: "part_proof_matrix_fib" (xml:id)
ERROR   : * PTX:ERROR:   a cross-reference ("xref") uses references [pff_math_ind_matrix] that do not point to any target, or perhaps point to multiple targets.  Maybe you typed an @xml:id value wrong, maybe the target of the @xml:id is nonexistent, or maybe you temporarily removed the target from your source, or maybe an auxiliary file contains a duplicate.  Your output will contain some placeholder text that you will not want to distribute to your readers.
INFO    : *              located at: pretext/book/chapter/section/subsection/example/statement/p/ol/li/p/solution/p/xref
INFO    : *              located within: "part_proof_matrix_fib" (xml:id)
ERROR   : * PTX:ERROR:   a cross-reference ("xref") uses references [pff_strong_math_ind] that do not point to any target, or perhaps point to multiple targets.  Maybe you typed an @xml:id value wrong, maybe the target of the @xml:id is nonexistent, or maybe you temporarily removed the target from your source, or maybe an auxiliary file contains a duplicate.  Your output will contain some placeholder text that you will not want to distribute to your readers.
INFO    : *              located at: pretext/book/chapter/section/subsection/example/statement/p/xref
INFO    : *              located within: "exam_strong_math_ind" (xml:id), "Using strong mathematical induction" (title)
ERROR   : * PTX:ERROR:   a cross-reference ("xref") uses references [pff_strong_math_ind_seq] that do not point to any target, or perhaps point to multiple targets.  Maybe you typed an @xml:id value wrong, maybe the target of the @xml:id is nonexistent, or maybe you temporarily removed the target from your source, or maybe an auxiliary file contains a duplicate.  Your output will contain some placeholder text that you will not want to distribute to your readers.
INFO    : *              located at: pretext/book/chapter/section/subsection/activity/p/ol/li/p/xref
INFO    : *              located within: "act_strong_math_ind_lucas" (xml:id), "Strong mathematical induction" (title)
ERROR   : * PTX:ERROR:   a cross-reference ("xref") uses references [pff_strong_math_ind_seq] that do not point to any target, or perhaps point to multiple targets.  Maybe you typed an @xml:id value wrong, maybe the target of the @xml:id is nonexistent, or maybe you temporarily removed the target from your source, or maybe an auxiliary file contains a duplicate.  Your output will contain some placeholder text that you will not want to distribute to your readers.
INFO    : *              located at: pretext/book/chapter/section/subsection/activity/p/ol/li/p/xref
INFO    : *              located within: "act_strong_math_ind_lucas" (xml:id), "Strong mathematical induction" (title)
ERROR   : * PTX:ERROR:   a cross-reference ("xref") uses references [pff_strong_math_ind_seq] that do not point to any target, or perhaps point to multiple targets.  Maybe you typed an @xml:id value wrong, maybe the target of the @xml:id is nonexistent, or maybe you temporarily removed the target from your source, or maybe an auxiliary file contains a duplicate.  Your output will contain some placeholder text that you will not want to distribute to your readers.
INFO    : *              located at: pretext/book/chapter/section/subsection/example/statement/p/xref
INFO    : *              located within: "exam_strong_math_ind_explicit" (xml:id), "Verifying the explicit form of second order recursively-defined sequence" (title)
ERROR   : * PTX:ERROR:   a cross-reference ("xref") uses references [pff_math_ind_matrix] that do not point to any target, or perhaps point to multiple targets.  Maybe you typed an @xml:id value wrong, maybe the target of the @xml:id is nonexistent, or maybe you temporarily removed the target from your source, or maybe an auxiliary file contains a duplicate.  Your output will contain some placeholder text that you will not want to distribute to your readers.
INFO    : *              located at: pretext/book/chapter/section/subsection/paragraphs/exercise/statement/p/xref
INFO    : *              located within: "exer_fib_matrix_another_proof" (xml:id), "Understand" (title)
ERROR   : * PTX:ERROR:   a cross-reference ("xref") uses references [pff_strong_math_ind] that do not point to any target, or perhaps point to multiple targets.  Maybe you typed an @xml:id value wrong, maybe the target of the @xml:id is nonexistent, or maybe you temporarily removed the target from your source, or maybe an auxiliary file contains a duplicate.  Your output will contain some placeholder text that you will not want to distribute to your readers.
INFO    : *              located at: pretext/book/chapter/section/subsection/paragraphs/exercise/statement/p/xref
INFO    : *              located within: "exer_properbs_number0s" (xml:id), "Practice" (title)
ERROR   : * PTX:ERROR:   a cross-reference ("xref") uses references [pff_strong_math_ind_seq] that do not point to any target, or perhaps point to multiple targets.  Maybe you typed an @xml:id value wrong, maybe the target of the @xml:id is nonexistent, or maybe you temporarily removed the target from your source, or maybe an auxiliary file contains a duplicate.  Your output will contain some placeholder text that you will not want to distribute to your readers.
INFO    : *              located at: pretext/book/chapter/section/subsection/paragraphs/exercise/statement/p/xref
INFO    : *              located within: "exer_math_ind_second_order_linear" (xml:id), "Practice" (title)
ERROR   : * PTX:ERROR:   a cross-reference ("xref") uses references [pff_strong_math_ind] that do not point to any target, or perhaps point to multiple targets.  Maybe you typed an @xml:id value wrong, maybe the target of the @xml:id is nonexistent, or maybe you temporarily removed the target from your source, or maybe an auxiliary file contains a duplicate.  Your output will contain some placeholder text that you will not want to distribute to your readers.
INFO    : *              located at: pretext/book/chapter/section/subsection/paragraphs/exercise/statement/p/xref
INFO    : *              located within: "exer_properbs_starting0s" (xml:id), "Understand" (title)
ERROR   : * PTX:ERROR:   a cross-reference ("xref") uses references [pff_strong_math_ind_seq] that do not point to any target, or perhaps point to multiple targets.  Maybe you typed an @xml:id value wrong, maybe the target of the @xml:id is nonexistent, or maybe you temporarily removed the target from your source, or maybe an auxiliary file contains a duplicate.  Your output will contain some placeholder text that you will not want to distribute to your readers.
INFO    : *              located at: pretext/book/chapter/section/subsection/paragraphs/exercise/statement/p/xref
INFO    : *              located within: "exer_math_ind_second_order_powerof2" (xml:id), "Understand" (title)
ERROR   : * PTX:ERROR:   a cross-reference ("xref") uses references [pff_strong_math_ind_seq] that do not point to any target, or perhaps point to multiple targets.  Maybe you typed an @xml:id value wrong, maybe the target of the @xml:id is nonexistent, or maybe you temporarily removed the target from your source, or maybe an auxiliary file contains a duplicate.  Your output will contain some placeholder text that you will not want to distribute to your readers.
INFO    : *              located at: pretext/book/chapter/section/subsection/paragraphs/exercise/statement/p/xref
INFO    : *              located within: "exer_math_ind_second_order_powerof5" (xml:id), "Understand" (title)
ERROR   : * PTX:ERROR:   a cross-reference ("xref") uses references [pff_strong_math_ind_seq] that do not point to any target, or perhaps point to multiple targets.  Maybe you typed an @xml:id value wrong, maybe the target of the @xml:id is nonexistent, or maybe you temporarily removed the target from your source, or maybe an auxiliary file contains a duplicate.  Your output will contain some placeholder text that you will not want to distribute to your readers.
INFO    : *              located at: pretext/book/chapter/section/subsection/paragraphs/exercise/statement/p/xref
INFO    : *              located within: "exer_strong_math_ind_alternating" (xml:id), "Understand" (title)
ERROR   : * PTX:ERROR:   a cross-reference ("xref") uses references [pff_strong_math_ind_seq] that do not point to any target, or perhaps point to multiple targets.  Maybe you typed an @xml:id value wrong, maybe the target of the @xml:id is nonexistent, or maybe you temporarily removed the target from your source, or maybe an auxiliary file contains a duplicate.  Your output will contain some placeholder text that you will not want to distribute to your readers.
INFO    : *              located at: pretext/book/chapter/section/subsection/paragraphs/exercise/statement/p/ol/li/p/xref
INFO    : *              located within: "exer_binets_formula" (xml:id), "Explore" (title)
WARNING : * PTX:WARNING:    An <xref> wants to build text using a number to identify the target, but the target (which has @xml:id "thm_hs") does not have a number. You could try 'text="title"' or 'text="custom"' on the "xref".
INFO    : *              located at: pretext/book/chapter/introduction/p/xref
INFO    : *              located within: "ch_sum_prod" (xml:id), "Sums and Products" (title)
WARNING : * PTX:WARNING:    An <xref> wants to build text using a number to identify the target, but the target (which has @xml:id "exer_fact_rep_divisibility") does not have a number. You could try 'text="title"' or 'text="custom"' on the "xref".
INFO    : *              located at: pretext/book/chapter/section/subsection/paragraphs/p/xref
INFO    : *              located within: "Exercise 6 Select Answers and Hints" (title)
ERROR   : * PTX:ERROR:   a cross-reference ("xref") uses references [pff_comb_proof] that do not point to any target, or perhaps point to multiple targets.  Maybe you typed an @xml:id value wrong, maybe the target of the @xml:id is nonexistent, or maybe you temporarily removed the target from your source, or maybe an auxiliary file contains a duplicate.  Your output will contain some placeholder text that you will not want to distribute to your readers.
INFO    : *              located at: pretext/book/chapter/section/subsection/example/statement/p/xref
INFO    : *              located within: "exam_proof_explicit_binom" (xml:id), "Combinatorial proof of the explicit formula for the binomial coefficients" (title)
ERROR   : * PTX:ERROR:   a cross-reference ("xref") uses references [pff_comb_proof] that do not point to any target, or perhaps point to multiple targets.  Maybe you typed an @xml:id value wrong, maybe the target of the @xml:id is nonexistent, or maybe you temporarily removed the target from your source, or maybe an auxiliary file contains a duplicate.  Your output will contain some placeholder text that you will not want to distribute to your readers.
INFO    : *              located at: pretext/book/chapter/section/subsection/exercises/subexercises/exercise/statement/p/xref
INFO    : *              located within: "exer_arith_tri_prove_sym" (xml:id), "Understand" (title)
ERROR   : * PTX:ERROR:   a cross-reference ("xref") uses references [pff_comb_proof] that do not point to any target, or perhaps point to multiple targets.  Maybe you typed an @xml:id value wrong, maybe the target of the @xml:id is nonexistent, or maybe you temporarily removed the target from your source, or maybe an auxiliary file contains a duplicate.  Your output will contain some placeholder text that you will not want to distribute to your readers.
INFO    : *              located at: pretext/book/chapter/section/subsection/exercises/subexercises/exercise/statement/p/ol/li/p/xref
INFO    : *              located within: "exer_dyk_binom_formula" (xml:id), "Recap" (title)
ERROR   : * PTX:ERROR:   a cross-reference ("xref") uses references [pff_comb_proof] that do not point to any target, or perhaps point to multiple targets.  Maybe you typed an @xml:id value wrong, maybe the target of the @xml:id is nonexistent, or maybe you temporarily removed the target from your source, or maybe an auxiliary file contains a duplicate.  Your output will contain some placeholder text that you will not want to distribute to your readers.
INFO    : *              located at: pretext/book/chapter/section/subsection/exercises/subexercises/exercise/statement/p/xref
INFO    : *              located within: "exer_comb_pf_recursion_arith_tri" (xml:id), "Explore" (title)
WARNING : * PTX:WARNING:    An <xref> wants to build text using a number to identify the target, but the target (which has @xml:id "thm_hs") does not have a number. You could try 'text="title"' or 'text="custom"' on the "xref".
INFO    : *              located at: pretext/book/chapter/section/introduction/p/xref
INFO    : *              located within: "sec_sum_proofs" (xml:id), "Proofs of Explicit Formulas for Sums and Products" (title)
ERROR   : * PTX:ERROR:   a cross-reference ("xref") uses references [pff_comb_proof] that do not point to any target, or perhaps point to multiple targets.  Maybe you typed an @xml:id value wrong, maybe the target of the @xml:id is nonexistent, or maybe you temporarily removed the target from your source, or maybe an auxiliary file contains a duplicate.  Your output will contain some placeholder text that you will not want to distribute to your readers.
INFO    : *              located at: pretext/book/chapter/section/subsection/p/xref
INFO    : *              located within: "sub_pff_comb_sums" (xml:id), "Proof Format: Combinatorial Proof of Sums" (title)
WARNING : * PTX:WARNING:    An <xref> wants to build text using a number to identify the target, but the target (which has @xml:id "act_handshakes") does not have a number. You could try 'text="title"' or 'text="custom"' on the "xref".
INFO    : *              located at: pretext/book/chapter/section/subsection/activity/p/ol/li/p/xref
INFO    : *              located within: "act_special_sums" (xml:id), "Special sums" (title)
WARNING : * PTX:WARNING:    An <xref> wants to build text using a number to identify the target, but the target (which has @xml:id "thm_hs") does not have a number. You could try 'text="title"' or 'text="custom"' on the "xref".
INFO    : *              located at: pretext/book/chapter/section/subsection/activity/p/ol/li/p/xref
INFO    : *              located within: "act_special_sums" (xml:id), "Special sums" (title)
WARNING : * PTX:WARNING:    An <xref> wants to build text using a number to identify the target, but the target (which has @xml:id "act_handshakes") does not have a number. You could try 'text="title"' or 'text="custom"' on the "xref".
INFO    : *              located at: pretext/book/chapter/section/subsection/p/xref
INFO    : *              located within: "sub_special_sums" (xml:id), "Detour: Special Sums" (title)
ERROR   : * PTX:ERROR:   a cross-reference ("xref") uses references [pff_comb_proof_sum] that do not point to any target, or perhaps point to multiple targets.  Maybe you typed an @xml:id value wrong, maybe the target of the @xml:id is nonexistent, or maybe you temporarily removed the target from your source, or maybe an auxiliary file contains a duplicate.  Your output will contain some placeholder text that you will not want to distribute to your readers.
INFO    : *              located at: pretext/book/chapter/section/subsection/exercises/subexercises/exercise/statement/p/xref
INFO    : *              located within: "exer_comb_pf_sum_hockey_stick" (xml:id), "Explore" (title)
WARNING : * PTX:WARNING:    An <xref> wants to build text using a number to identify the target, but the target (which has @xml:id "fig_K6") does not have a number. You could try 'text="title"' or 'text="custom"' on the "xref".
INFO    : *              located at: pretext/book/chapter/example/solution/p/xref
INFO    : *              located within: "exam_hs6" (xml:id), "Six students shake hands" (title)
WARNING : * PTX:WARNING:    An <xref> wants to build text using a number to identify the target, but the target (which has @xml:id "fig_K6") does not have a number. You could try 'text="title"' or 'text="custom"' on the "xref".
INFO    : *              located at: pretext/book/chapter/example/solution/p/p/xref
INFO    : *              located within: "exam_hs6" (xml:id), "Six students shake hands" (title)
WARNING : * PTX:WARNING:    An <xref> wants to build text using a number to identify the target, but the target (which has @xml:id "act_handshakes") does not have a number. You could try 'text="title"' or 'text="custom"' on the "xref".
INFO    : *              located at: pretext/book/chapter/example/solution/p/xref
INFO    : *              located within: "exam_hs6" (xml:id), "Six students shake hands" (title)
WARNING : * PTX:WARNING:    An <xref> wants to build text using a number to identify the target, but the target (which has @xml:id "act_handshakes") does not have a number. You could try 'text="title"' or 'text="custom"' on the "xref".
INFO    : *              located at: pretext/book/chapter/example/solution/p/xref
INFO    : *              located within: "exam_hs6" (xml:id), "Six students shake hands" (title)
WARNING : * PTX:WARNING:    An <xref> wants to build text using a number to identify the target, but the target (which has @xml:id "exam_hs6") does not have a number. You could try 'text="title"' or 'text="custom"' on the "xref".
INFO    : *              located at: pretext/book/chapter/section/subsection/example/statement/p/ol/li/p/xref
INFO    : *              located within: "part_hs_complete" (xml:id)
WARNING : * PTX:WARNING:    An <xref> wants to build text using a number to identify the target, but the target (which has @xml:id "exam_hs6") does not have a number. You could try 'text="title"' or 'text="custom"' on the "xref".
INFO    : *              located at: pretext/book/chapter/section/subsection/example/statement/p/ol/li/p/xref
INFO    : *              located within: "part_hs_complete" (xml:id)
ERROR   : * PTX:ERROR:   a cross-reference ("xref") uses references [pff_forall] that do not point to any target, or perhaps point to multiple targets.  Maybe you typed an @xml:id value wrong, maybe the target of the @xml:id is nonexistent, or maybe you temporarily removed the target from your source, or maybe an auxiliary file contains a duplicate.  Your output will contain some placeholder text that you will not want to distribute to your readers.
INFO    : *              located at: pretext/book/chapter/section/subsection/exercises/subexercises/exercise/statement/p/ol/li/p/xref
INFO    : *              located within: "part_EAthm_implies" (xml:id)
ERROR   : * PTX:ERROR:   a cross-reference ("xref") uses references [pff_if_then_direct] that do not point to any target, or perhaps point to multiple targets.  Maybe you typed an @xml:id value wrong, maybe the target of the @xml:id is nonexistent, or maybe you temporarily removed the target from your source, or maybe an auxiliary file contains a duplicate.  Your output will contain some placeholder text that you will not want to distribute to your readers.
INFO    : *              located at: pretext/book/chapter/section/subsection/exercises/subexercises/exercise/statement/p/ol/li/p/xref
INFO    : *              located within: "part_EAthm_implies" (xml:id)
ERROR   : * PTX:ERROR:   a cross-reference ("xref") uses references [pff_forall] that do not point to any target, or perhaps point to multiple targets.  Maybe you typed an @xml:id value wrong, maybe the target of the @xml:id is nonexistent, or maybe you temporarily removed the target from your source, or maybe an auxiliary file contains a duplicate.  Your output will contain some placeholder text that you will not want to distribute to your readers.
INFO    : *              located at: pretext/book/chapter/section/subsection/exercises/subexercises/exercise/statement/p/ol/li/p/xref
INFO    : *              located within: "part_EAthm_converse" (xml:id)
ERROR   : * PTX:ERROR:   a cross-reference ("xref") uses references [pff_if_then_direct] that do not point to any target, or perhaps point to multiple targets.  Maybe you typed an @xml:id value wrong, maybe the target of the @xml:id is nonexistent, or maybe you temporarily removed the target from your source, or maybe an auxiliary file contains a duplicate.  Your output will contain some placeholder text that you will not want to distribute to your readers.
INFO    : *              located at: pretext/book/chapter/section/subsection/exercises/subexercises/exercise/statement/p/ol/li/p/xref
INFO    : *              located within: "part_EAthm_converse" (xml:id)
WARNING : * PTX:WARNING: Unstructured content within a list item is being ignored ("In this textbook we abbreviate true as")
INFO    : *              located at: pretext/book/chapter/section/subsection/definition/statement/p/ol/li
INFO    : *              located within: "defn_and_or_xor" (xml:id), "And, or, and xor" (title)
WARNING : * PTX:WARNING: Unstructured content within a list item is being ignored ("and false as")
INFO    : *              located at: pretext/book/chapter/section/subsection/definition/statement/p/ol/li
INFO    : *              located within: "defn_and_or_xor" (xml:id), "And, or, and xor" (title)
WARNING : * PTX:WARNING: Unstructured content within a list item is being ignored (". Some computer science textbooks use")
INFO    : *              located at: pretext/book/chapter/section/subsection/definition/statement/p/ol/li
INFO    : *              located within: "defn_and_or_xor" (xml:id), "And, or, and xor" (title)
WARNING : * PTX:WARNING: Unstructured content within a list item is being ignored ("for true and")
INFO    : *              located at: pretext/book/chapter/section/subsection/definition/statement/p/ol/li
INFO    : *              located within: "defn_and_or_xor" (xml:id), "And, or, and xor" (title)
WARNING : * PTX:WARNING: Unstructured content within a list item is being ignored ("for false instead.")
INFO    : *              located at: pretext/book/chapter/section/subsection/definition/statement/p/ol/li
INFO    : *              located within: "defn_and_or_xor" (xml:id), "And, or, and xor" (title)
ERROR   : * PTX:ERROR:   a cross-reference ("xref") uses references [pff_contradiction] that do not point to any target, or perhaps point to multiple targets.  Maybe you typed an @xml:id value wrong, maybe the target of the @xml:id is nonexistent, or maybe you temporarily removed the target from your source, or maybe an auxiliary file contains a duplicate.  Your output will contain some placeholder text that you will not want to distribute to your readers.
INFO    : *              located at: pretext/book/chapter/section/subsection/exercises/subexercises/exercise/statement/p/xref
INFO    : *              located within: "exer_not_both_even_odd" (xml:id), "Explore" (title)
ERROR   : * PTX:ERROR:   a cross-reference ("xref") uses references [pff_exists] that do not point to any target, or perhaps point to multiple targets.  Maybe you typed an @xml:id value wrong, maybe the target of the @xml:id is nonexistent, or maybe you temporarily removed the target from your source, or maybe an auxiliary file contains a duplicate.  Your output will contain some placeholder text that you will not want to distribute to your readers.
INFO    : *              located at: pretext/book/chapter/section/subsection/activity/p/ol/li/p/xref
INFO    : *              located within: "part_exists_int_4div" (xml:id)
ERROR   : * PTX:ERROR:   a cross-reference ("xref") uses references [pff_forall] that do not point to any target, or perhaps point to multiple targets.  Maybe you typed an @xml:id value wrong, maybe the target of the @xml:id is nonexistent, or maybe you temporarily removed the target from your source, or maybe an auxiliary file contains a duplicate.  Your output will contain some placeholder text that you will not want to distribute to your readers.
INFO    : *              located at: pretext/book/chapter/section/subsection/activity/p/ol/li/p/xref
INFO    : *              located within: "part_ndivnfactorial" (xml:id)
ERROR   : * PTX:ERROR:   a cross-reference ("xref") uses references [pff_forall] that do not point to any target, or perhaps point to multiple targets.  Maybe you typed an @xml:id value wrong, maybe the target of the @xml:id is nonexistent, or maybe you temporarily removed the target from your source, or maybe an auxiliary file contains a duplicate.  Your output will contain some placeholder text that you will not want to distribute to your readers.
INFO    : *              located at: pretext/book/chapter/section/subsection/activity/p/ol/li/p/xref
INFO    : *              located within: "part_proof_forall_exists" (xml:id)
ERROR   : * PTX:ERROR:   a cross-reference ("xref") uses references [pff_exists] that do not point to any target, or perhaps point to multiple targets.  Maybe you typed an @xml:id value wrong, maybe the target of the @xml:id is nonexistent, or maybe you temporarily removed the target from your source, or maybe an auxiliary file contains a duplicate.  Your output will contain some placeholder text that you will not want to distribute to your readers.
INFO    : *              located at: pretext/book/chapter/section/subsection/activity/p/ol/li/p/xref
INFO    : *              located within: "part_proof_forall_exists" (xml:id)
ERROR   : * PTX:ERROR:   a cross-reference ("xref") uses references [pff_exists] that do not point to any target, or perhaps point to multiple targets.  Maybe you typed an @xml:id value wrong, maybe the target of the @xml:id is nonexistent, or maybe you temporarily removed the target from your source, or maybe an auxiliary file contains a duplicate.  Your output will contain some placeholder text that you will not want to distribute to your readers.
INFO    : *              located at: pretext/book/chapter/section/subsection/activity/p/ol/li/p/xref
INFO    : *              located within: "part_proof_exists_forall" (xml:id)
ERROR   : * PTX:ERROR:   a cross-reference ("xref") uses references [pff_forall] that do not point to any target, or perhaps point to multiple targets.  Maybe you typed an @xml:id value wrong, maybe the target of the @xml:id is nonexistent, or maybe you temporarily removed the target from your source, or maybe an auxiliary file contains a duplicate.  Your output will contain some placeholder text that you will not want to distribute to your readers.
INFO    : *              located at: pretext/book/chapter/section/subsection/activity/p/ol/li/p/xref
INFO    : *              located within: "part_proof_exists_forall" (xml:id)
ERROR   : * PTX:ERROR:   a cross-reference ("xref") uses references [pff_forall] that do not point to any target, or perhaps point to multiple targets.  Maybe you typed an @xml:id value wrong, maybe the target of the @xml:id is nonexistent, or maybe you temporarily removed the target from your source, or maybe an auxiliary file contains a duplicate.  Your output will contain some placeholder text that you will not want to distribute to your readers.
INFO    : *              located at: pretext/book/chapter/section/subsection/activity/p/ol/li/p/xref
INFO    : *              located within: "part_proof_forall_exists" (xml:id)
ERROR   : * PTX:ERROR:   a cross-reference ("xref") uses references [pff_exists] that do not point to any target, or perhaps point to multiple targets.  Maybe you typed an @xml:id value wrong, maybe the target of the @xml:id is nonexistent, or maybe you temporarily removed the target from your source, or maybe an auxiliary file contains a duplicate.  Your output will contain some placeholder text that you will not want to distribute to your readers.
INFO    : *              located at: pretext/book/chapter/section/subsection/activity/p/ol/li/p/xref
INFO    : *              located within: "part_proof_forall_exists" (xml:id)
ERROR   : * PTX:ERROR:   a cross-reference ("xref") uses references [pff_exists] that do not point to any target, or perhaps point to multiple targets.  Maybe you typed an @xml:id value wrong, maybe the target of the @xml:id is nonexistent, or maybe you temporarily removed the target from your source, or maybe an auxiliary file contains a duplicate.  Your output will contain some placeholder text that you will not want to distribute to your readers.
INFO    : *              located at: pretext/book/chapter/section/subsection/activity/p/ol/li/p/xref
INFO    : *              located within: "part_proof_exists_forall" (xml:id)
ERROR   : * PTX:ERROR:   a cross-reference ("xref") uses references [pff_forall] that do not point to any target, or perhaps point to multiple targets.  Maybe you typed an @xml:id value wrong, maybe the target of the @xml:id is nonexistent, or maybe you temporarily removed the target from your source, or maybe an auxiliary file contains a duplicate.  Your output will contain some placeholder text that you will not want to distribute to your readers.
INFO    : *              located at: pretext/book/chapter/section/subsection/activity/p/ol/li/p/xref
INFO    : *              located within: "part_proof_exists_forall" (xml:id)
ERROR   : * PTX:ERROR:   a cross-reference ("xref") uses references [pff_forall] that do not point to any target, or perhaps point to multiple targets.  Maybe you typed an @xml:id value wrong, maybe the target of the @xml:id is nonexistent, or maybe you temporarily removed the target from your source, or maybe an auxiliary file contains a duplicate.  Your output will contain some placeholder text that you will not want to distribute to your readers.
INFO    : *              located at: pretext/book/chapter/section/subsection/example/solution/p/xref
INFO    : *              located within: "exam_6qminus10_is_even" (xml:id), "6q-10 is even" (title)
ERROR   : * PTX:ERROR:   a cross-reference ("xref") uses references [pff_exists] that do not point to any target, or perhaps point to multiple targets.  Maybe you typed an @xml:id value wrong, maybe the target of the @xml:id is nonexistent, or maybe you temporarily removed the target from your source, or maybe an auxiliary file contains a duplicate.  Your output will contain some placeholder text that you will not want to distribute to your readers.
INFO    : *              located at: pretext/book/chapter/section/subsection/activity/p/ol/li/p/xref
INFO    : *              located within: "part_exists_int_4div" (xml:id)
ERROR   : * PTX:ERROR:   a cross-reference ("xref") uses references [pff_forall] that do not point to any target, or perhaps point to multiple targets.  Maybe you typed an @xml:id value wrong, maybe the target of the @xml:id is nonexistent, or maybe you temporarily removed the target from your source, or maybe an auxiliary file contains a duplicate.  Your output will contain some placeholder text that you will not want to distribute to your readers.
INFO    : *              located at: pretext/book/chapter/section/subsection/activity/p/ol/li/p/xref
INFO    : *              located within: "part_ndivnfactorial" (xml:id)
ERROR   : * PTX:ERROR:   a cross-reference ("xref") uses references [pff_forall] that do not point to any target, or perhaps point to multiple targets.  Maybe you typed an @xml:id value wrong, maybe the target of the @xml:id is nonexistent, or maybe you temporarily removed the target from your source, or maybe an auxiliary file contains a duplicate.  Your output will contain some placeholder text that you will not want to distribute to your readers.
INFO    : *              located at: pretext/book/chapter/section/subsection/activity/p/ol/li/p/xref
INFO    : *              located within: "part_if_then_direct" (xml:id)
ERROR   : * PTX:ERROR:   a cross-reference ("xref") uses references [pff_if_then_direct] that do not point to any target, or perhaps point to multiple targets.  Maybe you typed an @xml:id value wrong, maybe the target of the @xml:id is nonexistent, or maybe you temporarily removed the target from your source, or maybe an auxiliary file contains a duplicate.  Your output will contain some placeholder text that you will not want to distribute to your readers.
INFO    : *              located at: pretext/book/chapter/section/subsection/activity/p/ol/li/p/xref
INFO    : *              located within: "part_if_then_direct" (xml:id)
ERROR   : * PTX:ERROR:   a cross-reference ("xref") uses references [pff_forall] that do not point to any target, or perhaps point to multiple targets.  Maybe you typed an @xml:id value wrong, maybe the target of the @xml:id is nonexistent, or maybe you temporarily removed the target from your source, or maybe an auxiliary file contains a duplicate.  Your output will contain some placeholder text that you will not want to distribute to your readers.
INFO    : *              located at: pretext/book/chapter/section/subsection/activity/p/ol/li/p/xref
INFO    : *              located within: "part_or_implication" (xml:id)
ERROR   : * PTX:ERROR:   a cross-reference ("xref") uses references [pff_or_implication] that do not point to any target, or perhaps point to multiple targets.  Maybe you typed an @xml:id value wrong, maybe the target of the @xml:id is nonexistent, or maybe you temporarily removed the target from your source, or maybe an auxiliary file contains a duplicate.  Your output will contain some placeholder text that you will not want to distribute to your readers.
INFO    : *              located at: pretext/book/chapter/section/subsection/activity/p/ol/li/p/xref
INFO    : *              located within: "part_or_implication" (xml:id)
ERROR   : * PTX:ERROR:   a cross-reference ("xref") uses references [pff_forall] that do not point to any target, or perhaps point to multiple targets.  Maybe you typed an @xml:id value wrong, maybe the target of the @xml:id is nonexistent, or maybe you temporarily removed the target from your source, or maybe an auxiliary file contains a duplicate.  Your output will contain some placeholder text that you will not want to distribute to your readers.
INFO    : *              located at: pretext/book/chapter/section/subsection/exercises/subexercises/exercise/statement/p/ol/li/p/xref
INFO    : *              located within: "part_EAthm_implies" (xml:id)
ERROR   : * PTX:ERROR:   a cross-reference ("xref") uses references [pff_if_then_direct] that do not point to any target, or perhaps point to multiple targets.  Maybe you typed an @xml:id value wrong, maybe the target of the @xml:id is nonexistent, or maybe you temporarily removed the target from your source, or maybe an auxiliary file contains a duplicate.  Your output will contain some placeholder text that you will not want to distribute to your readers.
INFO    : *              located at: pretext/book/chapter/section/subsection/exercises/subexercises/exercise/statement/p/ol/li/p/xref
INFO    : *              located within: "part_EAthm_implies" (xml:id)
ERROR   : * PTX:ERROR:   a cross-reference ("xref") uses references [pff_forall] that do not point to any target, or perhaps point to multiple targets.  Maybe you typed an @xml:id value wrong, maybe the target of the @xml:id is nonexistent, or maybe you temporarily removed the target from your source, or maybe an auxiliary file contains a duplicate.  Your output will contain some placeholder text that you will not want to distribute to your readers.
INFO    : *              located at: pretext/book/chapter/section/subsection/exercises/subexercises/exercise/statement/p/ol/li/p/xref
INFO    : *              located within: "part_EAthm_converse" (xml:id)
ERROR   : * PTX:ERROR:   a cross-reference ("xref") uses references [pff_if_then_direct] that do not point to any target, or perhaps point to multiple targets.  Maybe you typed an @xml:id value wrong, maybe the target of the @xml:id is nonexistent, or maybe you temporarily removed the target from your source, or maybe an auxiliary file contains a duplicate.  Your output will contain some placeholder text that you will not want to distribute to your readers.
INFO    : *              located at: pretext/book/chapter/section/subsection/exercises/subexercises/exercise/statement/p/ol/li/p/xref
INFO    : *              located within: "part_EAthm_converse" (xml:id)
ERROR   : * PTX:ERROR:   a cross-reference ("xref") uses references [pff_forall] that do not point to any target, or perhaps point to multiple targets.  Maybe you typed an @xml:id value wrong, maybe the target of the @xml:id is nonexistent, or maybe you temporarily removed the target from your source, or maybe an auxiliary file contains a duplicate.  Your output will contain some placeholder text that you will not want to distribute to your readers.
INFO    : *              located at: pretext/book/chapter/section/subsection/exercises/subexercises/exercise/statement/p/ol/li/p/xref
INFO    : *              located within: "exer_integer_or_next_is_even" (xml:id), "Practice" (title)
ERROR   : * PTX:ERROR:   a cross-reference ("xref") uses references [pff_or_implication] that do not point to any target, or perhaps point to multiple targets.  Maybe you typed an @xml:id value wrong, maybe the target of the @xml:id is nonexistent, or maybe you temporarily removed the target from your source, or maybe an auxiliary file contains a duplicate.  Your output will contain some placeholder text that you will not want to distribute to your readers.
INFO    : *              located at: pretext/book/chapter/section/subsection/exercises/subexercises/exercise/statement/p/ol/li/p/xref
INFO    : *              located within: "exer_integer_or_next_is_even" (xml:id), "Practice" (title)
ERROR   : * PTX:ERROR:   a cross-reference ("xref") uses references [pff_forall] that do not point to any target, or perhaps point to multiple targets.  Maybe you typed an @xml:id value wrong, maybe the target of the @xml:id is nonexistent, or maybe you temporarily removed the target from your source, or maybe an auxiliary file contains a duplicate.  Your output will contain some placeholder text that you will not want to distribute to your readers.
INFO    : *              located at: pretext/book/chapter/section/subsection/activity/p/ol/li/p/xref
INFO    : *              located within: "part_if_then_direct" (xml:id)
ERROR   : * PTX:ERROR:   a cross-reference ("xref") uses references [pff_if_then_direct] that do not point to any target, or perhaps point to multiple targets.  Maybe you typed an @xml:id value wrong, maybe the target of the @xml:id is nonexistent, or maybe you temporarily removed the target from your source, or maybe an auxiliary file contains a duplicate.  Your output will contain some placeholder text that you will not want to distribute to your readers.
INFO    : *              located at: pretext/book/chapter/section/subsection/activity/p/ol/li/p/xref
INFO    : *              located within: "part_if_then_direct" (xml:id)
ERROR   : * PTX:ERROR:   a cross-reference ("xref") uses references [pff_if_then_cp] that do not point to any target, or perhaps point to multiple targets.  Maybe you typed an @xml:id value wrong, maybe the target of the @xml:id is nonexistent, or maybe you temporarily removed the target from your source, or maybe an auxiliary file contains a duplicate.  Your output will contain some placeholder text that you will not want to distribute to your readers.
INFO    : *              located at: pretext/book/chapter/section/subsection/exercises/subexercises/exercise/statement/p/xref
INFO    : *              located within: "exer_proof_sq_even_implies_even" (xml:id), "Practice" (title)
ERROR   : * PTX:ERROR:   a cross-reference ("xref") uses references [pff_if_then_direct] that do not point to any target, or perhaps point to multiple targets.  Maybe you typed an @xml:id value wrong, maybe the target of the @xml:id is nonexistent, or maybe you temporarily removed the target from your source, or maybe an auxiliary file contains a duplicate.  Your output will contain some placeholder text that you will not want to distribute to your readers.
INFO    : *              located at: pretext/book/chapter/section/subsection/activity/p/ol/li/p/xref
INFO    : *              located within: "act_proofs_equiv_infer" (xml:id), "Proofs with equivalences and inferences" (title)
WARNING : * PTX:WARNING:    An <xref> wants to build text using a number to identify the target, but the target (which has @xml:id "thm_hs") does not have a number. You could try 'text="title"' or 'text="custom"' on the "xref".
INFO    : *              located at: pretext/book/chapter/section/subsection/exercises/subexercises/exercise/statement/p/xref
INFO    : *              located within: "exer_hs_nplus1" (xml:id), "Practice" (title)
ERROR   : * PTX:ERROR:   a cross-reference ("xref") uses references [pff_forall] that do not point to any target, or perhaps point to multiple targets.  Maybe you typed an @xml:id value wrong, maybe the target of the @xml:id is nonexistent, or maybe you temporarily removed the target from your source, or maybe an auxiliary file contains a duplicate.  Your output will contain some placeholder text that you will not want to distribute to your readers.
INFO    : *              located at: pretext/book/chapter/section/subsection/example/statement/p/xref
INFO    : *              located within: "exam_proof_onto" (xml:id), "Proof that a function is onto" (title)
ERROR   : * PTX:ERROR:   a cross-reference ("xref") uses references [pff_exists] that do not point to any target, or perhaps point to multiple targets.  Maybe you typed an @xml:id value wrong, maybe the target of the @xml:id is nonexistent, or maybe you temporarily removed the target from your source, or maybe an auxiliary file contains a duplicate.  Your output will contain some placeholder text that you will not want to distribute to your readers.
INFO    : *              located at: pretext/book/chapter/section/subsection/example/statement/p/xref
INFO    : *              located within: "exam_proof_onto" (xml:id), "Proof that a function is onto" (title)
ERROR   : * PTX:ERROR:   a cross-reference ("xref") uses references [pff_exists] that do not point to any target, or perhaps point to multiple targets.  Maybe you typed an @xml:id value wrong, maybe the target of the @xml:id is nonexistent, or maybe you temporarily removed the target from your source, or maybe an auxiliary file contains a duplicate.  Your output will contain some placeholder text that you will not want to distribute to your readers.
INFO    : *              located at: pretext/book/chapter/section/subsection/example/solution/p/xref
INFO    : *              located within: "exam_proof_onto" (xml:id), "Proof that a function is onto" (title)
ERROR   : * PTX:ERROR:   a cross-reference ("xref") uses references [pff_forall] that do not point to any target, or perhaps point to multiple targets.  Maybe you typed an @xml:id value wrong, maybe the target of the @xml:id is nonexistent, or maybe you temporarily removed the target from your source, or maybe an auxiliary file contains a duplicate.  Your output will contain some placeholder text that you will not want to distribute to your readers.
INFO    : *              located at: pretext/book/chapter/section/subsection/example/solution/p/xref
INFO    : *              located within: "exam_proof_onto" (xml:id), "Proof that a function is onto" (title)
WARNING : * PTX:WARNING:    An <xref> wants to build text using a number to identify the target, but the target (which has @xml:id "act_handshakes") does not have a number. You could try 'text="title"' or 'text="custom"' on the "xref".
INFO    : *              located at: pretext/book/chapter/section/subsection/activity/p/ol/li/p/xref
INFO    : *              located within: "act_next_term_explicit" (xml:id), "Modeling with explicitly-defined sequences" (title)
WARNING : * PTX:WARNING:    An <xref> wants to build text using a number to identify the target, but the target (which has @xml:id "act_handshakes") does not have a number. You could try 'text="title"' or 'text="custom"' on the "xref".
INFO    : *              located at: pretext/book/chapter/section/subsection/example/statement/p/ol/li/p/solution/p/xref
INFO    : *              located within: "part_NTE_exam_hs" (xml:id)
WARNING : * PTX:WARNING:    An <xref> wants to build text using a number to identify the target, but the target (which has @xml:id "act_handshakes") does not have a number. You could try 'text="title"' or 'text="custom"' on the "xref".
INFO    : *              located at: pretext/book/chapter/section/subsection/example/statement/p/ol/li/p/solution/p/xref
INFO    : *              located within: "part_NTE_exam_hs" (xml:id)
ERROR   : * PTX:ERROR:   a cross-reference ("xref") uses references [pff_if_then_direct] that do not point to any target, or perhaps point to multiple targets.  Maybe you typed an @xml:id value wrong, maybe the target of the @xml:id is nonexistent, or maybe you temporarily removed the target from your source, or maybe an auxiliary file contains a duplicate.  Your output will contain some placeholder text that you will not want to distribute to your readers.
INFO    : *              located at: pretext/book/chapter/section/subsection/example/statement/p/ol/li/p/solution/p/xref
INFO    : *              located within: "part_subset_proof" (xml:id)
ERROR   : * PTX:ERROR:   a cross-reference ("xref") uses references [pff_if_then_direct] that do not point to any target, or perhaps point to multiple targets.  Maybe you typed an @xml:id value wrong, maybe the target of the @xml:id is nonexistent, or maybe you temporarily removed the target from your source, or maybe an auxiliary file contains a duplicate.  Your output will contain some placeholder text that you will not want to distribute to your readers.
INFO    : *              located at: pretext/book/chapter/section/subsection/example/statement/p/ol/li/p/solution/p/xref
INFO    : *              located within: "part_subset_proof" (xml:id)
ERROR   : * PTX:ERROR:   a cross-reference ("xref") uses references [pff_if_then_direct] that do not point to any target, or perhaps point to multiple targets.  Maybe you typed an @xml:id value wrong, maybe the target of the @xml:id is nonexistent, or maybe you temporarily removed the target from your source, or maybe an auxiliary file contains a duplicate.  Your output will contain some placeholder text that you will not want to distribute to your readers.
INFO    : *              located at: pretext/book/chapter/section/subsection/example/statement/p/ol/li/p/solution/p/xref
INFO    : *              located within: "part_proof_cong" (xml:id)
ERROR   : * PTX:ERROR:   a cross-reference ("xref") uses references [pff_if_then_direct] that do not point to any target, or perhaps point to multiple targets.  Maybe you typed an @xml:id value wrong, maybe the target of the @xml:id is nonexistent, or maybe you temporarily removed the target from your source, or maybe an auxiliary file contains a duplicate.  Your output will contain some placeholder text that you will not want to distribute to your readers.
INFO    : *              located at: pretext/book/chapter/section/subsection/example/statement/p/ol/li/p/solution/p/xref
INFO    : *              located within: "part_proof_cong" (xml:id)
WARNING : * PTX:WARNING: Unstructured content within a list item is being ignored ("For example,")
INFO    : *              located at: pretext/book/chapter/section/subsection/definition/statement/p/ol/li
INFO    : *              located within: "defn_proper_bs" (xml:id), "Proper bit strings" (title)
WARNING : * PTX:WARNING: Unstructured content within a list item is being ignored ("is proper, as we show in")
INFO    : *              located at: pretext/book/chapter/section/subsection/definition/statement/p/ol/li
INFO    : *              located within: "defn_proper_bs" (xml:id), "Proper bit strings" (title)
WARNING : * PTX:WARNING: Unstructured content within a list item is being ignored (".")
INFO    : *              located at: pretext/book/chapter/section/subsection/definition/statement/p/ol/li
INFO    : *              located within: "defn_proper_bs" (xml:id), "Proper bit strings" (title)
ERROR   : * PTX:ERROR:   a cross-reference ("xref") uses references [pff_math_ind_matrix] that do not point to any target, or perhaps point to multiple targets.  Maybe you typed an @xml:id value wrong, maybe the target of the @xml:id is nonexistent, or maybe you temporarily removed the target from your source, or maybe an auxiliary file contains a duplicate.  Your output will contain some placeholder text that you will not want to distribute to your readers.
INFO    : *              located at: pretext/book/chapter/section/subsection/example/statement/p/ol/li/p/xref
INFO    : *              located within: "part_proof_matrix_fib" (xml:id)
ERROR   : * PTX:ERROR:   a cross-reference ("xref") uses references [pff_math_ind_matrix] that do not point to any target, or perhaps point to multiple targets.  Maybe you typed an @xml:id value wrong, maybe the target of the @xml:id is nonexistent, or maybe you temporarily removed the target from your source, or maybe an auxiliary file contains a duplicate.  Your output will contain some placeholder text that you will not want to distribute to your readers.
INFO    : *              located at: pretext/book/chapter/section/subsection/example/statement/p/ol/li/p/solution/p/xref
INFO    : *              located within: "part_proof_matrix_fib" (xml:id)
ERROR   : * PTX:ERROR:   a cross-reference ("xref") uses references [pff_math_ind_matrix] that do not point to any target, or perhaps point to multiple targets.  Maybe you typed an @xml:id value wrong, maybe the target of the @xml:id is nonexistent, or maybe you temporarily removed the target from your source, or maybe an auxiliary file contains a duplicate.  Your output will contain some placeholder text that you will not want to distribute to your readers.
INFO    : *              located at: pretext/book/chapter/section/subsection/example/statement/p/ol/li/p/xref
INFO    : *              located within: "part_proof_matrix_fib" (xml:id)
ERROR   : * PTX:ERROR:   a cross-reference ("xref") uses references [pff_math_ind_matrix] that do not point to any target, or perhaps point to multiple targets.  Maybe you typed an @xml:id value wrong, maybe the target of the @xml:id is nonexistent, or maybe you temporarily removed the target from your source, or maybe an auxiliary file contains a duplicate.  Your output will contain some placeholder text that you will not want to distribute to your readers.
INFO    : *              located at: pretext/book/chapter/section/subsection/example/statement/p/ol/li/p/solution/p/xref
INFO    : *              located within: "part_proof_matrix_fib" (xml:id)
ERROR   : * PTX:ERROR:   a cross-reference ("xref") uses references [pff_strong_math_ind_seq] that do not point to any target, or perhaps point to multiple targets.  Maybe you typed an @xml:id value wrong, maybe the target of the @xml:id is nonexistent, or maybe you temporarily removed the target from your source, or maybe an auxiliary file contains a duplicate.  Your output will contain some placeholder text that you will not want to distribute to your readers.
INFO    : *              located at: pretext/book/chapter/section/subsection/example/statement/p/xref
INFO    : *              located within: "exam_strong_math_ind_explicit" (xml:id), "Verifying the explicit form of second order recursively-defined sequence" (title)
WARNING : * PTX:WARNING:    An <xref> wants to build text using a number to identify the target, but the target (which has @xml:id "act_handshakes") does not have a number. You could try 'text="title"' or 'text="custom"' on the "xref".
INFO    : *              located at: pretext/book/chapter/section/subsection/activity/p/ol/li/p/xref
INFO    : *              located within: "act_special_sums" (xml:id), "Special sums" (title)
WARNING : * PTX:WARNING:    An <xref> wants to build text using a number to identify the target, but the target (which has @xml:id "thm_hs") does not have a number. You could try 'text="title"' or 'text="custom"' on the "xref".
INFO    : *              located at: pretext/book/chapter/section/subsection/activity/p/ol/li/p/xref
INFO    : *              located within: "act_special_sums" (xml:id), "Special sums" (title)
INFO    : successful application of /home/codespace/.ptx/2.43.2/core/xsl/pretext-html.xsl
INFO    : Removing temporary directory /tmp/ptx-fnurkuok
INFO    : Removing temporary directory /tmp/ptx-j52szuoo
INFO    : 
Finished build for target web. Run `pretext view web` to see the results.

CRITICAL: There were errors during the build.  See above.
INFO    : ------------------------
CRITICAL: Failed to build without errors.  Exiting...
INFO    : 
----------------------------------------------------
INFO    : While running pretext, the following errors occurred:

INFO    : (see log messages above or in the 'logs' folder for more information)
INFO    : ----------------------------------------------------
