WARNING : Using CLI version 2.43.2 but project's `requirements.txt`
WARNING : is configured to use 2.43.1. Consider either installing
WARNING : CLI version 2.43.1 or running `pretext update-project`
WARNING : to update `requirements.txt` and other managed files to match 2.43.2.
INFO    : Building target web
INFO    : XSL conversion of /workspaces/activediscreteTEST0312826/Doree-main/source/main.ptx by /home/codespace/.ptx/2.43.2/core/xsl/utilities/pretext-enhanced-source.xsl
INFO    : successful application of /home/codespace/.ptx/2.43.2/core/xsl/utilities/pretext-enhanced-source.xsl
WARNING : Schema validation could not be completed: no validator was available (jing is not installed and lxml could not compile the schema). Continuing with build.
INFO    : Generating any needed assets.
WARNING : Now generating latex images
INFO    : converting latex-image pictures from /workspaces/activediscreteTEST0312826/Doree-main/source/main.ptx to svg graphics for placement in /workspaces/activediscreteTEST0312826/Doree-main/generated-assets/latex-image
INFO    : extracting latex-image pictures from /workspaces/activediscreteTEST0312826/Doree-main/source/main.ptx
INFO    : string parameters passed to extraction stylesheet: {'cli.version': '2.43', 'publisher': '/workspaces/activediscreteTEST0312826/Doree-main/source/publication.xml'}
INFO    : discovering source file's directory name: /workspaces/activediscreteTEST0312826/Doree-main/source
INFO    : verifying and expanding input directory: /workspaces/activediscreteTEST0312826/Doree-main/source/../generated-assets
INFO    : input directory expanded to absolute path: /workspaces/activediscreteTEST0312826/Doree-main/generated-assets
INFO    : verifying and expanding input directory: /workspaces/activediscreteTEST0312826/Doree-main/source/../assets
INFO    : input directory expanded to absolute path: /workspaces/activediscreteTEST0312826/Doree-main/assets
INFO    : discovering source file's directory name: /workspaces/activediscreteTEST0312826/Doree-main/source
INFO    : XSL conversion of /workspaces/activediscreteTEST0312826/Doree-main/source/main.ptx by /home/codespace/.ptx/2.43.2/core/xsl/extract-latex-image.xsl
INFO    : messages from the log for XSL processing:
ERROR   : * PTX:ERROR: the @xml:id value "act_adopting_two_animals" should be unique, but is authored multiple times.
INFO    : *            Results will be unpredictable, and likely incorrect.  Information on the locations follows:
INFO    : *              located at: pretext/book/chapter/section/subsection/activity
INFO    : *              located within: "act_adopting_two_animals" (xml:id), "Adopting two animals" (title)
INFO    : *              located at: pretext/book/chapter/section/subsection/activity
INFO    : *              located within: "act_adopting_two_animals" (xml:id), "Adopting two animals" (title)
ERROR   : * PTX:ERROR: the @xml:id value "act_adopting_two_cats" should be unique, but is authored multiple times.
INFO    : *            Results will be unpredictable, and likely incorrect.  Information on the locations follows:
INFO    : *              located at: pretext/book/chapter/section/introduction/activity
INFO    : *              located within: "act_adopting_two_cats" (xml:id), "Adopting two cats" (title)
INFO    : *              located at: pretext/book/chapter/section/introduction/activity
INFO    : *              located within: "act_adopting_two_cats" (xml:id), "Adopting two cats" (title)
ERROR   : * PTX:ERROR: the @xml:id value "act_comb_proof_two_animals" should be unique, but is authored multiple times.
INFO    : *            Results will be unpredictable, and likely incorrect.  Information on the locations follows:
INFO    : *              located at: pretext/book/chapter/section/subsection/activity
INFO    : *              located within: "act_comb_proof_two_animals" (xml:id), "Combinatorial proof  choosing two animals" (title)
INFO    : *              located at: pretext/book/chapter/section/subsection/activity
INFO    : *              located within: "act_comb_proof_two_animals" (xml:id), "Combinatorial proof  choosing two animals" (title)
ERROR   : * PTX:ERROR: the @xml:id value "act_counting_incorrectly" should be unique, but is authored multiple times.
INFO    : *            Results will be unpredictable, and likely incorrect.  Information on the locations follows:
INFO    : *              located at: pretext/book/chapter/section/subsection/activity
INFO    : *              located within: "act_counting_incorrectly" (xml:id), "Counting incorrectly" (title)
INFO    : *              located at: pretext/book/chapter/section/subsection/activity
INFO    : *              located within: "act_counting_incorrectly" (xml:id), "Counting incorrectly" (title)
ERROR   : * PTX:ERROR: the @xml:id value "act_countingbs" should be unique, but is authored multiple times.
INFO    : *            Results will be unpredictable, and likely incorrect.  Information on the locations follows:
INFO    : *              located at: pretext/book/chapter/section/subsection/activity
INFO    : *              located within: "act_countingbs" (xml:id), "Counting bit strings" (title)
INFO    : *              located at: pretext/book/chapter/section/subsection/activity
INFO    : *              located within: "act_countingbs" (xml:id), "Counting bit strings" (title)
ERROR   : * PTX:ERROR: the @xml:id value "act_digit_sum" should be unique, but is authored multiple times.
INFO    : *            Results will be unpredictable, and likely incorrect.  Information on the locations follows:
INFO    : *              located at: pretext/book/chapter/section/subsection/activity
INFO    : *              located within: "act_digit_sum" (xml:id), "Digit sums" (title)
INFO    : *              located at: pretext/book/chapter/section/subsection/activity
INFO    : *              located within: "act_digit_sum" (xml:id), "Digit sums" (title)
ERROR   : * PTX:ERROR: the @xml:id value "act_eval_6choosek" should be unique, but is authored multiple times.
INFO    : *            Results will be unpredictable, and likely incorrect.  Information on the locations follows:
INFO    : *              located at: pretext/book/chapter/section/subsection/activity
INFO    : *              located within: "act_eval_6choosek" (xml:id), "Six choose k" (title)
INFO    : *              located at: pretext/book/chapter/section/subsection/activity
INFO    : *              located within: "act_eval_6choosek" (xml:id), "Six choose k" (title)
ERROR   : * PTX:ERROR: the @xml:id value "act_exp_logs" should be unique, but is authored multiple times.
INFO    : *            Results will be unpredictable, and likely incorrect.  Information on the locations follows:
INFO    : *              located at: pretext/book/chapter/section/subsection/activity
INFO    : *              located within: "act_exp_logs" (xml:id), "Exponents and logarithms" (title)
INFO    : *              located at: pretext/book/chapter/section/subsection/activity
INFO    : *              located within: "act_exp_logs" (xml:id), "Exponents and logarithms" (title)
ERROR   : * PTX:ERROR: the @xml:id value "act_factorials" should be unique, but is authored multiple times.
INFO    : *            Results will be unpredictable, and likely incorrect.  Information on the locations follows:
INFO    : *              located at: pretext/book/chapter/section/subsection/activity
INFO    : *              located within: "act_factorials" (xml:id), "Factorials" (title)
INFO    : *              located at: pretext/book/chapter/section/subsection/activity
INFO    : *              located within: "act_factorials" (xml:id), "Factorials" (title)
ERROR   : * PTX:ERROR: the @xml:id value "act_froma1_toc4" should be unique, but is authored multiple times.
INFO    : *            Results will be unpredictable, and likely incorrect.  Information on the locations follows:
INFO    : *              located at: pretext/book/chapter/section/subsection/activity
INFO    : *              located within: "act_froma1_toc4" (xml:id), "From point a_1 to point c_4" (title)
INFO    : *              located at: pretext/book/chapter/section/subsection/activity
INFO    : *              located within: "act_froma1_toc4" (xml:id), "From point a_1 to point c_4" (title)
ERROR   : * PTX:ERROR: the @xml:id value "act_integer_algebra" should be unique, but is authored multiple times.
INFO    : *            Results will be unpredictable, and likely incorrect.  Information on the locations follows:
INFO    : *              located at: pretext/book/chapter/section/subsection/activity
INFO    : *              located within: "act_integer_algebra" (xml:id), "Integer algebra" (title)
INFO    : *              located at: pretext/book/chapter/section/subsection/activity
INFO    : *              located within: "act_integer_algebra" (xml:id), "Integer algebra" (title)
ERROR   : * PTX:ERROR: the @xml:id value "act_listing_bit_strings" should be unique, but is authored multiple times.
INFO    : *            Results will be unpredictable, and likely incorrect.  Information on the locations follows:
INFO    : *              located at: pretext/book/chapter/section/subsection/activity
INFO    : *              located within: "act_listing_bit_strings" (xml:id), "Listing bit strings" (title)
INFO    : *              located at: pretext/book/chapter/section/subsection/activity
INFO    : *              located within: "act_listing_bit_strings" (xml:id), "Listing bit strings" (title)
ERROR   : * PTX:ERROR: the @xml:id value "act_listing_strings" should be unique, but is authored multiple times.
INFO    : *            Results will be unpredictable, and likely incorrect.  Information on the locations follows:
INFO    : *              located at: pretext/book/chapter/section/subsection/activity
INFO    : *              located within: "act_listing_strings" (xml:id), "Listing strings" (title)
INFO    : *              located at: pretext/book/chapter/section/subsection/activity
INFO    : *              located within: "act_listing_strings" (xml:id), "Listing strings" (title)
ERROR   : * PTX:ERROR: the @xml:id value "act_lunch" should be unique, but is authored multiple times.
INFO    : *            Results will be unpredictable, and likely incorrect.  Information on the locations follows:
INFO    : *              located at: pretext/book/chapter/section/introduction/activity
INFO    : *              located within: "act_lunch" (xml:id), "Lunch" (title)
INFO    : *              located at: pretext/book/chapter/section/introduction/activity
INFO    : *              located within: "act_lunch" (xml:id), "Lunch" (title)
ERROR   : * PTX:ERROR: the @xml:id value "act_passwords" should be unique, but is authored multiple times.
INFO    : *            Results will be unpredictable, and likely incorrect.  Information on the locations follows:
INFO    : *              located at: pretext/book/chapter/section/subsection/activity
INFO    : *              located within: "act_passwords" (xml:id), "Passwords" (title)
INFO    : *              located at: pretext/book/chapter/section/subsection/activity
INFO    : *              located within: "act_passwords" (xml:id), "Passwords" (title)
ERROR   : * PTX:ERROR: the @xml:id value "act_squares_dominoes" should be unique, but is authored multiple times.
INFO    : *            Results will be unpredictable, and likely incorrect.  Information on the locations follows:
INFO    : *              located at: pretext/book/chapter/section/subsection/activity
INFO    : *              located within: "act_squares_dominoes" (xml:id), "Squares and Dominoes Puzzle" (title)
INFO    : *              located at: pretext/book/chapter/section/subsection/activity
INFO    : *              located within: "act_squares_dominoes" (xml:id), "Squares and Dominoes Puzzle" (title)
ERROR   : * PTX:ERROR: the @xml:id value "ch_counting" should be unique, but is authored multiple times.
INFO    : *            Results will be unpredictable, and likely incorrect.  Information on the locations follows:
INFO    : *              located at: pretext/book/chapter
INFO    : *              located within: "ch_counting" (xml:id), "Listing and Counting" (title)
INFO    : *              located at: pretext/book/chapter
INFO    : *              located within: "ch_counting" (xml:id), "Listing and Counting" (title)
ERROR   : * PTX:ERROR: the @xml:id value "defn_52-card_deck" should be unique, but is authored multiple times.
INFO    : *            Results will be unpredictable, and likely incorrect.  Information on the locations follows:
INFO    : *              located at: pretext/book/chapter/section/subsection/definition
INFO    : *              located within: "defn_52-card_deck" (xml:id), "52-card deck of playing cards" (title)
INFO    : *              located at: pretext/book/chapter/section/subsection/definition
INFO    : *              located within: "defn_52-card_deck" (xml:id), "52-card deck of playing cards" (title)
ERROR   : * PTX:ERROR: the @xml:id value "defn_binomial_coeff" should be unique, but is authored multiple times.
INFO    : *            Results will be unpredictable, and likely incorrect.  Information on the locations follows:
INFO    : *              located at: pretext/book/chapter/section/subsection/definition
INFO    : *              located within: "defn_binomial_coeff" (xml:id), "Binomial coefficient" (title)
INFO    : *              located at: pretext/book/chapter/section/subsection/definition
INFO    : *              located within: "defn_binomial_coeff" (xml:id), "Binomial coefficient" (title)
ERROR   : * PTX:ERROR: the @xml:id value "defn_bit_string" should be unique, but is authored multiple times.
INFO    : *            Results will be unpredictable, and likely incorrect.  Information on the locations follows:
INFO    : *              located at: pretext/book/chapter/section/subsection/definition
INFO    : *              located within: "defn_bit_string" (xml:id), "Bit string" (title)
INFO    : *              located at: pretext/book/chapter/section/subsection/definition
INFO    : *              located within: "defn_bit_string" (xml:id), "Bit string" (title)
ERROR   : * PTX:ERROR: the @xml:id value "defn_characters_and_strings" should be unique, but is authored multiple times.
INFO    : *            Results will be unpredictable, and likely incorrect.  Information on the locations follows:
INFO    : *              located at: pretext/book/chapter/section/subsection/definition
INFO    : *              located within: "defn_characters_and_strings" (xml:id), "Characters and strings" (title)
INFO    : *              located at: pretext/book/chapter/section/subsection/definition
INFO    : *              located within: "defn_characters_and_strings" (xml:id), "Characters and strings" (title)
ERROR   : * PTX:ERROR: the @xml:id value "defn_consecutive_integers" should be unique, but is authored multiple times.
INFO    : *            Results will be unpredictable, and likely incorrect.  Information on the locations follows:
INFO    : *              located at: pretext/book/chapter/section/subsection/definition
INFO    : *              located within: "defn_consecutive_integers" (xml:id), "Consecutive integers" (title)
INFO    : *              located at: pretext/book/chapter/section/subsection/definition
INFO    : *              located within: "defn_consecutive_integers" (xml:id), "Consecutive integers" (title)
ERROR   : * PTX:ERROR: the @xml:id value "defn_digit" should be unique, but is authored multiple times.
INFO    : *            Results will be unpredictable, and likely incorrect.  Information on the locations follows:
INFO    : *              located at: pretext/book/chapter/section/subsection/definition
INFO    : *              located within: "defn_digit" (xml:id), "Digit" (title)
INFO    : *              located at: pretext/book/chapter/section/subsection/definition
INFO    : *              located within: "defn_digit" (xml:id), "Digit" (title)
ERROR   : * PTX:ERROR: the @xml:id value "defn_exp_notation" should be unique, but is authored multiple times.
INFO    : *            Results will be unpredictable, and likely incorrect.  Information on the locations follows:
INFO    : *              located at: pretext/book/chapter/section/subsection/definition
INFO    : *              located within: "defn_exp_notation" (xml:id), "Exponential notation" (title)
INFO    : *              located at: pretext/book/chapter/section/subsection/definition
INFO    : *              located within: "defn_exp_notation" (xml:id), "Exponential notation" (title)
ERROR   : * PTX:ERROR: the @xml:id value "defn_factorial" should be unique, but is authored multiple times.
INFO    : *            Results will be unpredictable, and likely incorrect.  Information on the locations follows:
INFO    : *              located at: pretext/book/chapter/section/subsection/definition
INFO    : *              located within: "defn_factorial" (xml:id), "Factorial" (title)
INFO    : *              located at: pretext/book/chapter/section/subsection/definition
INFO    : *              located within: "defn_factorial" (xml:id), "Factorial" (title)
ERROR   : * PTX:ERROR: the @xml:id value "defn_integer_algebra_order_operations" should be unique, but is authored multiple times.
INFO    : *            Results will be unpredictable, and likely incorrect.  Information on the locations follows:
INFO    : *              located at: pretext/book/chapter/section/subsection/definition
INFO    : *              located within: "defn_integer_algebra_order_operations" (xml:id), "Integer algebra and the order of operations" (title)
INFO    : *              located at: pretext/book/chapter/section/subsection/definition
INFO    : *              located within: "defn_integer_algebra_order_operations" (xml:id), "Integer algebra and the order of operations" (title)
ERROR   : * PTX:ERROR: the @xml:id value "defn_integers" should be unique, but is authored multiple times.
INFO    : *            Results will be unpredictable, and likely incorrect.  Information on the locations follows:
INFO    : *              located at: pretext/book/chapter/section/subsection/definition
INFO    : *              located within: "defn_integers" (xml:id), "Integers" (title)
INFO    : *              located at: pretext/book/chapter/section/subsection/definition
INFO    : *              located within: "defn_integers" (xml:id), "Integers" (title)
ERROR   : * PTX:ERROR: the @xml:id value "defn_log" should be unique, but is authored multiple times.
INFO    : *            Results will be unpredictable, and likely incorrect.  Information on the locations follows:
INFO    : *              located at: pretext/book/chapter/section/subsection/definition
INFO    : *              located within: "defn_log" (xml:id), "LogarithmIn this textbook, we only calculate logarithms of exact powers.  We do not calculate quantities such as \fn{log}(25) or \fn{lg}(3).  We have defined b^n when n is a nonnegative integer, but it is beyond the scope of this textbook to define what b^x for any real number x.  With that definition, we can take evaluate logarithms of any positive real number.  For example, \fn{log}(25) \approx 1.398 and \fn{lg}(3) \approx 1.585." (title)
INFO    : *              located at: pretext/book/chapter/section/subsection/definition
INFO    : *              located within: "defn_log" (xml:id), "LogarithmIn this textbook, we only calculate logarithms of exact powers.  We do not calculate quantities such as \fn{log}(25) or \fn{lg}(3).  We have defined b^n when n is a nonnegative integer, but it is beyond the scope of this textbook to define what b^x for any real number x.  With that definition, we can take evaluate logarithms of any positive real number.  For example, \fn{log}(25) \approx 1.398 and \fn{lg}(3) \approx 1.585." (title)
ERROR   : * PTX:ERROR: the @xml:id value "defn_permutation_of_set" should be unique, but is authored multiple times.
INFO    : *            Results will be unpredictable, and likely incorrect.  Information on the locations follows:
INFO    : *              located at: pretext/book/chapter/section/subsection/definition
INFO    : *              located within: "defn_permutation_of_set" (xml:id), "Permutation of the set \{\str{1},\str{2},\ldots,\str{n}\}" (title)
INFO    : *              located at: pretext/book/chapter/section/subsection/definition
INFO    : *              located within: "defn_permutation_of_set" (xml:id), "Permutation of the set \{\str{1},\str{2},\ldots,\str{n}\}" (title)
ERROR   : * PTX:ERROR: the @xml:id value "defn_subsets" should be unique, but is authored multiple times.
INFO    : *            Results will be unpredictable, and likely incorrect.  Information on the locations follows:
INFO    : *              located at: pretext/book/chapter/section/subsection/definition
INFO    : *              located within: "defn_subsets" (xml:id), "Subsets" (title)
INFO    : *              located at: pretext/book/chapter/section/subsection/definition
INFO    : *              located within: "defn_subsets" (xml:id), "Subsets" (title)
ERROR   : * PTX:ERROR: the @xml:id value "defn_sum_product" should be unique, but is authored multiple times.
INFO    : *            Results will be unpredictable, and likely incorrect.  Information on the locations follows:
INFO    : *              located at: pretext/book/chapter/section/subsection/definition
INFO    : *              located within: "defn_sum_product" (xml:id), "Sum, difference, and product" (title)
INFO    : *              located at: pretext/book/chapter/section/subsection/definition
INFO    : *              located within: "defn_sum_product" (xml:id), "Sum, difference, and product" (title)
ERROR   : * PTX:ERROR: the @xml:id value "exam_2strings" should be unique, but is authored multiple times.
INFO    : *            Results will be unpredictable, and likely incorrect.  Information on the locations follows:
INFO    : *              located at: pretext/book/chapter/section/subsection/example
INFO    : *              located within: "exam_2strings" (xml:id), "2-strings" (title)
INFO    : *              located at: pretext/book/chapter/section/subsection/example
INFO    : *              located within: "exam_2strings" (xml:id), "2-strings" (title)
ERROR   : * PTX:ERROR: the @xml:id value "exam_4ofakind" should be unique, but is authored multiple times.
INFO    : *            Results will be unpredictable, and likely incorrect.  Information on the locations follows:
INFO    : *              located at: pretext/book/chapter/section/subsection/example
INFO    : *              located within: "exam_4ofakind" (xml:id), "Three-of-a-kind" (title)
INFO    : *              located at: pretext/book/chapter/section/subsection/example
INFO    : *              located within: "exam_4ofakind" (xml:id), "Three-of-a-kind" (title)
ERROR   : * PTX:ERROR: the @xml:id value "exam_bit_string_length3" should be unique, but is authored multiple times.
INFO    : *            Results will be unpredictable, and likely incorrect.  Information on the locations follows:
INFO    : *              located at: pretext/book/chapter/section/subsection/example
INFO    : *              located within: "exam_bit_string_length3" (xml:id), "Listing bit strings in a possibility tree" (title)
INFO    : *              located at: pretext/book/chapter/section/subsection/example
INFO    : *              located within: "exam_bit_string_length3" (xml:id), "Listing bit strings in a possibility tree" (title)
ERROR   : * PTX:ERROR: the @xml:id value "exam_bit_strings_length100_weight3" should be unique, but is authored multiple times.
INFO    : *            Results will be unpredictable, and likely incorrect.  Information on the locations follows:
INFO    : *              located at: pretext/book/chapter/section/subsection/example
INFO    : *              located within: "exam_bit_strings_length100_weight3" (xml:id), "Bit strings of length 100 and weight three" (title)
INFO    : *              located at: pretext/book/chapter/section/subsection/example
INFO    : *              located within: "exam_bit_strings_length100_weight3" (xml:id), "Bit strings of length 100 and weight three" (title)
ERROR   : * PTX:ERROR: the @xml:id value "exam_comb_pf_sym_arith_tri" should be unique, but is authored multiple times.
INFO    : *            Results will be unpredictable, and likely incorrect.  Information on the locations follows:
INFO    : *              located at: pretext/book/chapter/section/subsection/example
INFO    : *              located within: "exam_comb_pf_sym_arith_tri" (xml:id), "Combinatorial proof  symmetry of the binomial coefficients" (title)
INFO    : *              located at: pretext/book/chapter/section/subsection/example
INFO    : *              located within: "exam_comb_pf_sym_arith_tri" (xml:id), "Combinatorial proof  symmetry of the binomial coefficients" (title)
ERROR   : * PTX:ERROR: the @xml:id value "exam_comb_proof_teamandleader" should be unique, but is authored multiple times.
INFO    : *            Results will be unpredictable, and likely incorrect.  Information on the locations follows:
INFO    : *              located at: pretext/book/chapter/section/subsection/example
INFO    : *              located within: "exam_comb_proof_teamandleader" (xml:id), "Combinatorial proof  team and leader" (title)
INFO    : *              located at: pretext/book/chapter/section/subsection/example
INFO    : *              located within: "exam_comb_proof_teamandleader" (xml:id), "Combinatorial proof  team and leader" (title)
ERROR   : * PTX:ERROR: the @xml:id value "exam_combining_like_terms" should be unique, but is authored multiple times.
INFO    : *            Results will be unpredictable, and likely incorrect.  Information on the locations follows:
INFO    : *              located at: pretext/book/chapter/section/subsection/example
INFO    : *              located within: "exam_combining_like_terms" (xml:id), "Combining like terms" (title)
INFO    : *              located at: pretext/book/chapter/section/subsection/example
INFO    : *              located within: "exam_combining_like_terms" (xml:id), "Combining like terms" (title)
ERROR   : * PTX:ERROR: the @xml:id value "exam_conjecture_number_bit_strings" should be unique, but is authored multiple times.
INFO    : *            Results will be unpredictable, and likely incorrect.  Information on the locations follows:
INFO    : *              located at: pretext/book/chapter/section/subsection/example
INFO    : *              located within: "exam_conjecture_number_bit_strings" (xml:id), "Conjecture number of bit strings of length n" (title)
INFO    : *              located at: pretext/book/chapter/section/subsection/example
INFO    : *              located within: "exam_conjecture_number_bit_strings" (xml:id), "Conjecture number of bit strings of length n" (title)
ERROR   : * PTX:ERROR: the @xml:id value "exam_consecutive_integers" should be unique, but is authored multiple times.
INFO    : *            Results will be unpredictable, and likely incorrect.  Information on the locations follows:
INFO    : *              located at: pretext/book/chapter/section/subsection/example
INFO    : *              located within: "exam_consecutive_integers" (xml:id), "Consecutive integers" (title)
INFO    : *              located at: pretext/book/chapter/section/subsection/example
INFO    : *              located within: "exam_consecutive_integers" (xml:id), "Consecutive integers" (title)
ERROR   : * PTX:ERROR: the @xml:id value "exam_count100" should be unique, but is authored multiple times.
INFO    : *            Results will be unpredictable, and likely incorrect.  Information on the locations follows:
INFO    : *              located at: pretext/book/chapter/section/subsection/example
INFO    : *              located within: "exam_count100" (xml:id), "Counting 0-99" (title)
INFO    : *              located at: pretext/book/chapter/section/subsection/example
INFO    : *              located within: "exam_count100" (xml:id), "Counting 0-99" (title)
ERROR   : * PTX:ERROR: the @xml:id value "exam_count_bs_exactlyk" should be unique, but is authored multiple times.
INFO    : *            Results will be unpredictable, and likely incorrect.  Information on the locations follows:
INFO    : *              located at: pretext/book/chapter/section/subsection/example
INFO    : *              located within: "exam_count_bs_exactlyk" (xml:id), "Counting bit strings with given number of \bs{0}s or \bs{1}s" (title)
INFO    : *              located at: pretext/book/chapter/section/subsection/example
INFO    : *              located within: "exam_count_bs_exactlyk" (xml:id), "Counting bit strings with given number of \bs{0}s or \bs{1}s" (title)
ERROR   : * PTX:ERROR: the @xml:id value "exam_eval_logs" should be unique, but is authored multiple times.
INFO    : *            Results will be unpredictable, and likely incorrect.  Information on the locations follows:
INFO    : *              located at: pretext/book/chapter/section/subsection/example
INFO    : *              located within: "exam_eval_logs" (xml:id), "Evaluating logs" (title)
INFO    : *              located at: pretext/book/chapter/section/subsection/example
INFO    : *              located within: "exam_eval_logs" (xml:id), "Evaluating logs" (title)
ERROR   : * PTX:ERROR: the @xml:id value "exam_exponential_notation" should be unique, but is authored multiple times.
INFO    : *            Results will be unpredictable, and likely incorrect.  Information on the locations follows:
INFO    : *              located at: pretext/book/chapter/section/subsection/example
INFO    : *              located within: "exam_exponential_notation" (xml:id), "Exponential notation" (title)
INFO    : *              located at: pretext/book/chapter/section/subsection/example
INFO    : *              located within: "exam_exponential_notation" (xml:id), "Exponential notation" (title)
ERROR   : * PTX:ERROR: the @xml:id value "exam_factorials" should be unique, but is authored multiple times.
INFO    : *            Results will be unpredictable, and likely incorrect.  Information on the locations follows:
INFO    : *              located at: pretext/book/chapter/section/subsection/example
INFO    : *              located within: "exam_factorials" (xml:id), "Factorials" (title)
INFO    : *              located at: pretext/book/chapter/section/subsection/example
INFO    : *              located within: "exam_factorials" (xml:id), "Factorials" (title)
ERROR   : * PTX:ERROR: the @xml:id value "exam_factors_terms" should be unique, but is authored multiple times.
INFO    : *            Results will be unpredictable, and likely incorrect.  Information on the locations follows:
INFO    : *              located at: pretext/book/chapter/section/subsection/example
INFO    : *              located within: "exam_factors_terms" (xml:id), "Factors and terms" (title)
INFO    : *              located at: pretext/book/chapter/section/subsection/example
INFO    : *              located within: "exam_factors_terms" (xml:id), "Factors and terms" (title)
ERROR   : * PTX:ERROR: the @xml:id value "exam_four_choose_k" should be unique, but is authored multiple times.
INFO    : *            Results will be unpredictable, and likely incorrect.  Information on the locations follows:
INFO    : *              located at: pretext/book/chapter/section/subsection/example
INFO    : *              located within: "exam_four_choose_k" (xml:id), "Four choose k" (title)
INFO    : *              located at: pretext/book/chapter/section/subsection/example
INFO    : *              located within: "exam_four_choose_k" (xml:id), "Four choose k" (title)
ERROR   : * PTX:ERROR: the @xml:id value "exam_kakuro_12in4" should be unique, but is authored multiple times.
INFO    : *            Results will be unpredictable, and likely incorrect.  Information on the locations follows:
INFO    : *              located at: pretext/book/chapter/section/subsection/example
INFO    : *              located within: "exam_kakuro_12in4" (xml:id), "Using cases to list digit sums" (title)
INFO    : *              located at: pretext/book/chapter/section/subsection/example
INFO    : *              located within: "exam_kakuro_12in4" (xml:id), "Using cases to list digit sums" (title)
ERROR   : * PTX:ERROR: the @xml:id value "exam_not_cases" should be unique, but is authored multiple times.
INFO    : *            Results will be unpredictable, and likely incorrect.  Information on the locations follows:
INFO    : *              located at: pretext/book/chapter/section/subsection/example
INFO    : *              located within: "exam_not_cases" (xml:id), "Cases do not work" (title)
INFO    : *              located at: pretext/book/chapter/section/subsection/example
INFO    : *              located within: "exam_not_cases" (xml:id), "Cases do not work" (title)
ERROR   : * PTX:ERROR: the @xml:id value "exam_not_steps" should be unique, but is authored multiple times.
INFO    : *            Results will be unpredictable, and likely incorrect.  Information on the locations follows:
INFO    : *              located at: pretext/book/chapter/section/subsection/example
INFO    : *              located within: "exam_not_steps" (xml:id), "Steps do not work" (title)
INFO    : *              located at: pretext/book/chapter/section/subsection/example
INFO    : *              located within: "exam_not_steps" (xml:id), "Steps do not work" (title)
ERROR   : * PTX:ERROR: the @xml:id value "exam_perms_1to4" should be unique, but is authored multiple times.
INFO    : *            Results will be unpredictable, and likely incorrect.  Information on the locations follows:
INFO    : *              located at: pretext/book/chapter/section/subsection/example
INFO    : *              located within: "exam_perms_1to4" (xml:id), "Permutations of the set
      \{\str{1},\str{2},\str{3},\str{4}\}" (title)
INFO    : *              located at: pretext/book/chapter/section/subsection/example
INFO    : *              located within: "exam_perms_1to4" (xml:id), "Permutations of the set
      \{\str{1},\str{2},\str{3},\str{4}\}" (title)
ERROR   : * PTX:ERROR: the @xml:id value "exam_pick_two_lunch" should be unique, but is authored multiple times.
INFO    : *            Results will be unpredictable, and likely incorrect.  Information on the locations follows:
INFO    : *              located at: pretext/book/chapter/section/subsection/example
INFO    : *              located within: "exam_pick_two_lunch" (xml:id), "Pick two lunch" (title)
INFO    : *              located at: pretext/book/chapter/section/subsection/example
INFO    : *              located within: "exam_pick_two_lunch" (xml:id), "Pick two lunch" (title)
ERROR   : * PTX:ERROR: the @xml:id value "exam_salad_and_pizza" should be unique, but is authored multiple times.
INFO    : *            Results will be unpredictable, and likely incorrect.  Information on the locations follows:
INFO    : *              located at: pretext/book/chapter/section/subsection/example
INFO    : *              located within: "exam_salad_and_pizza" (xml:id), "Salad and pizza" (title)
INFO    : *              located at: pretext/book/chapter/section/subsection/example
INFO    : *              located within: "exam_salad_and_pizza" (xml:id), "Salad and pizza" (title)
ERROR   : * PTX:ERROR: the @xml:id value "exam_salad_or_pizza" should be unique, but is authored multiple times.
INFO    : *            Results will be unpredictable, and likely incorrect.  Information on the locations follows:
INFO    : *              located at: pretext/book/chapter/section/subsection/example
INFO    : *              located within: "exam_salad_or_pizza" (xml:id), "Salad or pizza" (title)
INFO    : *              located at: pretext/book/chapter/section/subsection/example
INFO    : *              located within: "exam_salad_or_pizza" (xml:id), "Salad or pizza" (title)
ERROR   : * PTX:ERROR: the @xml:id value "exam_simplify_22nminus1" should be unique, but is authored multiple times.
INFO    : *            Results will be unpredictable, and likely incorrect.  Information on the locations follows:
INFO    : *              located at: pretext/book/chapter/section/subsection/example
INFO    : *              located within: "exam_simplify_22nminus1" (xml:id), "Simplify 2\cdot2^{n-1}" (title)
INFO    : *              located at: pretext/book/chapter/section/subsection/example
INFO    : *              located within: "exam_simplify_22nminus1" (xml:id), "Simplify 2\cdot2^{n-1}" (title)
ERROR   : * PTX:ERROR: the @xml:id value "exam_simplify_exponents" should be unique, but is authored multiple times.
INFO    : *            Results will be unpredictable, and likely incorrect.  Information on the locations follows:
INFO    : *              located at: pretext/book/chapter/section/subsection/example
INFO    : *              located within: "exam_simplify_exponents" (xml:id), "Simplifying exponents" (title)
INFO    : *              located at: pretext/book/chapter/section/subsection/example
INFO    : *              located within: "exam_simplify_exponents" (xml:id), "Simplifying exponents" (title)
ERROR   : * PTX:ERROR: the @xml:id value "exam_simplify_factorials" should be unique, but is authored multiple times.
INFO    : *            Results will be unpredictable, and likely incorrect.  Information on the locations follows:
INFO    : *              located at: pretext/book/chapter/section/subsection/example
INFO    : *              located within: "exam_simplify_factorials" (xml:id), "Simplifying n(n-1)!" (title)
INFO    : *              located at: pretext/book/chapter/section/subsection/example
INFO    : *              located within: "exam_simplify_factorials" (xml:id), "Simplifying n(n-1)!" (title)
ERROR   : * PTX:ERROR: the @xml:id value "exam_sq_dom5_tree" should be unique, but is authored multiple times.
INFO    : *            Results will be unpredictable, and likely incorrect.  Information on the locations follows:
INFO    : *              located at: pretext/book/chapter/section/subsection/example
INFO    : *              located within: "exam_sq_dom5_tree" (xml:id), "Tiling a 1 \times 5 board with squares and dominoes" (title)
INFO    : *              located at: pretext/book/chapter/section/subsection/example
INFO    : *              located within: "exam_sq_dom5_tree" (xml:id), "Tiling a 1 \times 5 board with squares and dominoes" (title)
ERROR   : * PTX:ERROR: the @xml:id value "exam_sq_dom6" should be unique, but is authored multiple times.
INFO    : *            Results will be unpredictable, and likely incorrect.  Information on the locations follows:
INFO    : *              located at: pretext/book/chapter/section/subsection/example
INFO    : *              located within: "exam_sq_dom6" (xml:id), "Squares and dominoes tiling of a 1 \times 6 board" (title)
INFO    : *              located at: pretext/book/chapter/section/subsection/example
INFO    : *              located within: "exam_sq_dom6" (xml:id), "Squares and dominoes tiling of a 1 \times 6 board" (title)
ERROR   : * PTX:ERROR: the @xml:id value "exam_sq_dom8" should be unique, but is authored multiple times.
INFO    : *            Results will be unpredictable, and likely incorrect.  Information on the locations follows:
INFO    : *              located at: pretext/book/chapter/section/subsection/example
INFO    : *              located within: "exam_sq_dom8" (xml:id), "Counting squares and dominoes tilings of a 1 \times 8 board" (title)
INFO    : *              located at: pretext/book/chapter/section/subsection/example
INFO    : *              located within: "exam_sq_dom8" (xml:id), "Counting squares and dominoes tilings of a 1 \times 8 board" (title)
ERROR   : * PTX:ERROR: the @xml:id value "exam_team_leader" should be unique, but is authored multiple times.
INFO    : *            Results will be unpredictable, and likely incorrect.  Information on the locations follows:
INFO    : *              located at: pretext/book/chapter/section/subsection/example
INFO    : *              located within: "exam_team_leader" (xml:id), "Team and leader" (title)
INFO    : *              located at: pretext/book/chapter/section/subsection/example
INFO    : *              located within: "exam_team_leader" (xml:id), "Team and leader" (title)
ERROR   : * PTX:ERROR: the @xml:id value "exam_two_digit_sets" should be unique, but is authored multiple times.
INFO    : *            Results will be unpredictable, and likely incorrect.  Information on the locations follows:
INFO    : *              located at: pretext/book/chapter/section/subsection/example
INFO    : *              located within: "exam_two_digit_sets" (xml:id), "2-digit sets" (title)
INFO    : *              located at: pretext/book/chapter/section/subsection/example
INFO    : *              located within: "exam_two_digit_sets" (xml:id), "2-digit sets" (title)
ERROR   : * PTX:ERROR: the @xml:id value "exer_3digit_sums" should be unique, but is authored multiple times.
INFO    : *            Results will be unpredictable, and likely incorrect.  Information on the locations follows:
INFO    : *              located at: pretext/book/chapter/section/subsection/subsubsection/exercise
INFO    : *              located within: "exer_3digit_sums" (xml:id), "Practice" (title)
INFO    : *              located at: pretext/book/chapter/section/subsection/subsubsection/exercise
INFO    : *              located within: "exer_3digit_sums" (xml:id), "Practice" (title)
ERROR   : * PTX:ERROR: the @xml:id value "exer_3ways_combine_like_terms" should be unique, but is authored multiple times.
INFO    : *            Results will be unpredictable, and likely incorrect.  Information on the locations follows:
INFO    : *              located at: pretext/book/chapter/section/subsection/subsubsection/exercise
INFO    : *              located within: "exer_3ways_combine_like_terms" (xml:id), "Understand" (title)
INFO    : *              located at: pretext/book/chapter/section/subsection/subsubsection/exercise
INFO    : *              located within: "exer_3ways_combine_like_terms" (xml:id), "Understand" (title)
ERROR   : * PTX:ERROR: the @xml:id value "exer_4strings_norepeat" should be unique, but is authored multiple times.
INFO    : *            Results will be unpredictable, and likely incorrect.  Information on the locations follows:
INFO    : *              located at: pretext/book/chapter/section/subsection/subsubsection/exercise
INFO    : *              located within: "exer_4strings_norepeat" (xml:id), "Practice" (title)
INFO    : *              located at: pretext/book/chapter/section/subsection/subsubsection/exercise
INFO    : *              located within: "exer_4strings_norepeat" (xml:id), "Practice" (title)
ERROR   : * PTX:ERROR: the @xml:id value "exer_5card_hands" should be unique, but is authored multiple times.
INFO    : *            Results will be unpredictable, and likely incorrect.  Information on the locations follows:
INFO    : *              located at: pretext/book/chapter/section/subsection/subsubsection/exercise
INFO    : *              located within: "exer_5card_hands" (xml:id), "Practice" (title)
INFO    : *              located at: pretext/book/chapter/section/subsection/subsubsection/exercise
INFO    : *              located within: "exer_5card_hands" (xml:id), "Practice" (title)
ERROR   : * PTX:ERROR: the @xml:id value "exer_ABCD_strings" should be unique, but is authored multiple times.
INFO    : *            Results will be unpredictable, and likely incorrect.  Information on the locations follows:
INFO    : *              located at: pretext/book/chapter/section/subsection/subsubsection/exercise
INFO    : *              located within: "exer_ABCD_strings" (xml:id), "Explore" (title)
INFO    : *              located at: pretext/book/chapter/section/subsection/subsubsection/exercise
INFO    : *              located within: "exer_ABCD_strings" (xml:id), "Explore" (title)
ERROR   : * PTX:ERROR: the @xml:id value "exer_PIN" should be unique, but is authored multiple times.
INFO    : *            Results will be unpredictable, and likely incorrect.  Information on the locations follows:
INFO    : *              located at: pretext/book/chapter/section/subsection/subsubsection/exercise
INFO    : *              located within: "exer_PIN" (xml:id), "Practice" (title)
INFO    : *              located at: pretext/book/chapter/section/subsection/subsubsection/exercise
INFO    : *              located within: "exer_PIN" (xml:id), "Practice" (title)
ERROR   : * PTX:ERROR: the @xml:id value "exer_alphanumeric_passwords" should be unique, but is authored multiple times.
INFO    : *            Results will be unpredictable, and likely incorrect.  Information on the locations follows:
INFO    : *              located at: pretext/book/chapter/section/subsection/subsubsection/exercise
INFO    : *              located within: "exer_alphanumeric_passwords" (xml:id), "Practice" (title)
INFO    : *              located at: pretext/book/chapter/section/subsection/subsubsection/exercise
INFO    : *              located within: "exer_alphanumeric_passwords" (xml:id), "Practice" (title)
ERROR   : * PTX:ERROR: the @xml:id value "exer_application_factorial" should be unique, but is authored multiple times.
INFO    : *            Results will be unpredictable, and likely incorrect.  Information on the locations follows:
INFO    : *              located at: pretext/book/chapter/section/subsection/subsubsection/exercise
INFO    : *              located within: "exer_application_factorial" (xml:id), "Practice" (title)
INFO    : *              located at: pretext/book/chapter/section/subsection/subsubsection/exercise
INFO    : *              located within: "exer_application_factorial" (xml:id), "Practice" (title)
ERROR   : * PTX:ERROR: the @xml:id value "exer_bal_ternary_strings" should be unique, but is authored multiple times.
INFO    : *            Results will be unpredictable, and likely incorrect.  Information on the locations follows:
INFO    : *              located at: pretext/book/chapter/section/subsection/subsubsection/exercise
INFO    : *              located within: "exer_bal_ternary_strings" (xml:id), "Explore" (title)
INFO    : *              located at: pretext/book/chapter/section/subsection/subsubsection/exercise
INFO    : *              located within: "exer_bal_ternary_strings" (xml:id), "Explore" (title)
ERROR   : * PTX:ERROR: the @xml:id value "exer_bit_string_length" should be unique, but is authored multiple times.
INFO    : *            Results will be unpredictable, and likely incorrect.  Information on the locations follows:
INFO    : *              located at: pretext/book/chapter/section/subsection/subsubsection/exercise
INFO    : *              located within: "exer_bit_string_length" (xml:id), "Practice" (title)
INFO    : *              located at: pretext/book/chapter/section/subsection/subsubsection/exercise
INFO    : *              located within: "exer_bit_string_length" (xml:id), "Practice" (title)
ERROR   : * PTX:ERROR: the @xml:id value "exer_bit_strings_length5_weight2" should be unique, but is authored multiple times.
INFO    : *            Results will be unpredictable, and likely incorrect.  Information on the locations follows:
INFO    : *              located at: pretext/book/chapter/section/subsection/subsubsection/exercise
INFO    : *              located within: "exer_bit_strings_length5_weight2" (xml:id), "Practice" (title)
INFO    : *              located at: pretext/book/chapter/section/subsection/subsubsection/exercise
INFO    : *              located within: "exer_bit_strings_length5_weight2" (xml:id), "Practice" (title)
ERROR   : * PTX:ERROR: the @xml:id value "exer_bridge_hands" should be unique, but is authored multiple times.
INFO    : *            Results will be unpredictable, and likely incorrect.  Information on the locations follows:
INFO    : *              located at: pretext/book/chapter/section/subsection/subsubsection/exercise
INFO    : *              located within: "exer_bridge_hands" (xml:id), "Explore" (title)
INFO    : *              located at: pretext/book/chapter/section/subsection/subsubsection/exercise
INFO    : *              located within: "exer_bridge_hands" (xml:id), "Explore" (title)
ERROR   : * PTX:ERROR: the @xml:id value "exer_bstrees" should be unique, but is authored multiple times.
INFO    : *            Results will be unpredictable, and likely incorrect.  Information on the locations follows:
INFO    : *              located at: pretext/book/chapter/section/subsection/subsubsection/exercise
INFO    : *              located within: "exer_bstrees" (xml:id), "Understand" (title)
INFO    : *              located at: pretext/book/chapter/section/subsection/subsubsection/exercise
INFO    : *              located within: "exer_bstrees" (xml:id), "Understand" (title)
ERROR   : * PTX:ERROR: the @xml:id value "exer_chair_secretary" should be unique, but is authored multiple times.
INFO    : *            Results will be unpredictable, and likely incorrect.  Information on the locations follows:
INFO    : *              located at: pretext/book/chapter/section/subsection/subsubsection/exercise
INFO    : *              located within: "exer_chair_secretary" (xml:id), "Chair and Secretary" (title)
INFO    : *              located at: pretext/book/chapter/section/subsection/subsubsection/exercise
INFO    : *              located within: "exer_chair_secretary" (xml:id), "Chair and Secretary" (title)
ERROR   : * PTX:ERROR: the @xml:id value "exer_comb_proof_teamandleader_generalized" should be unique, but is authored multiple times.
INFO    : *            Results will be unpredictable, and likely incorrect.  Information on the locations follows:
INFO    : *              located at: pretext/book/chapter/section/subsection/subsubsection/exercise
INFO    : *              located within: "exer_comb_proof_teamandleader_generalized" (xml:id), "Practice" (title)
INFO    : *              located at: pretext/book/chapter/section/subsection/subsubsection/exercise
INFO    : *              located within: "exer_comb_proof_teamandleader_generalized" (xml:id), "Practice" (title)
ERROR   : * PTX:ERROR: the @xml:id value "exer_comb_proof_teamandleader_revisited" should be unique, but is authored multiple times.
INFO    : *            Results will be unpredictable, and likely incorrect.  Information on the locations follows:
INFO    : *              located at: pretext/book/chapter/section/subsection/subsubsection/exercise
INFO    : *              located within: "exer_comb_proof_teamandleader_revisited" (xml:id), "Practice" (title)
INFO    : *              located at: pretext/book/chapter/section/subsection/subsubsection/exercise
INFO    : *              located within: "exer_comb_proof_teamandleader_revisited" (xml:id), "Practice" (title)
ERROR   : * PTX:ERROR: the @xml:id value "exer_count100_awry" should be unique, but is authored multiple times.
INFO    : *            Results will be unpredictable, and likely incorrect.  Information on the locations follows:
INFO    : *              located at: pretext/book/chapter/section/subsection/subsubsection/exercise
INFO    : *              located within: "exer_count100_awry" (xml:id), "Practice" (title)
INFO    : *              located at: pretext/book/chapter/section/subsection/subsubsection/exercise
INFO    : *              located within: "exer_count100_awry" (xml:id), "Practice" (title)
ERROR   : * PTX:ERROR: the @xml:id value "exer_count_bs100" should be unique, but is authored multiple times.
INFO    : *            Results will be unpredictable, and likely incorrect.  Information on the locations follows:
INFO    : *              located at: pretext/book/chapter/section/subsection/subsubsection/exercise
INFO    : *              located within: "exer_count_bs100" (xml:id), "Understand" (title)
INFO    : *              located at: pretext/book/chapter/section/subsection/subsubsection/exercise
INFO    : *              located within: "exer_count_bs100" (xml:id), "Understand" (title)
ERROR   : * PTX:ERROR: the @xml:id value "exer_count_bs20" should be unique, but is authored multiple times.
INFO    : *            Results will be unpredictable, and likely incorrect.  Information on the locations follows:
INFO    : *              located at: pretext/book/chapter/section/subsection/subsubsection/exercise
INFO    : *              located within: "exer_count_bs20" (xml:id), "Practice" (title)
INFO    : *              located at: pretext/book/chapter/section/subsection/subsubsection/exercise
INFO    : *              located within: "exer_count_bs20" (xml:id), "Practice" (title)
ERROR   : * PTX:ERROR: the @xml:id value "exer_count_bs9" should be unique, but is authored multiple times.
INFO    : *            Results will be unpredictable, and likely incorrect.  Information on the locations follows:
INFO    : *              located at: pretext/book/chapter/section/subsection/subsubsection/exercise
INFO    : *              located within: "exer_count_bs9" (xml:id), "Understand" (title)
INFO    : *              located at: pretext/book/chapter/section/subsection/subsubsection/exercise
INFO    : *              located within: "exer_count_bs9" (xml:id), "Understand" (title)
ERROR   : * PTX:ERROR: the @xml:id value "exer_course_selection" should be unique, but is authored multiple times.
INFO    : *            Results will be unpredictable, and likely incorrect.  Information on the locations follows:
INFO    : *              located at: pretext/book/chapter/section/subsection/subsubsection/exercise
INFO    : *              located within: "exer_course_selection" (xml:id), "Practice" (title)
INFO    : *              located at: pretext/book/chapter/section/subsection/subsubsection/exercise
INFO    : *              located within: "exer_course_selection" (xml:id), "Practice" (title)
ERROR   : * PTX:ERROR: the @xml:id value "exer_defn_lg" should be unique, but is authored multiple times.
INFO    : *            Results will be unpredictable, and likely incorrect.  Information on the locations follows:
INFO    : *              located at: pretext/book/chapter/section/subsection/subsubsection/exercise
INFO    : *              located within: "exer_defn_lg" (xml:id), "Explore" (title)
INFO    : *              located at: pretext/book/chapter/section/subsection/subsubsection/exercise
INFO    : *              located within: "exer_defn_lg" (xml:id), "Explore" (title)
ERROR   : * PTX:ERROR: the @xml:id value "exer_double_count_hs" should be unique, but is authored multiple times.
INFO    : *            Results will be unpredictable, and likely incorrect.  Information on the locations follows:
INFO    : *              located at: pretext/book/chapter/section/subsection/subsubsection/exercise
INFO    : *              located within: "exer_double_count_hs" (xml:id), "Understand" (title)
INFO    : *              located at: pretext/book/chapter/section/subsection/subsubsection/exercise
INFO    : *              located within: "exer_double_count_hs" (xml:id), "Understand" (title)
ERROR   : * PTX:ERROR: the @xml:id value "exer_dyk_alg_orderops" should be unique, but is authored multiple times.
INFO    : *            Results will be unpredictable, and likely incorrect.  Information on the locations follows:
INFO    : *              located at: pretext/book/chapter/section/subsection/subsubsection/exercise
INFO    : *              located within: "exer_dyk_alg_orderops" (xml:id), "Recap" (title)
INFO    : *              located at: pretext/book/chapter/section/subsection/subsubsection/exercise
INFO    : *              located within: "exer_dyk_alg_orderops" (xml:id), "Recap" (title)
ERROR   : * PTX:ERROR: the @xml:id value "exer_dyk_binomial_coeffs" should be unique, but is authored multiple times.
INFO    : *            Results will be unpredictable, and likely incorrect.  Information on the locations follows:
INFO    : *              located at: pretext/book/chapter/section/subsection/subsubsection/exercise
INFO    : *              located within: "exer_dyk_binomial_coeffs" (xml:id), "Recap" (title)
INFO    : *              located at: pretext/book/chapter/section/subsection/subsubsection/exercise
INFO    : *              located within: "exer_dyk_binomial_coeffs" (xml:id), "Recap" (title)
ERROR   : * PTX:ERROR: the @xml:id value "exer_dyk_combining_counting" should be unique, but is authored multiple times.
INFO    : *            Results will be unpredictable, and likely incorrect.  Information on the locations follows:
INFO    : *              located at: pretext/book/chapter/section/subsection/subsubsection/exercise
INFO    : *              located within: "exer_dyk_combining_counting" (xml:id), "Recap" (title)
INFO    : *              located at: pretext/book/chapter/section/subsection/subsubsection/exercise
INFO    : *              located within: "exer_dyk_combining_counting" (xml:id), "Recap" (title)
ERROR   : * PTX:ERROR: the @xml:id value "exer_dyk_counting_awry" should be unique, but is authored multiple times.
INFO    : *            Results will be unpredictable, and likely incorrect.  Information on the locations follows:
INFO    : *              located at: pretext/book/chapter/section/subsection/subsubsection/exercise
INFO    : *              located within: "exer_dyk_counting_awry" (xml:id), "Recap" (title)
INFO    : *              located at: pretext/book/chapter/section/subsection/subsubsection/exercise
INFO    : *              located within: "exer_dyk_counting_awry" (xml:id), "Recap" (title)
ERROR   : * PTX:ERROR: the @xml:id value "exer_dyk_defnbs" should be unique, but is authored multiple times.
INFO    : *            Results will be unpredictable, and likely incorrect.  Information on the locations follows:
INFO    : *              located at: pretext/book/chapter/section/subsection/subsubsection/exercise
INFO    : *              located within: "exer_dyk_defnbs" (xml:id), "Recap" (title)
INFO    : *              located at: pretext/book/chapter/section/subsection/subsubsection/exercise
INFO    : *              located within: "exer_dyk_defnbs" (xml:id), "Recap" (title)
ERROR   : * PTX:ERROR: the @xml:id value "exer_dyk_digits_sets" should be unique, but is authored multiple times.
INFO    : *            Results will be unpredictable, and likely incorrect.  Information on the locations follows:
INFO    : *              located at: pretext/book/chapter/section/subsection/subsubsection/exercise
INFO    : *              located within: "exer_dyk_digits_sets" (xml:id), "Recap" (title)
INFO    : *              located at: pretext/book/chapter/section/subsection/subsubsection/exercise
INFO    : *              located within: "exer_dyk_digits_sets" (xml:id), "Recap" (title)
ERROR   : * PTX:ERROR: the @xml:id value "exer_dyk_exp_log" should be unique, but is authored multiple times.
INFO    : *            Results will be unpredictable, and likely incorrect.  Information on the locations follows:
INFO    : *              located at: pretext/book/chapter/section/subsection/subsubsection/exercise
INFO    : *              located within: "exer_dyk_exp_log" (xml:id), "Recap" (title)
INFO    : *              located at: pretext/book/chapter/section/subsection/subsubsection/exercise
INFO    : *              located within: "exer_dyk_exp_log" (xml:id), "Recap" (title)
ERROR   : * PTX:ERROR: the @xml:id value "exer_dyk_factorials" should be unique, but is authored multiple times.
INFO    : *            Results will be unpredictable, and likely incorrect.  Information on the locations follows:
INFO    : *              located at: pretext/book/chapter/section/subsection/subsubsection/exercise
INFO    : *              located within: "exer_dyk_factorials" (xml:id), "Recap" (title)
INFO    : *              located at: pretext/book/chapter/section/subsection/subsubsection/exercise
INFO    : *              located within: "exer_dyk_factorials" (xml:id), "Recap" (title)
ERROR   : * PTX:ERROR: the @xml:id value "exer_dyk_numberbs" should be unique, but is authored multiple times.
INFO    : *            Results will be unpredictable, and likely incorrect.  Information on the locations follows:
INFO    : *              located at: pretext/book/chapter/section/subsection/subsubsection/exercise
INFO    : *              located within: "exer_dyk_numberbs" (xml:id), "Recap" (title)
INFO    : *              located at: pretext/book/chapter/section/subsection/subsubsection/exercise
INFO    : *              located within: "exer_dyk_numberbs" (xml:id), "Recap" (title)
ERROR   : * PTX:ERROR: the @xml:id value "exer_dyk_pff_comb_pf" should be unique, but is authored multiple times.
INFO    : *            Results will be unpredictable, and likely incorrect.  Information on the locations follows:
INFO    : *              located at: pretext/book/chapter/section/subsection/subsubsection/exercise
INFO    : *              located within: "exer_dyk_pff_comb_pf" (xml:id), "Recap" (title)
INFO    : *              located at: pretext/book/chapter/section/subsection/subsubsection/exercise
INFO    : *              located within: "exer_dyk_pff_comb_pf" (xml:id), "Recap" (title)
ERROR   : * PTX:ERROR: the @xml:id value "exer_dyk_rephrase_question" should be unique, but is authored multiple times.
INFO    : *            Results will be unpredictable, and likely incorrect.  Information on the locations follows:
INFO    : *              located at: pretext/book/chapter/section/subsection/subsubsection/exercise
INFO    : *              located within: "exer_dyk_rephrase_question" (xml:id), "Recap" (title)
INFO    : *              located at: pretext/book/chapter/section/subsection/subsubsection/exercise
INFO    : *              located within: "exer_dyk_rephrase_question" (xml:id), "Recap" (title)
ERROR   : * PTX:ERROR: the @xml:id value "exer_dyk_sq_dom" should be unique, but is authored multiple times.
INFO    : *            Results will be unpredictable, and likely incorrect.  Information on the locations follows:
INFO    : *              located at: pretext/book/chapter/section/subsection/subsubsection/exercise
INFO    : *              located within: "exer_dyk_sq_dom" (xml:id), "Recap" (title)
INFO    : *              located at: pretext/book/chapter/section/subsection/subsubsection/exercise
INFO    : *              located within: "exer_dyk_sq_dom" (xml:id), "Recap" (title)
ERROR   : * PTX:ERROR: the @xml:id value "exer_dyk_steps_cases" should be unique, but is authored multiple times.
INFO    : *            Results will be unpredictable, and likely incorrect.  Information on the locations follows:
INFO    : *              located at: pretext/book/chapter/section/subsection/subsubsection/exercise
INFO    : *              located within: "exer_dyk_steps_cases" (xml:id), "Recap" (title)
INFO    : *              located at: pretext/book/chapter/section/subsection/subsubsection/exercise
INFO    : *              located within: "exer_dyk_steps_cases" (xml:id), "Recap" (title)
ERROR   : * PTX:ERROR: the @xml:id value "exer_dyk_strings_trees" should be unique, but is authored multiple times.
INFO    : *            Results will be unpredictable, and likely incorrect.  Information on the locations follows:
INFO    : *              located at: pretext/book/chapter/section/subsection/subsubsection/exercise
INFO    : *              located within: "exer_dyk_strings_trees" (xml:id), "Recap" (title)
INFO    : *              located at: pretext/book/chapter/section/subsection/subsubsection/exercise
INFO    : *              located within: "exer_dyk_strings_trees" (xml:id), "Recap" (title)
ERROR   : * PTX:ERROR: the @xml:id value "exer_eval_binomial_coeffs_list_subsets" should be unique, but is authored multiple times.
INFO    : *            Results will be unpredictable, and likely incorrect.  Information on the locations follows:
INFO    : *              located at: pretext/book/chapter/section/subsection/subsubsection/exercise
INFO    : *              located within: "exer_eval_binomial_coeffs_list_subsets" (xml:id), "Practice" (title)
INFO    : *              located at: pretext/book/chapter/section/subsection/subsubsection/exercise
INFO    : *              located within: "exer_eval_binomial_coeffs_list_subsets" (xml:id), "Practice" (title)
ERROR   : * PTX:ERROR: the @xml:id value "exer_eval_edge_binomial_coeffs" should be unique, but is authored multiple times.
INFO    : *            Results will be unpredictable, and likely incorrect.  Information on the locations follows:
INFO    : *              located at: pretext/book/chapter/section/subsection/subsubsection/exercise
INFO    : *              located within: "exer_eval_edge_binomial_coeffs" (xml:id), "Understand" (title)
INFO    : *              located at: pretext/book/chapter/section/subsection/subsubsection/exercise
INFO    : *              located within: "exer_eval_edge_binomial_coeffs" (xml:id), "Understand" (title)
ERROR   : * PTX:ERROR: the @xml:id value "exer_eval_logs" should be unique, but is authored multiple times.
INFO    : *            Results will be unpredictable, and likely incorrect.  Information on the locations follows:
INFO    : *              located at: pretext/book/chapter/section/subsection/subsubsection/exercise
INFO    : *              located within: "exer_eval_logs" (xml:id), "Practice" (title)
INFO    : *              located at: pretext/book/chapter/section/subsection/subsubsection/exercise
INFO    : *              located within: "exer_eval_logs" (xml:id), "Practice" (title)
ERROR   : * PTX:ERROR: the @xml:id value "exer_evaluate_factorials" should be unique, but is authored multiple times.
INFO    : *            Results will be unpredictable, and likely incorrect.  Information on the locations follows:
INFO    : *              located at: pretext/book/chapter/section/subsection/subsubsection/exercise
INFO    : *              located within: "exer_evaluate_factorials" (xml:id), "Practice" (title)
INFO    : *              located at: pretext/book/chapter/section/subsection/subsubsection/exercise
INFO    : *              located within: "exer_evaluate_factorials" (xml:id), "Practice" (title)
ERROR   : * PTX:ERROR: the @xml:id value "exer_evaluate_powers" should be unique, but is authored multiple times.
INFO    : *            Results will be unpredictable, and likely incorrect.  Information on the locations follows:
INFO    : *              located at: pretext/book/chapter/section/subsection/subsubsection/exercise
INFO    : *              located within: "exer_evaluate_powers" (xml:id), "Practice" (title)
INFO    : *              located at: pretext/book/chapter/section/subsection/subsubsection/exercise
INFO    : *              located within: "exer_evaluate_powers" (xml:id), "Practice" (title)
ERROR   : * PTX:ERROR: the @xml:id value "exer_expand_binomial_coeffs" should be unique, but is authored multiple times.
INFO    : *            Results will be unpredictable, and likely incorrect.  Information on the locations follows:
INFO    : *              located at: pretext/book/chapter/section/subsection/subsubsection/exercise
INFO    : *              located within: "exer_expand_binomial_coeffs" (xml:id), "Explore" (title)
INFO    : *              located at: pretext/book/chapter/section/subsection/subsubsection/exercise
INFO    : *              located within: "exer_expand_binomial_coeffs" (xml:id), "Explore" (title)
ERROR   : * PTX:ERROR: the @xml:id value "exer_explore_kakuro" should be unique, but is authored multiple times.
INFO    : *            Results will be unpredictable, and likely incorrect.  Information on the locations follows:
INFO    : *              located at: pretext/book/chapter/section/subsection/subsubsection/exercise
INFO    : *              located within: "exer_explore_kakuro" (xml:id), "Explore" (title)
INFO    : *              located at: pretext/book/chapter/section/subsection/subsubsection/exercise
INFO    : *              located within: "exer_explore_kakuro" (xml:id), "Explore" (title)
ERROR   : * PTX:ERROR: the @xml:id value "exer_factor_factorials" should be unique, but is authored multiple times.
INFO    : *            Results will be unpredictable, and likely incorrect.  Information on the locations follows:
INFO    : *              located at: pretext/book/chapter/section/subsection/subsubsection/exercise
INFO    : *              located within: "exer_factor_factorials" (xml:id), "Understand" (title)
INFO    : *              located at: pretext/book/chapter/section/subsection/subsubsection/exercise
INFO    : *              located within: "exer_factor_factorials" (xml:id), "Understand" (title)
ERROR   : * PTX:ERROR: the @xml:id value "exer_factoring_powers" should be unique, but is authored multiple times.
INFO    : *            Results will be unpredictable, and likely incorrect.  Information on the locations follows:
INFO    : *              located at: pretext/book/chapter/section/subsection/subsubsection/exercise
INFO    : *              located within: "exer_factoring_powers" (xml:id), "Understand" (title)
INFO    : *              located at: pretext/book/chapter/section/subsection/subsubsection/exercise
INFO    : *              located within: "exer_factoring_powers" (xml:id), "Understand" (title)
ERROR   : * PTX:ERROR: the @xml:id value "exer_froma1toc4" should be unique, but is authored multiple times.
INFO    : *            Results will be unpredictable, and likely incorrect.  Information on the locations follows:
INFO    : *              located at: pretext/book/chapter/section/subsection/subsubsection/exercise
INFO    : *              located within: "exer_froma1toc4" (xml:id), "Practice" (title)
INFO    : *              located at: pretext/book/chapter/section/subsection/subsubsection/exercise
INFO    : *              located within: "exer_froma1toc4" (xml:id), "Practice" (title)
ERROR   : * PTX:ERROR: the @xml:id value "exer_full_house" should be unique, but is authored multiple times.
INFO    : *            Results will be unpredictable, and likely incorrect.  Information on the locations follows:
INFO    : *              located at: pretext/book/chapter/section/subsection/subsubsection/exercise
INFO    : *              located within: "exer_full_house" (xml:id), "Explore" (title)
INFO    : *              located at: pretext/book/chapter/section/subsection/subsubsection/exercise
INFO    : *              located within: "exer_full_house" (xml:id), "Explore" (title)
ERROR   : * PTX:ERROR: the @xml:id value "exer_hamming_distance" should be unique, but is authored multiple times.
INFO    : *            Results will be unpredictable, and likely incorrect.  Information on the locations follows:
INFO    : *              located at: pretext/book/chapter/section/subsection/subsubsection/exercise
INFO    : *              located within: "exer_hamming_distance" (xml:id), "Explore" (title)
INFO    : *              located at: pretext/book/chapter/section/subsection/subsubsection/exercise
INFO    : *              located within: "exer_hamming_distance" (xml:id), "Explore" (title)
ERROR   : * PTX:ERROR: the @xml:id value "exer_inclusion_exclusion_2sets" should be unique, but is authored multiple times.
INFO    : *            Results will be unpredictable, and likely incorrect.  Information on the locations follows:
INFO    : *              located at: pretext/book/chapter/section/subsection/subsubsection/exercise
INFO    : *              located within: "exer_inclusion_exclusion_2sets" (xml:id), "Explore" (title)
INFO    : *              located at: pretext/book/chapter/section/subsection/subsubsection/exercise
INFO    : *              located within: "exer_inclusion_exclusion_2sets" (xml:id), "Explore" (title)
ERROR   : * PTX:ERROR: the @xml:id value "exer_integer_algebra" should be unique, but is authored multiple times.
INFO    : *            Results will be unpredictable, and likely incorrect.  Information on the locations follows:
INFO    : *              located at: pretext/book/chapter/section/subsection/subsubsection/exercise
INFO    : *              located within: "exer_integer_algebra" (xml:id), "Practice" (title)
INFO    : *              located at: pretext/book/chapter/section/subsection/subsubsection/exercise
INFO    : *              located within: "exer_integer_algebra" (xml:id), "Practice" (title)
ERROR   : * PTX:ERROR: the @xml:id value "exer_integer_simplex" should be unique, but is authored multiple times.
INFO    : *            Results will be unpredictable, and likely incorrect.  Information on the locations follows:
INFO    : *              located at: pretext/book/chapter/section/subsection/subsubsection/exercise
INFO    : *              located within: "exer_integer_simplex" (xml:id), "Explore" (title)
INFO    : *              located at: pretext/book/chapter/section/subsection/subsubsection/exercise
INFO    : *              located within: "exer_integer_simplex" (xml:id), "Explore" (title)
ERROR   : * PTX:ERROR: the @xml:id value "exer_kakuro23" should be unique, but is authored multiple times.
INFO    : *            Results will be unpredictable, and likely incorrect.  Information on the locations follows:
INFO    : *              located at: pretext/book/chapter/section/subsection/subsubsection/exercise
INFO    : *              located within: "exer_kakuro23" (xml:id), "Understand" (title)
INFO    : *              located at: pretext/book/chapter/section/subsection/subsubsection/exercise
INFO    : *              located within: "exer_kakuro23" (xml:id), "Understand" (title)
ERROR   : * PTX:ERROR: the @xml:id value "exer_library_books" should be unique, but is authored multiple times.
INFO    : *            Results will be unpredictable, and likely incorrect.  Information on the locations follows:
INFO    : *              located at: pretext/book/chapter/section/subsection/subsubsection/exercise
INFO    : *              located within: "exer_library_books" (xml:id), "Practice" (title)
INFO    : *              located at: pretext/book/chapter/section/subsection/subsubsection/exercise
INFO    : *              located within: "exer_library_books" (xml:id), "Practice" (title)
ERROR   : * PTX:ERROR: the @xml:id value "exer_library_books_complicated" should be unique, but is authored multiple times.
INFO    : *            Results will be unpredictable, and likely incorrect.  Information on the locations follows:
INFO    : *              located at: pretext/book/chapter/section/subsection/subsubsection/exercise
INFO    : *              located within: "exer_library_books_complicated" (xml:id), "Understand" (title)
INFO    : *              located at: pretext/book/chapter/section/subsection/subsubsection/exercise
INFO    : *              located within: "exer_library_books_complicated" (xml:id), "Understand" (title)
ERROR   : * PTX:ERROR: the @xml:id value "exer_license_plates" should be unique, but is authored multiple times.
INFO    : *            Results will be unpredictable, and likely incorrect.  Information on the locations follows:
INFO    : *              located at: pretext/book/chapter/section/subsection/subsubsection/exercise
INFO    : *              located within: "exer_license_plates" (xml:id), "Understand" (title)
INFO    : *              located at: pretext/book/chapter/section/subsection/subsubsection/exercise
INFO    : *              located within: "exer_license_plates" (xml:id), "Understand" (title)
ERROR   : * PTX:ERROR: the @xml:id value "exer_number_perms" should be unique, but is authored multiple times.
INFO    : *            Results will be unpredictable, and likely incorrect.  Information on the locations follows:
INFO    : *              located at: pretext/book/chapter/section/subsection/subsubsection/exercise
INFO    : *              located within: "exer_number_perms" (xml:id), "Explore" (title)
INFO    : *              located at: pretext/book/chapter/section/subsection/subsubsection/exercise
INFO    : *              located within: "exer_number_perms" (xml:id), "Explore" (title)
ERROR   : * PTX:ERROR: the @xml:id value "exer_outside_chair" should be unique, but is authored multiple times.
INFO    : *            Results will be unpredictable, and likely incorrect.  Information on the locations follows:
INFO    : *              located at: pretext/book/chapter/section/subsection/subsubsection/exercise
INFO    : *              located within: "exer_outside_chair" (xml:id), "Understand" (title)
INFO    : *              located at: pretext/book/chapter/section/subsection/subsubsection/exercise
INFO    : *              located within: "exer_outside_chair" (xml:id), "Understand" (title)
ERROR   : * PTX:ERROR: the @xml:id value "exer_outside_chair_generalized" should be unique, but is authored multiple times.
INFO    : *            Results will be unpredictable, and likely incorrect.  Information on the locations follows:
INFO    : *              located at: pretext/book/chapter/section/subsection/subsubsection/exercise
INFO    : *              located within: "exer_outside_chair_generalized" (xml:id), "Understand" (title)
INFO    : *              located at: pretext/book/chapter/section/subsection/subsubsection/exercise
INFO    : *              located within: "exer_outside_chair_generalized" (xml:id), "Understand" (title)
ERROR   : * PTX:ERROR: the @xml:id value "exer_password_not_steps" should be unique, but is authored multiple times.
INFO    : *            Results will be unpredictable, and likely incorrect.  Information on the locations follows:
INFO    : *              located at: pretext/book/chapter/section/subsection/subsubsection/exercise
INFO    : *              located within: "exer_password_not_steps" (xml:id), "Practice" (title)
INFO    : *              located at: pretext/book/chapter/section/subsection/subsubsection/exercise
INFO    : *              located within: "exer_password_not_steps" (xml:id), "Practice" (title)
ERROR   : * PTX:ERROR: the @xml:id value "exer_passwords_special_characters" should be unique, but is authored multiple times.
INFO    : *            Results will be unpredictable, and likely incorrect.  Information on the locations follows:
INFO    : *              located at: pretext/book/chapter/section/subsection/subsubsection/exercise
INFO    : *              located within: "exer_passwords_special_characters" (xml:id), "Understand" (title)
INFO    : *              located at: pretext/book/chapter/section/subsection/subsubsection/exercise
INFO    : *              located within: "exer_passwords_special_characters" (xml:id), "Understand" (title)
ERROR   : * PTX:ERROR: the @xml:id value "exer_perm_trees" should be unique, but is authored multiple times.
INFO    : *            Results will be unpredictable, and likely incorrect.  Information on the locations follows:
INFO    : *              located at: pretext/book/chapter/section/subsection/subsubsection/exercise
INFO    : *              located within: "exer_perm_trees" (xml:id), "Explore" (title)
INFO    : *              located at: pretext/book/chapter/section/subsection/subsubsection/exercise
INFO    : *              located within: "exer_perm_trees" (xml:id), "Explore" (title)
ERROR   : * PTX:ERROR: the @xml:id value "exer_perms_12345" should be unique, but is authored multiple times.
INFO    : *            Results will be unpredictable, and likely incorrect.  Information on the locations follows:
INFO    : *              located at: pretext/book/chapter/section/subsection/subsubsection/exercise
INFO    : *              located within: "exer_perms_12345" (xml:id), "Practice" (title)
INFO    : *              located at: pretext/book/chapter/section/subsection/subsubsection/exercise
INFO    : *              located within: "exer_perms_12345" (xml:id), "Practice" (title)
ERROR   : * PTX:ERROR: the @xml:id value "exer_perms_of_six" should be unique, but is authored multiple times.
INFO    : *            Results will be unpredictable, and likely incorrect.  Information on the locations follows:
INFO    : *              located at: pretext/book/chapter/section/subsection/subsubsection/exercise
INFO    : *              located within: "exer_perms_of_six" (xml:id), "Explore" (title)
INFO    : *              located at: pretext/book/chapter/section/subsection/subsubsection/exercise
INFO    : *              located within: "exer_perms_of_six" (xml:id), "Explore" (title)
ERROR   : * PTX:ERROR: the @xml:id value "exer_phone_numbers" should be unique, but is authored multiple times.
INFO    : *            Results will be unpredictable, and likely incorrect.  Information on the locations follows:
INFO    : *              located at: pretext/book/chapter/section/subsection/subsubsection/exercise
INFO    : *              located within: "exer_phone_numbers" (xml:id), "Understand" (title)
INFO    : *              located at: pretext/book/chapter/section/subsection/subsubsection/exercise
INFO    : *              located within: "exer_phone_numbers" (xml:id), "Understand" (title)
ERROR   : * PTX:ERROR: the @xml:id value "exer_pizza_options" should be unique, but is authored multiple times.
INFO    : *            Results will be unpredictable, and likely incorrect.  Information on the locations follows:
INFO    : *              located at: pretext/book/chapter/section/subsection/subsubsection/exercise
INFO    : *              located within: "exer_pizza_options" (xml:id), "Understand" (title)
INFO    : *              located at: pretext/book/chapter/section/subsection/subsubsection/exercise
INFO    : *              located within: "exer_pizza_options" (xml:id), "Understand" (title)
ERROR   : * PTX:ERROR: the @xml:id value "exer_play_Kakuro" should be unique, but is authored multiple times.
INFO    : *            Results will be unpredictable, and likely incorrect.  Information on the locations follows:
INFO    : *              located at: pretext/book/chapter/section/subsection/subsubsection/exercise
INFO    : *              located within: "exer_play_Kakuro" (xml:id), "Explore" (title)
INFO    : *              located at: pretext/book/chapter/section/subsection/subsubsection/exercise
INFO    : *              located within: "exer_play_Kakuro" (xml:id), "Explore" (title)
ERROR   : * PTX:ERROR: the @xml:id value "exer_power_vs_factorial" should be unique, but is authored multiple times.
INFO    : *            Results will be unpredictable, and likely incorrect.  Information on the locations follows:
INFO    : *              located at: pretext/book/chapter/section/subsection/subsubsection/exercise
INFO    : *              located within: "exer_power_vs_factorial" (xml:id), "Explore" (title)
INFO    : *              located at: pretext/book/chapter/section/subsection/subsubsection/exercise
INFO    : *              located within: "exer_power_vs_factorial" (xml:id), "Explore" (title)
ERROR   : * PTX:ERROR: the @xml:id value "exer_prime_products" should be unique, but is authored multiple times.
INFO    : *            Results will be unpredictable, and likely incorrect.  Information on the locations follows:
INFO    : *              located at: pretext/book/chapter/section/subsection/subsubsection/exercise
INFO    : *              located within: "exer_prime_products" (xml:id), "Understand" (title)
INFO    : *              located at: pretext/book/chapter/section/subsection/subsubsection/exercise
INFO    : *              located within: "exer_prime_products" (xml:id), "Understand" (title)
ERROR   : * PTX:ERROR: the @xml:id value "exer_restricted_perms" should be unique, but is authored multiple times.
INFO    : *            Results will be unpredictable, and likely incorrect.  Information on the locations follows:
INFO    : *              located at: pretext/book/chapter/section/subsection/subsubsection/exercise
INFO    : *              located within: "exer_restricted_perms" (xml:id), "Explore" (title)
INFO    : *              located at: pretext/book/chapter/section/subsection/subsubsection/exercise
INFO    : *              located within: "exer_restricted_perms" (xml:id), "Explore" (title)
ERROR   : * PTX:ERROR: the @xml:id value "exer_set1ton" should be unique, but is authored multiple times.
INFO    : *            Results will be unpredictable, and likely incorrect.  Information on the locations follows:
INFO    : *              located at: pretext/book/chapter/section/subsection/subsubsection/exercise
INFO    : *              located within: "exer_set1ton" (xml:id), "Practice" (title)
INFO    : *              located at: pretext/book/chapter/section/subsection/subsubsection/exercise
INFO    : *              located within: "exer_set1ton" (xml:id), "Practice" (title)
ERROR   : * PTX:ERROR: the @xml:id value "exer_single_factorial" should be unique, but is authored multiple times.
INFO    : *            Results will be unpredictable, and likely incorrect.  Information on the locations follows:
INFO    : *              located at: pretext/book/chapter/section/subsection/subsubsection/exercise
INFO    : *              located within: "exer_single_factorial" (xml:id), "Understand" (title)
INFO    : *              located at: pretext/book/chapter/section/subsection/subsubsection/exercise
INFO    : *              located within: "exer_single_factorial" (xml:id), "Understand" (title)
ERROR   : * PTX:ERROR: the @xml:id value "exer_single_power" should be unique, but is authored multiple times.
INFO    : *            Results will be unpredictable, and likely incorrect.  Information on the locations follows:
INFO    : *              located at: pretext/book/chapter/section/subsection/subsubsection/exercise
INFO    : *              located within: "exer_single_power" (xml:id), "Understand" (title)
INFO    : *              located at: pretext/book/chapter/section/subsection/subsubsection/exercise
INFO    : *              located within: "exer_single_power" (xml:id), "Understand" (title)
ERROR   : * PTX:ERROR: the @xml:id value "exer_sq_dom4_tree" should be unique, but is authored multiple times.
INFO    : *            Results will be unpredictable, and likely incorrect.  Information on the locations follows:
INFO    : *              located at: pretext/book/chapter/section/subsection/subsubsection/exercise
INFO    : *              located within: "exer_sq_dom4_tree" (xml:id), "Understand" (title)
INFO    : *              located at: pretext/book/chapter/section/subsection/subsubsection/exercise
INFO    : *              located within: "exer_sq_dom4_tree" (xml:id), "Understand" (title)
ERROR   : * PTX:ERROR: the @xml:id value "exer_sq_dom7" should be unique, but is authored multiple times.
INFO    : *            Results will be unpredictable, and likely incorrect.  Information on the locations follows:
INFO    : *              located at: pretext/book/chapter/section/subsection/subsubsection/exercise
INFO    : *              located within: "exer_sq_dom7" (xml:id), "Practice" (title)
INFO    : *              located at: pretext/book/chapter/section/subsection/subsubsection/exercise
INFO    : *              located within: "exer_sq_dom7" (xml:id), "Practice" (title)
ERROR   : * PTX:ERROR: the @xml:id value "exer_square_algebra" should be unique, but is authored multiple times.
INFO    : *            Results will be unpredictable, and likely incorrect.  Information on the locations follows:
INFO    : *              located at: pretext/book/chapter/section/subsection/subsubsection/exercise
INFO    : *              located within: "exer_square_algebra" (xml:id), "Explore" (title)
INFO    : *              located at: pretext/book/chapter/section/subsection/subsubsection/exercise
INFO    : *              located within: "exer_square_algebra" (xml:id), "Explore" (title)
ERROR   : * PTX:ERROR: the @xml:id value "exer_stars_and_bars" should be unique, but is authored multiple times.
INFO    : *            Results will be unpredictable, and likely incorrect.  Information on the locations follows:
INFO    : *              located at: pretext/book/chapter/section/subsection/subsubsection/exercise
INFO    : *              located within: "exer_stars_and_bars" (xml:id), "Understand" (title)
INFO    : *              located at: pretext/book/chapter/section/subsection/subsubsection/exercise
INFO    : *              located within: "exer_stars_and_bars" (xml:id), "Understand" (title)
ERROR   : * PTX:ERROR: the @xml:id value "exer_string_vocab" should be unique, but is authored multiple times.
INFO    : *            Results will be unpredictable, and likely incorrect.  Information on the locations follows:
INFO    : *              located at: pretext/book/chapter/section/subsection/subsubsection/exercise
INFO    : *              located within: "exer_string_vocab" (xml:id), "Practice" (title)
INFO    : *              located at: pretext/book/chapter/section/subsection/subsubsection/exercise
INFO    : *              located within: "exer_string_vocab" (xml:id), "Practice" (title)
ERROR   : * PTX:ERROR: the @xml:id value "exer_team_starter" should be unique, but is authored multiple times.
INFO    : *            Results will be unpredictable, and likely incorrect.  Information on the locations follows:
INFO    : *              located at: pretext/book/chapter/section/subsection/subsubsection/exercise
INFO    : *              located within: "exer_team_starter" (xml:id), "Understand" (title)
INFO    : *              located at: pretext/book/chapter/section/subsection/subsubsection/exercise
INFO    : *              located within: "exer_team_starter" (xml:id), "Understand" (title)
ERROR   : * PTX:ERROR: the @xml:id value "exer_tech_teams" should be unique, but is authored multiple times.
INFO    : *            Results will be unpredictable, and likely incorrect.  Information on the locations follows:
INFO    : *              located at: pretext/book/chapter/section/subsection/subsubsection/exercise
INFO    : *              located within: "exer_tech_teams" (xml:id), "Practice" (title)
INFO    : *              located at: pretext/book/chapter/section/subsection/subsubsection/exercise
INFO    : *              located within: "exer_tech_teams" (xml:id), "Practice" (title)
ERROR   : * PTX:ERROR: the @xml:id value "exer_tree_3-strings" should be unique, but is authored multiple times.
INFO    : *            Results will be unpredictable, and likely incorrect.  Information on the locations follows:
INFO    : *              located at: pretext/book/chapter/section/subsection/subsubsection/exercise
INFO    : *              located within: "exer_tree_3-strings" (xml:id), "Understand" (title)
INFO    : *              located at: pretext/book/chapter/section/subsection/subsubsection/exercise
INFO    : *              located within: "exer_tree_3-strings" (xml:id), "Understand" (title)
ERROR   : * PTX:ERROR: the @xml:id value "exer_tree_mytodolist" should be unique, but is authored multiple times.
INFO    : *            Results will be unpredictable, and likely incorrect.  Information on the locations follows:
INFO    : *              located at: pretext/book/chapter/section/subsection/subsubsection/exercise
INFO    : *              located within: "exer_tree_mytodolist" (xml:id), "Understand" (title)
INFO    : *              located at: pretext/book/chapter/section/subsection/subsubsection/exercise
INFO    : *              located within: "exer_tree_mytodolist" (xml:id), "Understand" (title)
ERROR   : * PTX:ERROR: the @xml:id value "exer_trominoes_conjectures" should be unique, but is authored multiple times.
INFO    : *            Results will be unpredictable, and likely incorrect.  Information on the locations follows:
INFO    : *              located at: pretext/book/chapter/section/subsection/subsubsection/exercise
INFO    : *              located within: "exer_trominoes_conjectures" (xml:id), "Explore" (title)
INFO    : *              located at: pretext/book/chapter/section/subsection/subsubsection/exercise
INFO    : *              located within: "exer_trominoes_conjectures" (xml:id), "Explore" (title)
ERROR   : * PTX:ERROR: the @xml:id value "exer_trominoes_examples" should be unique, but is authored multiple times.
INFO    : *            Results will be unpredictable, and likely incorrect.  Information on the locations follows:
INFO    : *              located at: pretext/book/chapter/section/subsection/subsubsection/exercise
INFO    : *              located within: "exer_trominoes_examples" (xml:id), "Understand" (title)
INFO    : *              located at: pretext/book/chapter/section/subsection/subsubsection/exercise
INFO    : *              located within: "exer_trominoes_examples" (xml:id), "Understand" (title)
ERROR   : * PTX:ERROR: the @xml:id value "exer_unbounded" should be unique, but is authored multiple times.
INFO    : *            Results will be unpredictable, and likely incorrect.  Information on the locations follows:
INFO    : *              located at: pretext/book/chapter/section/subsection/subsubsection/exercise
INFO    : *              located within: "exer_unbounded" (xml:id), "Understand" (title)
INFO    : *              located at: pretext/book/chapter/section/subsection/subsubsection/exercise
INFO    : *              located within: "exer_unbounded" (xml:id), "Understand" (title)
ERROR   : * PTX:ERROR: the @xml:id value "exer_volleyball" should be unique, but is authored multiple times.
INFO    : *            Results will be unpredictable, and likely incorrect.  Information on the locations follows:
INFO    : *              located at: pretext/book/chapter/section/subsection/subsubsection/exercise
INFO    : *              located within: "exer_volleyball" (xml:id), "Practice" (title)
INFO    : *              located at: pretext/book/chapter/section/subsection/subsubsection/exercise
INFO    : *              located within: "exer_volleyball" (xml:id), "Practice" (title)
ERROR   : * PTX:ERROR: the @xml:id value "fig_52card_deck" should be unique, but is authored multiple times.
INFO    : *            Results will be unpredictable, and likely incorrect.  Information on the locations follows:
INFO    : *              located at: pretext/book/chapter/section/subsection/figure
INFO    : *              located within: "fig_52card_deck" (xml:id)
INFO    : *              located at: pretext/book/chapter/section/subsection/figure
INFO    : *              located within: "fig_52card_deck" (xml:id)
ERROR   : * PTX:ERROR: the @xml:id value "fig_froma1_toc4" should be unique, but is authored multiple times.
INFO    : *            Results will be unpredictable, and likely incorrect.  Information on the locations follows:
INFO    : *              located at: pretext/book/chapter/section/subsection/activity/figure
INFO    : *              located within: "fig_froma1_toc4" (xml:id)
INFO    : *              located at: pretext/book/chapter/section/subsection/activity/figure
INFO    : *              located within: "fig_froma1_toc4" (xml:id)
ERROR   : * PTX:ERROR: the @xml:id value "fig_password8_spaces" should be unique, but is authored multiple times.
INFO    : *            Results will be unpredictable, and likely incorrect.  Information on the locations follows:
INFO    : *              located at: pretext/book/chapter/section/subsection/activity/p/figure
INFO    : *              located within: "fig_password8_spaces" (xml:id)
INFO    : *              located at: pretext/book/chapter/section/subsection/activity/p/figure
INFO    : *              located within: "fig_password8_spaces" (xml:id)
ERROR   : * PTX:ERROR: the @xml:id value "fig_sq_dom3" should be unique, but is authored multiple times.
INFO    : *            Results will be unpredictable, and likely incorrect.  Information on the locations follows:
INFO    : *              located at: pretext/book/chapter/section/subsection/activity/figure
INFO    : *              located within: "fig_sq_dom3" (xml:id)
INFO    : *              located at: pretext/book/chapter/section/subsection/activity/figure
INFO    : *              located within: "fig_sq_dom3" (xml:id)
ERROR   : * PTX:ERROR: the @xml:id value "fig_sq_dom5" should be unique, but is authored multiple times.
INFO    : *            Results will be unpredictable, and likely incorrect.  Information on the locations follows:
INFO    : *              located at: pretext/book/chapter/section/subsection/example/solution/figure
INFO    : *              located within: "fig_sq_dom5" (xml:id)
INFO    : *              located at: pretext/book/chapter/section/subsection/example/solution/figure
INFO    : *              located within: "fig_sq_dom5" (xml:id)
ERROR   : * PTX:ERROR: the @xml:id value "fig_sq_dom6_start1" should be unique, but is authored multiple times.
INFO    : *            Results will be unpredictable, and likely incorrect.  Information on the locations follows:
INFO    : *              located at: pretext/book/chapter/section/subsection/example/statement/p/ol/li/p/solution/figure
INFO    : *              located within: "fig_sq_dom6_start1" (xml:id)
INFO    : *              located at: pretext/book/chapter/section/subsection/example/statement/p/ol/li/p/solution/figure
INFO    : *              located within: "fig_sq_dom6_start1" (xml:id)
ERROR   : * PTX:ERROR: the @xml:id value "fig_sq_dom6_start2" should be unique, but is authored multiple times.
INFO    : *            Results will be unpredictable, and likely incorrect.  Information on the locations follows:
INFO    : *              located at: pretext/book/chapter/section/subsection/example/statement/p/ol/li/p/solution/figure
INFO    : *              located within: "fig_sq_dom6_start2" (xml:id)
INFO    : *              located at: pretext/book/chapter/section/subsection/example/statement/p/ol/li/p/solution/figure
INFO    : *              located within: "fig_sq_dom6_start2" (xml:id)
ERROR   : * PTX:ERROR: the @xml:id value "fig_subset_corral" should be unique, but is authored multiple times.
INFO    : *            Results will be unpredictable, and likely incorrect.  Information on the locations follows:
INFO    : *              located at: pretext/book/chapter/section/subsection/figure
INFO    : *              located within: "fig_subset_corral" (xml:id)
INFO    : *              located at: pretext/book/chapter/section/subsection/figure
INFO    : *              located within: "fig_subset_corral" (xml:id)
ERROR   : * PTX:ERROR: the @xml:id value "fig_tree_2strings" should be unique, but is authored multiple times.
INFO    : *            Results will be unpredictable, and likely incorrect.  Information on the locations follows:
INFO    : *              located at: pretext/book/chapter/section/subsection/example/statement/p/ol/li/p/solution/figure
INFO    : *              located within: "fig_tree_2strings" (xml:id)
INFO    : *              located at: pretext/book/chapter/section/subsection/example/statement/p/ol/li/p/solution/figure
INFO    : *              located within: "fig_tree_2strings" (xml:id)
ERROR   : * PTX:ERROR: the @xml:id value "fig_tree_2strings_shorthand" should be unique, but is authored multiple times.
INFO    : *            Results will be unpredictable, and likely incorrect.  Information on the locations follows:
INFO    : *              located at: pretext/book/chapter/section/subsection/example/statement/p/ol/li/p/solution/figure
INFO    : *              located within: "fig_tree_2strings_shorthand" (xml:id)
INFO    : *              located at: pretext/book/chapter/section/subsection/example/statement/p/ol/li/p/solution/figure
INFO    : *              located within: "fig_tree_2strings_shorthand" (xml:id)
ERROR   : * PTX:ERROR: the @xml:id value "fig_tree_bit_strings_length3" should be unique, but is authored multiple times.
INFO    : *            Results will be unpredictable, and likely incorrect.  Information on the locations follows:
INFO    : *              located at: pretext/book/chapter/section/subsection/example/statement/p/ol/li/p/solution/figure
INFO    : *              located within: "fig_tree_bit_strings_length3" (xml:id)
INFO    : *              located at: pretext/book/chapter/section/subsection/example/statement/p/ol/li/p/solution/figure
INFO    : *              located within: "fig_tree_bit_strings_length3" (xml:id)
ERROR   : * PTX:ERROR: the @xml:id value "fig_tree_bit_strings_length4_weight2" should be unique, but is authored multiple times.
INFO    : *            Results will be unpredictable, and likely incorrect.  Information on the locations follows:
INFO    : *              located at: pretext/book/chapter/section/subsection/example/statement/p/ol/li/p/solution/figure
INFO    : *              located within: "fig_tree_bit_strings_length4_weight2" (xml:id)
INFO    : *              located at: pretext/book/chapter/section/subsection/example/statement/p/ol/li/p/solution/figure
INFO    : *              located within: "fig_tree_bit_strings_length4_weight2" (xml:id)
ERROR   : * PTX:ERROR: the @xml:id value "part_10power" should be unique, but is authored multiple times.
INFO    : *            Results will be unpredictable, and likely incorrect.  Information on the locations follows:
INFO    : *              located at: pretext/book/chapter/section/subsection/subsubsection/exercise/statement/p/ol/li
INFO    : *              located within: "part_10power" (xml:id)
INFO    : *              located at: pretext/book/chapter/section/subsection/subsubsection/exercise/statement/p/ol/li
INFO    : *              located within: "part_10power" (xml:id)
ERROR   : * PTX:ERROR: the @xml:id value "part_2tosum" should be unique, but is authored multiple times.
INFO    : *            Results will be unpredictable, and likely incorrect.  Information on the locations follows:
INFO    : *              located at: pretext/book/chapter/section/subsection/subsubsection/exercise/statement/p/ol/li
INFO    : *              located within: "part_2tosum" (xml:id)
INFO    : *              located at: pretext/book/chapter/section/subsection/subsubsection/exercise/statement/p/ol/li
INFO    : *              located within: "part_2tosum" (xml:id)
ERROR   : * PTX:ERROR: the @xml:id value "part_3sum_is9" should be unique, but is authored multiple times.
INFO    : *            Results will be unpredictable, and likely incorrect.  Information on the locations follows:
INFO    : *              located at: pretext/book/chapter/section/subsection/activity/p/ol/li
INFO    : *              located within: "part_3sum_is9" (xml:id)
INFO    : *              located at: pretext/book/chapter/section/subsection/activity/p/ol/li
INFO    : *              located within: "part_3sum_is9" (xml:id)
ERROR   : * PTX:ERROR: the @xml:id value "part_5factorial" should be unique, but is authored multiple times.
INFO    : *            Results will be unpredictable, and likely incorrect.  Information on the locations follows:
INFO    : *              located at: pretext/book/chapter/section/subsection/definition/statement/p/ol/li
INFO    : *              located within: "part_5factorial" (xml:id)
INFO    : *              located at: pretext/book/chapter/section/subsection/definition/statement/p/ol/li
INFO    : *              located within: "part_5factorial" (xml:id)
ERROR   : * PTX:ERROR: the @xml:id value "part_5spades_5hearts" should be unique, but is authored multiple times.
INFO    : *            Results will be unpredictable, and likely incorrect.  Information on the locations follows:
INFO    : *              located at: pretext/book/chapter/section/subsection/subsubsection/exercise/statement/p/ol/li
INFO    : *              located within: "part_5spades_5hearts" (xml:id)
INFO    : *              located at: pretext/book/chapter/section/subsection/subsubsection/exercise/statement/p/ol/li
INFO    : *              located within: "part_5spades_5hearts" (xml:id)
ERROR   : * PTX:ERROR: the @xml:id value "part_6factorial" should be unique, but is authored multiple times.
INFO    : *            Results will be unpredictable, and likely incorrect.  Information on the locations follows:
INFO    : *              located at: pretext/book/chapter/section/subsection/example/statement/p/ol/li
INFO    : *              located within: "part_6factorial" (xml:id)
INFO    : *              located at: pretext/book/chapter/section/subsection/example/statement/p/ol/li
INFO    : *              located within: "part_6factorial" (xml:id)
ERROR   : * PTX:ERROR: the @xml:id value "part_Yarborough" should be unique, but is authored multiple times.
INFO    : *            Results will be unpredictable, and likely incorrect.  Information on the locations follows:
INFO    : *              located at: pretext/book/chapter/section/subsection/subsubsection/exercise/statement/p/ol/li
INFO    : *              located within: "part_Yarborough" (xml:id)
INFO    : *              located at: pretext/book/chapter/section/subsection/subsubsection/exercise/statement/p/ol/li
INFO    : *              located within: "part_Yarborough" (xml:id)
ERROR   : * PTX:ERROR: the @xml:id value "part_another_10power" should be unique, but is authored multiple times.
INFO    : *            Results will be unpredictable, and likely incorrect.  Information on the locations follows:
INFO    : *              located at: pretext/book/chapter/section/subsection/subsubsection/exercise/statement/p/ol/li
INFO    : *              located within: "part_another_10power" (xml:id)
INFO    : *              located at: pretext/book/chapter/section/subsection/subsubsection/exercise/statement/p/ol/li
INFO    : *              located within: "part_another_10power" (xml:id)
ERROR   : * PTX:ERROR: the @xml:id value "part_bit_strings_length5_weight3" should be unique, but is authored multiple times.
INFO    : *            Results will be unpredictable, and likely incorrect.  Information on the locations follows:
INFO    : *              located at: pretext/book/chapter/section/subsection/activity/p/ol/li
INFO    : *              located within: "part_bit_strings_length5_weight3" (xml:id)
INFO    : *              located at: pretext/book/chapter/section/subsection/activity/p/ol/li
INFO    : *              located within: "part_bit_strings_length5_weight3" (xml:id)
ERROR   : * PTX:ERROR: the @xml:id value "part_bs_length8_weight2" should be unique, but is authored multiple times.
INFO    : *            Results will be unpredictable, and likely incorrect.  Information on the locations follows:
INFO    : *              located at: pretext/book/chapter/section/subsection/activity/p/ol/li
INFO    : *              located within: "part_bs_length8_weight2" (xml:id)
INFO    : *              located at: pretext/book/chapter/section/subsection/activity/p/ol/li
INFO    : *              located within: "part_bs_length8_weight2" (xml:id)
ERROR   : * PTX:ERROR: the @xml:id value "part_cat_dog" should be unique, but is authored multiple times.
INFO    : *            Results will be unpredictable, and likely incorrect.  Information on the locations follows:
INFO    : *              located at: pretext/book/chapter/section/subsection/activity/p/ol/li
INFO    : *              located within: "part_cat_dog" (xml:id)
INFO    : *              located at: pretext/book/chapter/section/subsection/activity/p/ol/li
INFO    : *              located within: "part_cat_dog" (xml:id)
ERROR   : * PTX:ERROR: the @xml:id value "part_choose_two_cats" should be unique, but is authored multiple times.
INFO    : *            Results will be unpredictable, and likely incorrect.  Information on the locations follows:
INFO    : *              located at: pretext/book/chapter/section/introduction/activity/p/ol/li
INFO    : *              located within: "part_choose_two_cats" (xml:id)
INFO    : *              located at: pretext/book/chapter/section/introduction/activity/p/ol/li
INFO    : *              located within: "part_choose_two_cats" (xml:id)
ERROR   : * PTX:ERROR: the @xml:id value "part_comb_proof_read" should be unique, but is authored multiple times.
INFO    : *            Results will be unpredictable, and likely incorrect.  Information on the locations follows:
INFO    : *              located at: pretext/book/chapter/section/subsection/activity/p/ol/li
INFO    : *              located within: "part_comb_proof_read" (xml:id)
INFO    : *              located at: pretext/book/chapter/section/subsection/activity/p/ol/li
INFO    : *              located within: "part_comb_proof_read" (xml:id)
ERROR   : * PTX:ERROR: the @xml:id value "part_froma1_toc4_count" should be unique, but is authored multiple times.
INFO    : *            Results will be unpredictable, and likely incorrect.  Information on the locations follows:
INFO    : *              located at: pretext/book/chapter/section/subsection/activity/ol/li
INFO    : *              located within: "part_froma1_toc4_count" (xml:id)
INFO    : *              located at: pretext/book/chapter/section/subsection/activity/ol/li
INFO    : *              located within: "part_froma1_toc4_count" (xml:id)
ERROR   : * PTX:ERROR: the @xml:id value "part_froma1_toc4_tree" should be unique, but is authored multiple times.
INFO    : *            Results will be unpredictable, and likely incorrect.  Information on the locations follows:
INFO    : *              located at: pretext/book/chapter/section/subsection/activity/ol/li
INFO    : *              located within: "part_froma1_toc4_tree" (xml:id)
INFO    : *              located at: pretext/book/chapter/section/subsection/activity/ol/li
INFO    : *              located within: "part_froma1_toc4_tree" (xml:id)
ERROR   : * PTX:ERROR: the @xml:id value "part_kchoose2_cats" should be unique, but is authored multiple times.
INFO    : *            Results will be unpredictable, and likely incorrect.  Information on the locations follows:
INFO    : *              located at: pretext/book/chapter/section/introduction/activity/p/ol/li
INFO    : *              located within: "part_kchoose2_cats" (xml:id)
INFO    : *              located at: pretext/book/chapter/section/introduction/activity/p/ol/li
INFO    : *              located within: "part_kchoose2_cats" (xml:id)
ERROR   : * PTX:ERROR: the @xml:id value "part_lg_product" should be unique, but is authored multiple times.
INFO    : *            Results will be unpredictable, and likely incorrect.  Information on the locations follows:
INFO    : *              located at: pretext/book/chapter/section/subsection/subsubsection/exercise/statement/p/ol/li
INFO    : *              located within: "part_lg_product" (xml:id)
INFO    : *              located at: pretext/book/chapter/section/subsection/subsubsection/exercise/statement/p/ol/li
INFO    : *              located within: "part_lg_product" (xml:id)
ERROR   : * PTX:ERROR: the @xml:id value "part_lg_to_exp" should be unique, but is authored multiple times.
INFO    : *            Results will be unpredictable, and likely incorrect.  Information on the locations follows:
INFO    : *              located at: pretext/book/chapter/section/subsection/subsubsection/exercise/statement/p/ol/li
INFO    : *              located within: "part_lg_to_exp" (xml:id)
INFO    : *              located at: pretext/book/chapter/section/subsection/subsubsection/exercise/statement/p/ol/li
INFO    : *              located within: "part_lg_to_exp" (xml:id)
ERROR   : * PTX:ERROR: the @xml:id value "part_list_two_cats" should be unique, but is authored multiple times.
INFO    : *            Results will be unpredictable, and likely incorrect.  Information on the locations follows:
INFO    : *              located at: pretext/book/chapter/section/introduction/activity/p/ol/li
INFO    : *              located within: "part_list_two_cats" (xml:id)
INFO    : *              located at: pretext/book/chapter/section/introduction/activity/p/ol/li
INFO    : *              located within: "part_list_two_cats" (xml:id)
ERROR   : * PTX:ERROR: the @xml:id value "part_mfactorial" should be unique, but is authored multiple times.
INFO    : *            Results will be unpredictable, and likely incorrect.  Information on the locations follows:
INFO    : *              located at: pretext/book/chapter/section/subsection/activity/p/ol/li
INFO    : *              located within: "part_mfactorial" (xml:id)
INFO    : *              located at: pretext/book/chapter/section/subsection/activity/p/ol/li
INFO    : *              located within: "part_mfactorial" (xml:id)
ERROR   : * PTX:ERROR: the @xml:id value "part_order_operations" should be unique, but is authored multiple times.
INFO    : *            Results will be unpredictable, and likely incorrect.  Information on the locations follows:
INFO    : *              located at: pretext/book/chapter/section/subsection/definition/statement/p/ol/li
INFO    : *              located within: "part_order_operations" (xml:id)
INFO    : *              located at: pretext/book/chapter/section/subsection/definition/statement/p/ol/li
INFO    : *              located within: "part_order_operations" (xml:id)
ERROR   : * PTX:ERROR: the @xml:id value "part_perms_abc" should be unique, but is authored multiple times.
INFO    : *            Results will be unpredictable, and likely incorrect.  Information on the locations follows:
INFO    : *              located at: pretext/book/chapter/section/subsection/activity/p/ol/li
INFO    : *              located within: "part_perms_abc" (xml:id)
INFO    : *              located at: pretext/book/chapter/section/subsection/activity/p/ol/li
INFO    : *              located within: "part_perms_abc" (xml:id)
ERROR   : * PTX:ERROR: the @xml:id value "part_pick_two" should be unique, but is authored multiple times.
INFO    : *            Results will be unpredictable, and likely incorrect.  Information on the locations follows:
INFO    : *              located at: pretext/book/chapter/section/introduction/activity/p/ol/li
INFO    : *              located within: "part_pick_two" (xml:id)
INFO    : *              located at: pretext/book/chapter/section/introduction/activity/p/ol/li
INFO    : *              located within: "part_pick_two" (xml:id)
ERROR   : * PTX:ERROR: the @xml:id value "part_power_of_power" should be unique, but is authored multiple times.
INFO    : *            Results will be unpredictable, and likely incorrect.  Information on the locations follows:
INFO    : *              located at: pretext/book/chapter/section/subsection/example/statement/p/ol/li
INFO    : *              located within: "part_power_of_power" (xml:id)
INFO    : *              located at: pretext/book/chapter/section/subsection/example/statement/p/ol/li
INFO    : *              located within: "part_power_of_power" (xml:id)
ERROR   : * PTX:ERROR: the @xml:id value "part_salad_and_pizza" should be unique, but is authored multiple times.
INFO    : *            Results will be unpredictable, and likely incorrect.  Information on the locations follows:
INFO    : *              located at: pretext/book/chapter/section/introduction/activity/p/ol/li
INFO    : *              located within: "part_salad_and_pizza" (xml:id)
INFO    : *              located at: pretext/book/chapter/section/introduction/activity/p/ol/li
INFO    : *              located within: "part_salad_and_pizza" (xml:id)
ERROR   : * PTX:ERROR: the @xml:id value "part_salad_or_pizza" should be unique, but is authored multiple times.
INFO    : *            Results will be unpredictable, and likely incorrect.  Information on the locations follows:
INFO    : *              located at: pretext/book/chapter/section/introduction/activity/p/ol/li
INFO    : *              located within: "part_salad_or_pizza" (xml:id)
INFO    : *              located at: pretext/book/chapter/section/introduction/activity/p/ol/li
INFO    : *              located within: "part_salad_or_pizza" (xml:id)
ERROR   : * PTX:ERROR: the @xml:id value "part_strings_abc" should be unique, but is authored multiple times.
INFO    : *            Results will be unpredictable, and likely incorrect.  Information on the locations follows:
INFO    : *              located at: pretext/book/chapter/section/subsection/activity/p/ol/li
INFO    : *              located within: "part_strings_abc" (xml:id)
INFO    : *              located at: pretext/book/chapter/section/subsection/activity/p/ol/li
INFO    : *              located within: "part_strings_abc" (xml:id)
ERROR   : * PTX:ERROR: the @xml:id value "part_thm_simplify_22nminus1" should be unique, but is authored multiple times.
INFO    : *            Results will be unpredictable, and likely incorrect.  Information on the locations follows:
INFO    : *              located at: pretext/book/chapter/section/subsection/example/statement/p/ol/li
INFO    : *              located within: "part_thm_simplify_22nminus1" (xml:id)
INFO    : *              located at: pretext/book/chapter/section/subsection/example/statement/p/ol/li
INFO    : *              located within: "part_thm_simplify_22nminus1" (xml:id)
ERROR   : * PTX:ERROR: the @xml:id value "part_tree_bs4" should be unique, but is authored multiple times.
INFO    : *            Results will be unpredictable, and likely incorrect.  Information on the locations follows:
INFO    : *              located at: pretext/book/chapter/section/subsection/activity/p/ol/li
INFO    : *              located within: "part_tree_bs4" (xml:id)
INFO    : *              located at: pretext/book/chapter/section/subsection/activity/p/ol/li
INFO    : *              located within: "part_tree_bs4" (xml:id)
ERROR   : * PTX:ERROR: the @xml:id value "part_tree_perms_abcd" should be unique, but is authored multiple times.
INFO    : *            Results will be unpredictable, and likely incorrect.  Information on the locations follows:
INFO    : *              located at: pretext/book/chapter/section/subsection/subsubsection/exercise/statement/p/ol/li
INFO    : *              located within: "part_tree_perms_abcd" (xml:id)
INFO    : *              located at: pretext/book/chapter/section/subsection/subsubsection/exercise/statement/p/ol/li
INFO    : *              located within: "part_tree_perms_abcd" (xml:id)
ERROR   : * PTX:ERROR: the @xml:id value "part_two_animals" should be unique, but is authored multiple times.
INFO    : *            Results will be unpredictable, and likely incorrect.  Information on the locations follows:
INFO    : *              located at: pretext/book/chapter/section/subsection/activity/p/ol/li
INFO    : *              located within: "part_two_animals" (xml:id)
INFO    : *              located at: pretext/book/chapter/section/subsection/activity/p/ol/li
INFO    : *              located within: "part_two_animals" (xml:id)
ERROR   : * PTX:ERROR: the @xml:id value "part_two_cats" should be unique, but is authored multiple times.
INFO    : *            Results will be unpredictable, and likely incorrect.  Information on the locations follows:
INFO    : *              located at: pretext/book/chapter/section/subsection/activity/p/ol/li
INFO    : *              located within: "part_two_cats" (xml:id)
INFO    : *              located at: pretext/book/chapter/section/subsection/activity/p/ol/li
INFO    : *              located within: "part_two_cats" (xml:id)
ERROR   : * PTX:ERROR: the @xml:id value "part_two_dogs" should be unique, but is authored multiple times.
INFO    : *            Results will be unpredictable, and likely incorrect.  Information on the locations follows:
INFO    : *              located at: pretext/book/chapter/section/subsection/activity/p/ol/li
INFO    : *              located within: "part_two_dogs" (xml:id)
INFO    : *              located at: pretext/book/chapter/section/subsection/activity/p/ol/li
INFO    : *              located within: "part_two_dogs" (xml:id)
ERROR   : * PTX:ERROR: the @xml:id value "pff_comb" should be unique, but is authored multiple times.
INFO    : *            Results will be unpredictable, and likely incorrect.  Information on the locations follows:
INFO    : *              located at: pretext/book/chapter/section/subsection/theorem
INFO    : *              located within: "pff_comb" (xml:id), "Proof Format: Combinatorial Proof" (title)
INFO    : *              located at: pretext/book/chapter/section/subsection/theorem
INFO    : *              located within: "pff_comb" (xml:id), "Proof Format: Combinatorial Proof" (title)
ERROR   : * PTX:ERROR: the @xml:id value "rem_not_eval_counts_1" should be unique, but is authored multiple times.
INFO    : *            Results will be unpredictable, and likely incorrect.  Information on the locations follows:
INFO    : *              located at: pretext/book/chapter/section/subsection/remark
INFO    : *              located within: "rem_not_eval_counts_1" (xml:id), "Not evaluating counts, version 1" (title)
INFO    : *              located at: pretext/book/chapter/section/subsection/remark
INFO    : *              located within: "rem_not_eval_counts_1" (xml:id), "Not evaluating counts, version 1" (title)
ERROR   : * PTX:ERROR: the @xml:id value "rem_not_eval_counts_2" should be unique, but is authored multiple times.
INFO    : *            Results will be unpredictable, and likely incorrect.  Information on the locations follows:
INFO    : *              located at: pretext/book/chapter/section/subsection/remark
INFO    : *              located within: "rem_not_eval_counts_2" (xml:id), "Not evaluating counts, version 2" (title)
INFO    : *              located at: pretext/book/chapter/section/subsection/remark
INFO    : *              located within: "rem_not_eval_counts_2" (xml:id), "Not evaluating counts, version 2" (title)
ERROR   : * PTX:ERROR: the @xml:id value "rem_not_eval_counts_3" should be unique, but is authored multiple times.
INFO    : *            Results will be unpredictable, and likely incorrect.  Information on the locations follows:
INFO    : *              located at: pretext/book/chapter/section/subsection/remark
INFO    : *              located within: "rem_not_eval_counts_3" (xml:id), "Not evaluating counts, version 3" (title)
INFO    : *              located at: pretext/book/chapter/section/subsection/remark
INFO    : *              located within: "rem_not_eval_counts_3" (xml:id), "Not evaluating counts, version 3" (title)
ERROR   : * PTX:ERROR: the @xml:id value "rem_not_eval_counts_final" should be unique, but is authored multiple times.
INFO    : *            Results will be unpredictable, and likely incorrect.  Information on the locations follows:
INFO    : *              located at: pretext/book/chapter/section/subsection/remark
INFO    : *              located within: "rem_not_eval_counts_final" (xml:id), "Not evaluating counts, final version" (title)
INFO    : *              located at: pretext/book/chapter/section/subsection/remark
INFO    : *              located within: "rem_not_eval_counts_final" (xml:id), "Not evaluating counts, final version" (title)
ERROR   : * PTX:ERROR: the @xml:id value "rem_notation_zero" should be unique, but is authored multiple times.
INFO    : *            Results will be unpredictable, and likely incorrect.  Information on the locations follows:
INFO    : *              located at: pretext/book/chapter/section/subsection/remark
INFO    : *              located within: "rem_notation_zero" (xml:id), "Notation for zero" (title)
INFO    : *              located at: pretext/book/chapter/section/subsection/remark
INFO    : *              located within: "rem_notation_zero" (xml:id), "Notation for zero" (title)
ERROR   : * PTX:ERROR: the @xml:id value "sec_bit_strings" should be unique, but is authored multiple times.
INFO    : *            Results will be unpredictable, and likely incorrect.  Information on the locations follows:
INFO    : *              located at: pretext/book/chapter/section
INFO    : *              located within: "sec_bit_strings" (xml:id), "Counting Bit Strings" (title)
INFO    : *              located at: pretext/book/chapter/section
INFO    : *              located within: "sec_bit_strings" (xml:id), "Counting Bit Strings" (title)
ERROR   : * PTX:ERROR: the @xml:id value "sec_counting_steps_cases" should be unique, but is authored multiple times.
INFO    : *            Results will be unpredictable, and likely incorrect.  Information on the locations follows:
INFO    : *              located at: pretext/book/chapter/section
INFO    : *              located within: "sec_counting_steps_cases" (xml:id), "Counting with Steps and Cases" (title)
INFO    : *              located at: pretext/book/chapter/section
INFO    : *              located within: "sec_counting_steps_cases" (xml:id), "Counting with Steps and Cases" (title)
ERROR   : * PTX:ERROR: the @xml:id value "sec_counting_subsets" should be unique, but is authored multiple times.
INFO    : *            Results will be unpredictable, and likely incorrect.  Information on the locations follows:
INFO    : *              located at: pretext/book/chapter/section
INFO    : *              located within: "sec_counting_subsets" (xml:id), "Counting Subsets" (title)
INFO    : *              located at: pretext/book/chapter/section
INFO    : *              located within: "sec_counting_subsets" (xml:id), "Counting Subsets" (title)
ERROR   : * PTX:ERROR: the @xml:id value "sec_listing" should be unique, but is authored multiple times.
INFO    : *            Results will be unpredictable, and likely incorrect.  Information on the locations follows:
INFO    : *              located at: pretext/book/chapter/section
INFO    : *              located within: "sec_listing" (xml:id), "Organized Listing   " (title)
INFO    : *              located at: pretext/book/chapter/section
INFO    : *              located within: "sec_listing" (xml:id), "Organized Listing   " (title)
ERROR   : * PTX:ERROR: the @xml:id value "sub_bitstrings" should be unique, but is authored multiple times.
INFO    : *            Results will be unpredictable, and likely incorrect.  Information on the locations follows:
INFO    : *              located at: pretext/book/chapter/section/subsection
INFO    : *              located within: "sub_bitstrings" (xml:id), "Bit Strings" (title)
INFO    : *              located at: pretext/book/chapter/section/subsection
INFO    : *              located within: "sub_bitstrings" (xml:id), "Bit Strings" (title)
ERROR   : * PTX:ERROR: the @xml:id value "sub_combine_count" should be unique, but is authored multiple times.
INFO    : *            Results will be unpredictable, and likely incorrect.  Information on the locations follows:
INFO    : *              located at: pretext/book/chapter/section/subsection
INFO    : *              located within: "sub_combine_count" (xml:id), "Combining Counting Techniques" (title)
INFO    : *              located at: pretext/book/chapter/section/subsection
INFO    : *              located within: "sub_combine_count" (xml:id), "Combining Counting Techniques" (title)
ERROR   : * PTX:ERROR: the @xml:id value "sub_count_bit_strings" should be unique, but is authored multiple times.
INFO    : *            Results will be unpredictable, and likely incorrect.  Information on the locations follows:
INFO    : *              located at: pretext/book/chapter/section/subsection
INFO    : *              located within: "sub_count_bit_strings" (xml:id), "Number of Bit Strings" (title)
INFO    : *              located at: pretext/book/chapter/section/subsection
INFO    : *              located within: "sub_count_bit_strings" (xml:id), "Number of Bit Strings" (title)
ERROR   : * PTX:ERROR: the @xml:id value "sub_counting_awry" should be unique, but is authored multiple times.
INFO    : *            Results will be unpredictable, and likely incorrect.  Information on the locations follows:
INFO    : *              located at: pretext/book/chapter/section/subsection
INFO    : *              located within: "sub_counting_awry" (xml:id), "When Counting Goes Awry" (title)
INFO    : *              located at: pretext/book/chapter/section/subsection
INFO    : *              located within: "sub_counting_awry" (xml:id), "When Counting Goes Awry" (title)
ERROR   : * PTX:ERROR: the @xml:id value "sub_exp_log" should be unique, but is authored multiple times.
INFO    : *            Results will be unpredictable, and likely incorrect.  Information on the locations follows:
INFO    : *              located at: pretext/book/chapter/section/subsection
INFO    : *              located within: "sub_exp_log" (xml:id), "Algebra: Exponential Notation and Logarithms" (title)
INFO    : *              located at: pretext/book/chapter/section/subsection
INFO    : *              located within: "sub_exp_log" (xml:id), "Algebra: Exponential Notation and Logarithms" (title)
ERROR   : * PTX:ERROR: the @xml:id value "sub_factorials" should be unique, but is authored multiple times.
INFO    : *            Results will be unpredictable, and likely incorrect.  Information on the locations follows:
INFO    : *              located at: pretext/book/chapter/section/subsection
INFO    : *              located within: "sub_factorials" (xml:id), "Algebra: Factorials" (title)
INFO    : *              located at: pretext/book/chapter/section/subsection
INFO    : *              located within: "sub_factorials" (xml:id), "Algebra: Factorials" (title)
ERROR   : * PTX:ERROR: the @xml:id value "sub_integer_algebra" should be unique, but is authored multiple times.
INFO    : *            Results will be unpredictable, and likely incorrect.  Information on the locations follows:
INFO    : *              located at: pretext/book/chapter/section/subsection
INFO    : *              located within: "sub_integer_algebra" (xml:id), "Integer Algebra" (title)
INFO    : *              located at: pretext/book/chapter/section/subsection
INFO    : *              located within: "sub_integer_algebra" (xml:id), "Integer Algebra" (title)
ERROR   : * PTX:ERROR: the @xml:id value "sub_proofs_count_nosums" should be unique, but is authored multiple times.
INFO    : *            Results will be unpredictable, and likely incorrect.  Information on the locations follows:
INFO    : *              located at: pretext/book/chapter/section/subsection
INFO    : *              located within: "sub_proofs_count_nosums" (xml:id), "Proof Format: Combinatorial Proof" (title)
INFO    : *              located at: pretext/book/chapter/section/subsection
INFO    : *              located within: "sub_proofs_count_nosums" (xml:id), "Proof Format: Combinatorial Proof" (title)
ERROR   : * PTX:ERROR: the @xml:id value "sub_rephrasing_subset" should be unique, but is authored multiple times.
INFO    : *            Results will be unpredictable, and likely incorrect.  Information on the locations follows:
INFO    : *              located at: pretext/book/chapter/section/subsection
INFO    : *              located within: "sub_rephrasing_subset" (xml:id), "Detour: Rephrasing the Question" (title)
INFO    : *              located at: pretext/book/chapter/section/subsection
INFO    : *              located within: "sub_rephrasing_subset" (xml:id), "Detour: Rephrasing the Question" (title)
ERROR   : * PTX:ERROR: the @xml:id value "sub_sets_digits" should be unique, but is authored multiple times.
INFO    : *            Results will be unpredictable, and likely incorrect.  Information on the locations follows:
INFO    : *              located at: pretext/book/chapter/section/subsection
INFO    : *              located within: "sub_sets_digits" (xml:id), "Sets of Digits" (title)
INFO    : *              located at: pretext/book/chapter/section/subsection
INFO    : *              located within: "sub_sets_digits" (xml:id), "Sets of Digits" (title)
ERROR   : * PTX:ERROR: the @xml:id value "sub_squares_dominoes" should be unique, but is authored multiple times.
INFO    : *            Results will be unpredictable, and likely incorrect.  Information on the locations follows:
INFO    : *              located at: pretext/book/chapter/section/subsection
INFO    : *              located within: "sub_squares_dominoes" (xml:id), "Squares and Dominoes" (title)
INFO    : *              located at: pretext/book/chapter/section/subsection
INFO    : *              located within: "sub_squares_dominoes" (xml:id), "Squares and Dominoes" (title)
ERROR   : * PTX:ERROR: the @xml:id value "sub_steps_cases" should be unique, but is authored multiple times.
INFO    : *            Results will be unpredictable, and likely incorrect.  Information on the locations follows:
INFO    : *              located at: pretext/book/chapter/section/subsection
INFO    : *              located within: "sub_steps_cases" (xml:id), "Counting with Steps and Cases" (title)
INFO    : *              located at: pretext/book/chapter/section/subsection
INFO    : *              located within: "sub_steps_cases" (xml:id), "Counting with Steps and Cases" (title)
ERROR   : * PTX:ERROR: the @xml:id value "sub_strings" should be unique, but is authored multiple times.
INFO    : *            Results will be unpredictable, and likely incorrect.  Information on the locations follows:
INFO    : *              located at: pretext/book/chapter/section/subsection
INFO    : *              located within: "sub_strings" (xml:id), "Strings" (title)
INFO    : *              located at: pretext/book/chapter/section/subsection
INFO    : *              located within: "sub_strings" (xml:id), "Strings" (title)
ERROR   : * PTX:ERROR: the @xml:id value "sub_subsets_choose" should be unique, but is authored multiple times.
INFO    : *            Results will be unpredictable, and likely incorrect.  Information on the locations follows:
INFO    : *              located at: pretext/book/chapter/section/subsection
INFO    : *              located within: "sub_subsets_choose" (xml:id), "Subsets and the Binomial Coefficients" (title)
INFO    : *              located at: pretext/book/chapter/section/subsection
INFO    : *              located within: "sub_subsets_choose" (xml:id), "Subsets and the Binomial Coefficients" (title)
ERROR   : * PTX:ERROR: the @xml:id value "table_number_bit_strings" should be unique, but is authored multiple times.
INFO    : *            Results will be unpredictable, and likely incorrect.  Information on the locations follows:
INFO    : *              located at: pretext/book/chapter/section/subsection/example/solution/table
INFO    : *              located within: "table_number_bit_strings" (xml:id), "The number of bit strings of length n for n=1,2,3,4,5" (title)
INFO    : *              located at: pretext/book/chapter/section/subsection/example/solution/table
INFO    : *              located within: "table_number_bit_strings" (xml:id), "The number of bit strings of length n for n=1,2,3,4,5" (title)
ERROR   : * PTX:ERROR: the @xml:id value "thm_bit_string_exactly_k" should be unique, but is authored multiple times.
INFO    : *            Results will be unpredictable, and likely incorrect.  Information on the locations follows:
INFO    : *              located at: pretext/book/chapter/section/subsection/theorem
INFO    : *              located within: "thm_bit_string_exactly_k" (xml:id), "Number of bit strings of length n with exactly k \str{1}s (or with exactly k \str{0}s)" (title)
INFO    : *              located at: pretext/book/chapter/section/subsection/theorem
INFO    : *              located within: "thm_bit_string_exactly_k" (xml:id), "Number of bit strings of length n with exactly k \str{1}s (or with exactly k \str{0}s)" (title)
ERROR   : * PTX:ERROR: the @xml:id value "thm_cases_add" should be unique, but is authored multiple times.
INFO    : *            Results will be unpredictable, and likely incorrect.  Information on the locations follows:
INFO    : *              located at: pretext/book/chapter/section/subsection/theorem
INFO    : *              located within: "thm_cases_add" (xml:id), "Cases add" (title)
INFO    : *              located at: pretext/book/chapter/section/subsection/theorem
INFO    : *              located within: "thm_cases_add" (xml:id), "Cases add" (title)
ERROR   : * PTX:ERROR: the @xml:id value "thm_count_complement" should be unique, but is authored multiple times.
INFO    : *            Results will be unpredictable, and likely incorrect.  Information on the locations follows:
INFO    : *              located at: pretext/book/chapter/section/subsection/theorem
INFO    : *              located within: "thm_count_complement" (xml:id), "Counting the opposite" (title)
INFO    : *              located at: pretext/book/chapter/section/subsection/theorem
INFO    : *              located within: "thm_count_complement" (xml:id), "Counting the opposite" (title)
ERROR   : * PTX:ERROR: the @xml:id value "thm_number_bit_strings" should be unique, but is authored multiple times.
INFO    : *            Results will be unpredictable, and likely incorrect.  Information on the locations follows:
INFO    : *              located at: pretext/book/chapter/section/subsection/theorem
INFO    : *              located within: "thm_number_bit_strings" (xml:id), "Number of bit strings of length n" (title)
INFO    : *              located at: pretext/book/chapter/section/subsection/theorem
INFO    : *              located within: "thm_number_bit_strings" (xml:id), "Number of bit strings of length n" (title)
ERROR   : * PTX:ERROR: the @xml:id value "thm_simplify_exp" should be unique, but is authored multiple times.
INFO    : *            Results will be unpredictable, and likely incorrect.  Information on the locations follows:
INFO    : *              located at: pretext/book/chapter/section/subsection/theorem
INFO    : *              located within: "thm_simplify_exp" (xml:id), "Simplifying exponents" (title)
INFO    : *              located at: pretext/book/chapter/section/subsection/theorem
INFO    : *              located within: "thm_simplify_exp" (xml:id), "Simplifying exponents" (title)
ERROR   : * PTX:ERROR: the @xml:id value "thm_steps_multiply" should be unique, but is authored multiple times.
INFO    : *            Results will be unpredictable, and likely incorrect.  Information on the locations follows:
INFO    : *              located at: pretext/book/chapter/section/subsection/theorem
INFO    : *              located within: "thm_steps_multiply" (xml:id), "Steps multiply" (title)
INFO    : *              located at: pretext/book/chapter/section/subsection/theorem
INFO    : *              located within: "thm_steps_multiply" (xml:id), "Steps multiply" (title)
ERROR   : * PTX:ERROR: the @xml:id value "thm_sym_binom" should be unique, but is authored multiple times.
INFO    : *            Results will be unpredictable, and likely incorrect.  Information on the locations follows:
INFO    : *              located at: pretext/book/chapter/section/subsection/theorem
INFO    : *              located within: "thm_sym_binom" (xml:id), "Symmetry of the binomial coefficients" (title)
INFO    : *              located at: pretext/book/chapter/section/subsection/theorem
INFO    : *              located within: "thm_sym_binom" (xml:id), "Symmetry of the binomial coefficients" (title)
ERROR   : * PTX:ERROR: the @xml:id value "x2048_game" should be unique, but is authored multiple times.
INFO    : *            Results will be unpredictable, and likely incorrect.  Information on the locations follows:
INFO    : *              located at: pretext/book/chapter/section/subsection/subsubsection/exercise
INFO    : *              located within: "x2048_game" (xml:id), "Explore" (title)
INFO    : *              located at: pretext/book/chapter/section/subsection/subsubsection/exercise
INFO    : *              located within: "x2048_game" (xml:id), "Explore" (title)
INFO    : successful application of /home/codespace/.ptx/2.43.2/core/xsl/extract-latex-image.xsl
INFO    : converting fig_tree_2strings_shorthand-2.tex to fig_tree_2strings_shorthand-2.pdf
ERROR   : LaTeX compilation of fig_tree_2strings_shorthand-2.tex failed.
Re-run, requesting "source" as the format, to analyze the image.
Likely creating the entire document as PDF will fail similarly.
The transcript of the LaTeX run follows.
WARNING : LaTeX compilation of fig_tree_2strings_shorthand-2.tex failed
ERROR   : Unable to generate some latex-image assets:
 LaTeX compilation failed for 1 "latex-image"(s).
Review the log for error messages, and LaTeX transcripts.
Images are:
  fig_tree_2strings_shorthand-2.tex
INFO    : Removing temporary directory /tmp/ptx-xgeuivxu
INFO    : Finished generating assets.

INFO    : Building with custom xsl /workspaces/activediscreteTEST0312826/Doree-main/source/xsl/custom-html.xsl
INFO    : Preparing to build into /workspaces/activediscreteTEST0312826/Doree-main/source/build/web.
INFO    : discovering source file's directory name: /workspaces/activediscreteTEST0312826/Doree-main/source
INFO    : verifying and expanding input directory: /workspaces/activediscreteTEST0312826/Doree-main/source/../generated-assets
INFO    : input directory expanded to absolute path: /workspaces/activediscreteTEST0312826/Doree-main/generated-assets
INFO    : verifying and expanding input directory: /workspaces/activediscreteTEST0312826/Doree-main/source/../assets
INFO    : input directory expanded to absolute path: /workspaces/activediscreteTEST0312826/Doree-main/assets
INFO    : discovering source file's directory name: /workspaces/activediscreteTEST0312826/Doree-main/source
INFO    : XSL conversion of /workspaces/activediscreteTEST0312826/Doree-main/source/main.ptx by /home/codespace/.ptx/2.43.2/core/xsl/utilities/report-publisher-variables.xsl
INFO    : successful application of /home/codespace/.ptx/2.43.2/core/xsl/utilities/report-publisher-variables.xsl
INFO    : Downloading rs services file from https://runestone.academy/cdn/runestone/latest/webpack_static_imports.xml.
INFO    : Runestone Services via online CDN query: version 8.1.16
INFO    : Downloading Runestone Services, version 8.1.16
INFO    : Extracting Runestone Services from archive file
INFO    : Building custom css theme: theme-default-modern
INFO    : converting /workspaces/activediscreteTEST0312826/Doree-main/source/main.ptx to HTML in /tmp/ptx-8xqd9vlw
INFO    : XSL conversion of /workspaces/activediscreteTEST0312826/Doree-main/source/main.ptx by /tmp/ptxcli_nz5lrr0_/cli_xsl/custom-html.xsl
INFO    : messages from the log for XSL processing:
ERROR   : * PTX:ERROR: the @xml:id value "act_adopting_two_animals" should be unique, but is authored multiple times.
INFO    : *            Results will be unpredictable, and likely incorrect.  Information on the locations follows:
INFO    : *              located at: pretext/book/chapter/section/subsection/activity
INFO    : *              located within: "act_adopting_two_animals" (xml:id), "Adopting two animals" (title)
INFO    : *              located at: pretext/book/chapter/section/subsection/activity
INFO    : *              located within: "act_adopting_two_animals" (xml:id), "Adopting two animals" (title)
ERROR   : * PTX:ERROR: the @xml:id value "act_adopting_two_cats" should be unique, but is authored multiple times.
INFO    : *            Results will be unpredictable, and likely incorrect.  Information on the locations follows:
INFO    : *              located at: pretext/book/chapter/section/introduction/activity
INFO    : *              located within: "act_adopting_two_cats" (xml:id), "Adopting two cats" (title)
INFO    : *              located at: pretext/book/chapter/section/introduction/activity
INFO    : *              located within: "act_adopting_two_cats" (xml:id), "Adopting two cats" (title)
ERROR   : * PTX:ERROR: the @xml:id value "act_comb_proof_two_animals" should be unique, but is authored multiple times.
INFO    : *            Results will be unpredictable, and likely incorrect.  Information on the locations follows:
INFO    : *              located at: pretext/book/chapter/section/subsection/activity
INFO    : *              located within: "act_comb_proof_two_animals" (xml:id), "Combinatorial proof  choosing two animals" (title)
INFO    : *              located at: pretext/book/chapter/section/subsection/activity
INFO    : *              located within: "act_comb_proof_two_animals" (xml:id), "Combinatorial proof  choosing two animals" (title)
ERROR   : * PTX:ERROR: the @xml:id value "act_counting_incorrectly" should be unique, but is authored multiple times.
INFO    : *            Results will be unpredictable, and likely incorrect.  Information on the locations follows:
INFO    : *              located at: pretext/book/chapter/section/subsection/activity
INFO    : *              located within: "act_counting_incorrectly" (xml:id), "Counting incorrectly" (title)
INFO    : *              located at: pretext/book/chapter/section/subsection/activity
INFO    : *              located within: "act_counting_incorrectly" (xml:id), "Counting incorrectly" (title)
ERROR   : * PTX:ERROR: the @xml:id value "act_countingbs" should be unique, but is authored multiple times.
INFO    : *            Results will be unpredictable, and likely incorrect.  Information on the locations follows:
INFO    : *              located at: pretext/book/chapter/section/subsection/activity
INFO    : *              located within: "act_countingbs" (xml:id), "Counting bit strings" (title)
INFO    : *              located at: pretext/book/chapter/section/subsection/activity
INFO    : *              located within: "act_countingbs" (xml:id), "Counting bit strings" (title)
ERROR   : * PTX:ERROR: the @xml:id value "act_digit_sum" should be unique, but is authored multiple times.
INFO    : *            Results will be unpredictable, and likely incorrect.  Information on the locations follows:
INFO    : *              located at: pretext/book/chapter/section/subsection/activity
INFO    : *              located within: "act_digit_sum" (xml:id), "Digit sums" (title)
INFO    : *              located at: pretext/book/chapter/section/subsection/activity
INFO    : *              located within: "act_digit_sum" (xml:id), "Digit sums" (title)
ERROR   : * PTX:ERROR: the @xml:id value "act_eval_6choosek" should be unique, but is authored multiple times.
INFO    : *            Results will be unpredictable, and likely incorrect.  Information on the locations follows:
INFO    : *              located at: pretext/book/chapter/section/subsection/activity
INFO    : *              located within: "act_eval_6choosek" (xml:id), "Six choose k" (title)
INFO    : *              located at: pretext/book/chapter/section/subsection/activity
INFO    : *              located within: "act_eval_6choosek" (xml:id), "Six choose k" (title)
ERROR   : * PTX:ERROR: the @xml:id value "act_exp_logs" should be unique, but is authored multiple times.
INFO    : *            Results will be unpredictable, and likely incorrect.  Information on the locations follows:
INFO    : *              located at: pretext/book/chapter/section/subsection/activity
INFO    : *              located within: "act_exp_logs" (xml:id), "Exponents and logarithms" (title)
INFO    : *              located at: pretext/book/chapter/section/subsection/activity
INFO    : *              located within: "act_exp_logs" (xml:id), "Exponents and logarithms" (title)
ERROR   : * PTX:ERROR: the @xml:id value "act_factorials" should be unique, but is authored multiple times.
INFO    : *            Results will be unpredictable, and likely incorrect.  Information on the locations follows:
INFO    : *              located at: pretext/book/chapter/section/subsection/activity
INFO    : *              located within: "act_factorials" (xml:id), "Factorials" (title)
INFO    : *              located at: pretext/book/chapter/section/subsection/activity
INFO    : *              located within: "act_factorials" (xml:id), "Factorials" (title)
ERROR   : * PTX:ERROR: the @xml:id value "act_froma1_toc4" should be unique, but is authored multiple times.
INFO    : *            Results will be unpredictable, and likely incorrect.  Information on the locations follows:
INFO    : *              located at: pretext/book/chapter/section/subsection/activity
INFO    : *              located within: "act_froma1_toc4" (xml:id), "From point a_1 to point c_4" (title)
INFO    : *              located at: pretext/book/chapter/section/subsection/activity
INFO    : *              located within: "act_froma1_toc4" (xml:id), "From point a_1 to point c_4" (title)
ERROR   : * PTX:ERROR: the @xml:id value "act_integer_algebra" should be unique, but is authored multiple times.
INFO    : *            Results will be unpredictable, and likely incorrect.  Information on the locations follows:
INFO    : *              located at: pretext/book/chapter/section/subsection/activity
INFO    : *              located within: "act_integer_algebra" (xml:id), "Integer algebra" (title)
INFO    : *              located at: pretext/book/chapter/section/subsection/activity
INFO    : *              located within: "act_integer_algebra" (xml:id), "Integer algebra" (title)
ERROR   : * PTX:ERROR: the @xml:id value "act_listing_bit_strings" should be unique, but is authored multiple times.
INFO    : *            Results will be unpredictable, and likely incorrect.  Information on the locations follows:
INFO    : *              located at: pretext/book/chapter/section/subsection/activity
INFO    : *              located within: "act_listing_bit_strings" (xml:id), "Listing bit strings" (title)
INFO    : *              located at: pretext/book/chapter/section/subsection/activity
INFO    : *              located within: "act_listing_bit_strings" (xml:id), "Listing bit strings" (title)
ERROR   : * PTX:ERROR: the @xml:id value "act_listing_strings" should be unique, but is authored multiple times.
INFO    : *            Results will be unpredictable, and likely incorrect.  Information on the locations follows:
INFO    : *              located at: pretext/book/chapter/section/subsection/activity
INFO    : *              located within: "act_listing_strings" (xml:id), "Listing strings" (title)
INFO    : *              located at: pretext/book/chapter/section/subsection/activity
INFO    : *              located within: "act_listing_strings" (xml:id), "Listing strings" (title)
ERROR   : * PTX:ERROR: the @xml:id value "act_lunch" should be unique, but is authored multiple times.
INFO    : *            Results will be unpredictable, and likely incorrect.  Information on the locations follows:
INFO    : *              located at: pretext/book/chapter/section/introduction/activity
INFO    : *              located within: "act_lunch" (xml:id), "Lunch" (title)
INFO    : *              located at: pretext/book/chapter/section/introduction/activity
INFO    : *              located within: "act_lunch" (xml:id), "Lunch" (title)
ERROR   : * PTX:ERROR: the @xml:id value "act_passwords" should be unique, but is authored multiple times.
INFO    : *            Results will be unpredictable, and likely incorrect.  Information on the locations follows:
INFO    : *              located at: pretext/book/chapter/section/subsection/activity
INFO    : *              located within: "act_passwords" (xml:id), "Passwords" (title)
INFO    : *              located at: pretext/book/chapter/section/subsection/activity
INFO    : *              located within: "act_passwords" (xml:id), "Passwords" (title)
ERROR   : * PTX:ERROR: the @xml:id value "act_squares_dominoes" should be unique, but is authored multiple times.
INFO    : *            Results will be unpredictable, and likely incorrect.  Information on the locations follows:
INFO    : *              located at: pretext/book/chapter/section/subsection/activity
INFO    : *              located within: "act_squares_dominoes" (xml:id), "Squares and Dominoes Puzzle" (title)
INFO    : *              located at: pretext/book/chapter/section/subsection/activity
INFO    : *              located within: "act_squares_dominoes" (xml:id), "Squares and Dominoes Puzzle" (title)
ERROR   : * PTX:ERROR: the @xml:id value "ch_counting" should be unique, but is authored multiple times.
INFO    : *            Results will be unpredictable, and likely incorrect.  Information on the locations follows:
INFO    : *              located at: pretext/book/chapter
INFO    : *              located within: "ch_counting" (xml:id), "Listing and Counting" (title)
INFO    : *              located at: pretext/book/chapter
INFO    : *              located within: "ch_counting" (xml:id), "Listing and Counting" (title)
ERROR   : * PTX:ERROR: the @xml:id value "defn_52-card_deck" should be unique, but is authored multiple times.
INFO    : *            Results will be unpredictable, and likely incorrect.  Information on the locations follows:
INFO    : *              located at: pretext/book/chapter/section/subsection/definition
INFO    : *              located within: "defn_52-card_deck" (xml:id), "52-card deck of playing cards" (title)
INFO    : *              located at: pretext/book/chapter/section/subsection/definition
INFO    : *              located within: "defn_52-card_deck" (xml:id), "52-card deck of playing cards" (title)
ERROR   : * PTX:ERROR: the @xml:id value "defn_binomial_coeff" should be unique, but is authored multiple times.
INFO    : *            Results will be unpredictable, and likely incorrect.  Information on the locations follows:
INFO    : *              located at: pretext/book/chapter/section/subsection/definition
INFO    : *              located within: "defn_binomial_coeff" (xml:id), "Binomial coefficient" (title)
INFO    : *              located at: pretext/book/chapter/section/subsection/definition
INFO    : *              located within: "defn_binomial_coeff" (xml:id), "Binomial coefficient" (title)
ERROR   : * PTX:ERROR: the @xml:id value "defn_bit_string" should be unique, but is authored multiple times.
INFO    : *            Results will be unpredictable, and likely incorrect.  Information on the locations follows:
INFO    : *              located at: pretext/book/chapter/section/subsection/definition
INFO    : *              located within: "defn_bit_string" (xml:id), "Bit string" (title)
INFO    : *              located at: pretext/book/chapter/section/subsection/definition
INFO    : *              located within: "defn_bit_string" (xml:id), "Bit string" (title)
ERROR   : * PTX:ERROR: the @xml:id value "defn_characters_and_strings" should be unique, but is authored multiple times.
INFO    : *            Results will be unpredictable, and likely incorrect.  Information on the locations follows:
INFO    : *              located at: pretext/book/chapter/section/subsection/definition
INFO    : *              located within: "defn_characters_and_strings" (xml:id), "Characters and strings" (title)
INFO    : *              located at: pretext/book/chapter/section/subsection/definition
INFO    : *              located within: "defn_characters_and_strings" (xml:id), "Characters and strings" (title)
ERROR   : * PTX:ERROR: the @xml:id value "defn_consecutive_integers" should be unique, but is authored multiple times.
INFO    : *            Results will be unpredictable, and likely incorrect.  Information on the locations follows:
INFO    : *              located at: pretext/book/chapter/section/subsection/definition
INFO    : *              located within: "defn_consecutive_integers" (xml:id), "Consecutive integers" (title)
INFO    : *              located at: pretext/book/chapter/section/subsection/definition
INFO    : *              located within: "defn_consecutive_integers" (xml:id), "Consecutive integers" (title)
ERROR   : * PTX:ERROR: the @xml:id value "defn_digit" should be unique, but is authored multiple times.
INFO    : *            Results will be unpredictable, and likely incorrect.  Information on the locations follows:
INFO    : *              located at: pretext/book/chapter/section/subsection/definition
INFO    : *              located within: "defn_digit" (xml:id), "Digit" (title)
INFO    : *              located at: pretext/book/chapter/section/subsection/definition
INFO    : *              located within: "defn_digit" (xml:id), "Digit" (title)
ERROR   : * PTX:ERROR: the @xml:id value "defn_exp_notation" should be unique, but is authored multiple times.
INFO    : *            Results will be unpredictable, and likely incorrect.  Information on the locations follows:
INFO    : *              located at: pretext/book/chapter/section/subsection/definition
INFO    : *              located within: "defn_exp_notation" (xml:id), "Exponential notation" (title)
INFO    : *              located at: pretext/book/chapter/section/subsection/definition
INFO    : *              located within: "defn_exp_notation" (xml:id), "Exponential notation" (title)
ERROR   : * PTX:ERROR: the @xml:id value "defn_factorial" should be unique, but is authored multiple times.
INFO    : *            Results will be unpredictable, and likely incorrect.  Information on the locations follows:
INFO    : *              located at: pretext/book/chapter/section/subsection/definition
INFO    : *              located within: "defn_factorial" (xml:id), "Factorial" (title)
INFO    : *              located at: pretext/book/chapter/section/subsection/definition
INFO    : *              located within: "defn_factorial" (xml:id), "Factorial" (title)
ERROR   : * PTX:ERROR: the @xml:id value "defn_integer_algebra_order_operations" should be unique, but is authored multiple times.
INFO    : *            Results will be unpredictable, and likely incorrect.  Information on the locations follows:
INFO    : *              located at: pretext/book/chapter/section/subsection/definition
INFO    : *              located within: "defn_integer_algebra_order_operations" (xml:id), "Integer algebra and the order of operations" (title)
INFO    : *              located at: pretext/book/chapter/section/subsection/definition
INFO    : *              located within: "defn_integer_algebra_order_operations" (xml:id), "Integer algebra and the order of operations" (title)
ERROR   : * PTX:ERROR: the @xml:id value "defn_integers" should be unique, but is authored multiple times.
INFO    : *            Results will be unpredictable, and likely incorrect.  Information on the locations follows:
INFO    : *              located at: pretext/book/chapter/section/subsection/definition
INFO    : *              located within: "defn_integers" (xml:id), "Integers" (title)
INFO    : *              located at: pretext/book/chapter/section/subsection/definition
INFO    : *              located within: "defn_integers" (xml:id), "Integers" (title)
ERROR   : * PTX:ERROR: the @xml:id value "defn_log" should be unique, but is authored multiple times.
INFO    : *            Results will be unpredictable, and likely incorrect.  Information on the locations follows:
INFO    : *              located at: pretext/book/chapter/section/subsection/definition
INFO    : *              located within: "defn_log" (xml:id), "LogarithmIn this textbook, we only calculate logarithms of exact powers.  We do not calculate quantities such as \fn{log}(25) or \fn{lg}(3).  We have defined b^n when n is a nonnegative integer, but it is beyond the scope of this textbook to define what b^x for any real number x.  With that definition, we can take evaluate logarithms of any positive real number.  For example, \fn{log}(25) \approx 1.398 and \fn{lg}(3) \approx 1.585." (title)
INFO    : *              located at: pretext/book/chapter/section/subsection/definition
INFO    : *              located within: "defn_log" (xml:id), "LogarithmIn this textbook, we only calculate logarithms of exact powers.  We do not calculate quantities such as \fn{log}(25) or \fn{lg}(3).  We have defined b^n when n is a nonnegative integer, but it is beyond the scope of this textbook to define what b^x for any real number x.  With that definition, we can take evaluate logarithms of any positive real number.  For example, \fn{log}(25) \approx 1.398 and \fn{lg}(3) \approx 1.585." (title)
ERROR   : * PTX:ERROR: the @xml:id value "defn_permutation_of_set" should be unique, but is authored multiple times.
INFO    : *            Results will be unpredictable, and likely incorrect.  Information on the locations follows:
INFO    : *              located at: pretext/book/chapter/section/subsection/definition
INFO    : *              located within: "defn_permutation_of_set" (xml:id), "Permutation of the set \{\str{1},\str{2},\ldots,\str{n}\}" (title)
INFO    : *              located at: pretext/book/chapter/section/subsection/definition
INFO    : *              located within: "defn_permutation_of_set" (xml:id), "Permutation of the set \{\str{1},\str{2},\ldots,\str{n}\}" (title)
ERROR   : * PTX:ERROR: the @xml:id value "defn_subsets" should be unique, but is authored multiple times.
INFO    : *            Results will be unpredictable, and likely incorrect.  Information on the locations follows:
INFO    : *              located at: pretext/book/chapter/section/subsection/definition
INFO    : *              located within: "defn_subsets" (xml:id), "Subsets" (title)
INFO    : *              located at: pretext/book/chapter/section/subsection/definition
INFO    : *              located within: "defn_subsets" (xml:id), "Subsets" (title)
ERROR   : * PTX:ERROR: the @xml:id value "defn_sum_product" should be unique, but is authored multiple times.
INFO    : *            Results will be unpredictable, and likely incorrect.  Information on the locations follows:
INFO    : *              located at: pretext/book/chapter/section/subsection/definition
INFO    : *              located within: "defn_sum_product" (xml:id), "Sum, difference, and product" (title)
INFO    : *              located at: pretext/book/chapter/section/subsection/definition
INFO    : *              located within: "defn_sum_product" (xml:id), "Sum, difference, and product" (title)
ERROR   : * PTX:ERROR: the @xml:id value "exam_2strings" should be unique, but is authored multiple times.
INFO    : *            Results will be unpredictable, and likely incorrect.  Information on the locations follows:
INFO    : *              located at: pretext/book/chapter/section/subsection/example
INFO    : *              located within: "exam_2strings" (xml:id), "2-strings" (title)
INFO    : *              located at: pretext/book/chapter/section/subsection/example
INFO    : *              located within: "exam_2strings" (xml:id), "2-strings" (title)
ERROR   : * PTX:ERROR: the @xml:id value "exam_4ofakind" should be unique, but is authored multiple times.
INFO    : *            Results will be unpredictable, and likely incorrect.  Information on the locations follows:
INFO    : *              located at: pretext/book/chapter/section/subsection/example
INFO    : *              located within: "exam_4ofakind" (xml:id), "Three-of-a-kind" (title)
INFO    : *              located at: pretext/book/chapter/section/subsection/example
INFO    : *              located within: "exam_4ofakind" (xml:id), "Three-of-a-kind" (title)
ERROR   : * PTX:ERROR: the @xml:id value "exam_bit_string_length3" should be unique, but is authored multiple times.
INFO    : *            Results will be unpredictable, and likely incorrect.  Information on the locations follows:
INFO    : *              located at: pretext/book/chapter/section/subsection/example
INFO    : *              located within: "exam_bit_string_length3" (xml:id), "Listing bit strings in a possibility tree" (title)
INFO    : *              located at: pretext/book/chapter/section/subsection/example
INFO    : *              located within: "exam_bit_string_length3" (xml:id), "Listing bit strings in a possibility tree" (title)
ERROR   : * PTX:ERROR: the @xml:id value "exam_bit_strings_length100_weight3" should be unique, but is authored multiple times.
INFO    : *            Results will be unpredictable, and likely incorrect.  Information on the locations follows:
INFO    : *              located at: pretext/book/chapter/section/subsection/example
INFO    : *              located within: "exam_bit_strings_length100_weight3" (xml:id), "Bit strings of length 100 and weight three" (title)
INFO    : *              located at: pretext/book/chapter/section/subsection/example
INFO    : *              located within: "exam_bit_strings_length100_weight3" (xml:id), "Bit strings of length 100 and weight three" (title)
ERROR   : * PTX:ERROR: the @xml:id value "exam_comb_pf_sym_arith_tri" should be unique, but is authored multiple times.
INFO    : *            Results will be unpredictable, and likely incorrect.  Information on the locations follows:
INFO    : *              located at: pretext/book/chapter/section/subsection/example
INFO    : *              located within: "exam_comb_pf_sym_arith_tri" (xml:id), "Combinatorial proof  symmetry of the binomial coefficients" (title)
INFO    : *              located at: pretext/book/chapter/section/subsection/example
INFO    : *              located within: "exam_comb_pf_sym_arith_tri" (xml:id), "Combinatorial proof  symmetry of the binomial coefficients" (title)
ERROR   : * PTX:ERROR: the @xml:id value "exam_comb_proof_teamandleader" should be unique, but is authored multiple times.
INFO    : *            Results will be unpredictable, and likely incorrect.  Information on the locations follows:
INFO    : *              located at: pretext/book/chapter/section/subsection/example
INFO    : *              located within: "exam_comb_proof_teamandleader" (xml:id), "Combinatorial proof  team and leader" (title)
INFO    : *              located at: pretext/book/chapter/section/subsection/example
INFO    : *              located within: "exam_comb_proof_teamandleader" (xml:id), "Combinatorial proof  team and leader" (title)
ERROR   : * PTX:ERROR: the @xml:id value "exam_combining_like_terms" should be unique, but is authored multiple times.
INFO    : *            Results will be unpredictable, and likely incorrect.  Information on the locations follows:
INFO    : *              located at: pretext/book/chapter/section/subsection/example
INFO    : *              located within: "exam_combining_like_terms" (xml:id), "Combining like terms" (title)
INFO    : *              located at: pretext/book/chapter/section/subsection/example
INFO    : *              located within: "exam_combining_like_terms" (xml:id), "Combining like terms" (title)
ERROR   : * PTX:ERROR: the @xml:id value "exam_conjecture_number_bit_strings" should be unique, but is authored multiple times.
INFO    : *            Results will be unpredictable, and likely incorrect.  Information on the locations follows:
INFO    : *              located at: pretext/book/chapter/section/subsection/example
INFO    : *              located within: "exam_conjecture_number_bit_strings" (xml:id), "Conjecture number of bit strings of length n" (title)
INFO    : *              located at: pretext/book/chapter/section/subsection/example
INFO    : *              located within: "exam_conjecture_number_bit_strings" (xml:id), "Conjecture number of bit strings of length n" (title)
ERROR   : * PTX:ERROR: the @xml:id value "exam_consecutive_integers" should be unique, but is authored multiple times.
INFO    : *            Results will be unpredictable, and likely incorrect.  Information on the locations follows:
INFO    : *              located at: pretext/book/chapter/section/subsection/example
INFO    : *              located within: "exam_consecutive_integers" (xml:id), "Consecutive integers" (title)
INFO    : *              located at: pretext/book/chapter/section/subsection/example
INFO    : *              located within: "exam_consecutive_integers" (xml:id), "Consecutive integers" (title)
ERROR   : * PTX:ERROR: the @xml:id value "exam_count100" should be unique, but is authored multiple times.
INFO    : *            Results will be unpredictable, and likely incorrect.  Information on the locations follows:
INFO    : *              located at: pretext/book/chapter/section/subsection/example
INFO    : *              located within: "exam_count100" (xml:id), "Counting 0-99" (title)
INFO    : *              located at: pretext/book/chapter/section/subsection/example
INFO    : *              located within: "exam_count100" (xml:id), "Counting 0-99" (title)
ERROR   : * PTX:ERROR: the @xml:id value "exam_count_bs_exactlyk" should be unique, but is authored multiple times.
INFO    : *            Results will be unpredictable, and likely incorrect.  Information on the locations follows:
INFO    : *              located at: pretext/book/chapter/section/subsection/example
INFO    : *              located within: "exam_count_bs_exactlyk" (xml:id), "Counting bit strings with given number of \bs{0}s or \bs{1}s" (title)
INFO    : *              located at: pretext/book/chapter/section/subsection/example
INFO    : *              located within: "exam_count_bs_exactlyk" (xml:id), "Counting bit strings with given number of \bs{0}s or \bs{1}s" (title)
ERROR   : * PTX:ERROR: the @xml:id value "exam_eval_logs" should be unique, but is authored multiple times.
INFO    : *            Results will be unpredictable, and likely incorrect.  Information on the locations follows:
INFO    : *              located at: pretext/book/chapter/section/subsection/example
INFO    : *              located within: "exam_eval_logs" (xml:id), "Evaluating logs" (title)
INFO    : *              located at: pretext/book/chapter/section/subsection/example
INFO    : *              located within: "exam_eval_logs" (xml:id), "Evaluating logs" (title)
ERROR   : * PTX:ERROR: the @xml:id value "exam_exponential_notation" should be unique, but is authored multiple times.
INFO    : *            Results will be unpredictable, and likely incorrect.  Information on the locations follows:
INFO    : *              located at: pretext/book/chapter/section/subsection/example
INFO    : *              located within: "exam_exponential_notation" (xml:id), "Exponential notation" (title)
INFO    : *              located at: pretext/book/chapter/section/subsection/example
INFO    : *              located within: "exam_exponential_notation" (xml:id), "Exponential notation" (title)
ERROR   : * PTX:ERROR: the @xml:id value "exam_factorials" should be unique, but is authored multiple times.
INFO    : *            Results will be unpredictable, and likely incorrect.  Information on the locations follows:
INFO    : *              located at: pretext/book/chapter/section/subsection/example
INFO    : *              located within: "exam_factorials" (xml:id), "Factorials" (title)
INFO    : *              located at: pretext/book/chapter/section/subsection/example
INFO    : *              located within: "exam_factorials" (xml:id), "Factorials" (title)
ERROR   : * PTX:ERROR: the @xml:id value "exam_factors_terms" should be unique, but is authored multiple times.
INFO    : *            Results will be unpredictable, and likely incorrect.  Information on the locations follows:
INFO    : *              located at: pretext/book/chapter/section/subsection/example
INFO    : *              located within: "exam_factors_terms" (xml:id), "Factors and terms" (title)
INFO    : *              located at: pretext/book/chapter/section/subsection/example
INFO    : *              located within: "exam_factors_terms" (xml:id), "Factors and terms" (title)
ERROR   : * PTX:ERROR: the @xml:id value "exam_four_choose_k" should be unique, but is authored multiple times.
INFO    : *            Results will be unpredictable, and likely incorrect.  Information on the locations follows:
INFO    : *              located at: pretext/book/chapter/section/subsection/example
INFO    : *              located within: "exam_four_choose_k" (xml:id), "Four choose k" (title)
INFO    : *              located at: pretext/book/chapter/section/subsection/example
INFO    : *              located within: "exam_four_choose_k" (xml:id), "Four choose k" (title)
ERROR   : * PTX:ERROR: the @xml:id value "exam_kakuro_12in4" should be unique, but is authored multiple times.
INFO    : *            Results will be unpredictable, and likely incorrect.  Information on the locations follows:
INFO    : *              located at: pretext/book/chapter/section/subsection/example
INFO    : *              located within: "exam_kakuro_12in4" (xml:id), "Using cases to list digit sums" (title)
INFO    : *              located at: pretext/book/chapter/section/subsection/example
INFO    : *              located within: "exam_kakuro_12in4" (xml:id), "Using cases to list digit sums" (title)
ERROR   : * PTX:ERROR: the @xml:id value "exam_not_cases" should be unique, but is authored multiple times.
INFO    : *            Results will be unpredictable, and likely incorrect.  Information on the locations follows:
INFO    : *              located at: pretext/book/chapter/section/subsection/example
INFO    : *              located within: "exam_not_cases" (xml:id), "Cases do not work" (title)
INFO    : *              located at: pretext/book/chapter/section/subsection/example
INFO    : *              located within: "exam_not_cases" (xml:id), "Cases do not work" (title)
ERROR   : * PTX:ERROR: the @xml:id value "exam_not_steps" should be unique, but is authored multiple times.
INFO    : *            Results will be unpredictable, and likely incorrect.  Information on the locations follows:
INFO    : *              located at: pretext/book/chapter/section/subsection/example
INFO    : *              located within: "exam_not_steps" (xml:id), "Steps do not work" (title)
INFO    : *              located at: pretext/book/chapter/section/subsection/example
INFO    : *              located within: "exam_not_steps" (xml:id), "Steps do not work" (title)
ERROR   : * PTX:ERROR: the @xml:id value "exam_perms_1to4" should be unique, but is authored multiple times.
INFO    : *            Results will be unpredictable, and likely incorrect.  Information on the locations follows:
INFO    : *              located at: pretext/book/chapter/section/subsection/example
INFO    : *              located within: "exam_perms_1to4" (xml:id), "Permutations of the set
      \{\str{1},\str{2},\str{3},\str{4}\}" (title)
INFO    : *              located at: pretext/book/chapter/section/subsection/example
INFO    : *              located within: "exam_perms_1to4" (xml:id), "Permutations of the set
      \{\str{1},\str{2},\str{3},\str{4}\}" (title)
ERROR   : * PTX:ERROR: the @xml:id value "exam_pick_two_lunch" should be unique, but is authored multiple times.
INFO    : *            Results will be unpredictable, and likely incorrect.  Information on the locations follows:
INFO    : *              located at: pretext/book/chapter/section/subsection/example
INFO    : *              located within: "exam_pick_two_lunch" (xml:id), "Pick two lunch" (title)
INFO    : *              located at: pretext/book/chapter/section/subsection/example
INFO    : *              located within: "exam_pick_two_lunch" (xml:id), "Pick two lunch" (title)
ERROR   : * PTX:ERROR: the @xml:id value "exam_salad_and_pizza" should be unique, but is authored multiple times.
INFO    : *            Results will be unpredictable, and likely incorrect.  Information on the locations follows:
INFO    : *              located at: pretext/book/chapter/section/subsection/example
INFO    : *              located within: "exam_salad_and_pizza" (xml:id), "Salad and pizza" (title)
INFO    : *              located at: pretext/book/chapter/section/subsection/example
INFO    : *              located within: "exam_salad_and_pizza" (xml:id), "Salad and pizza" (title)
ERROR   : * PTX:ERROR: the @xml:id value "exam_salad_or_pizza" should be unique, but is authored multiple times.
INFO    : *            Results will be unpredictable, and likely incorrect.  Information on the locations follows:
INFO    : *              located at: pretext/book/chapter/section/subsection/example
INFO    : *              located within: "exam_salad_or_pizza" (xml:id), "Salad or pizza" (title)
INFO    : *              located at: pretext/book/chapter/section/subsection/example
INFO    : *              located within: "exam_salad_or_pizza" (xml:id), "Salad or pizza" (title)
ERROR   : * PTX:ERROR: the @xml:id value "exam_simplify_22nminus1" should be unique, but is authored multiple times.
INFO    : *            Results will be unpredictable, and likely incorrect.  Information on the locations follows:
INFO    : *              located at: pretext/book/chapter/section/subsection/example
INFO    : *              located within: "exam_simplify_22nminus1" (xml:id), "Simplify 2\cdot2^{n-1}" (title)
INFO    : *              located at: pretext/book/chapter/section/subsection/example
INFO    : *              located within: "exam_simplify_22nminus1" (xml:id), "Simplify 2\cdot2^{n-1}" (title)
ERROR   : * PTX:ERROR: the @xml:id value "exam_simplify_exponents" should be unique, but is authored multiple times.
INFO    : *            Results will be unpredictable, and likely incorrect.  Information on the locations follows:
INFO    : *              located at: pretext/book/chapter/section/subsection/example
INFO    : *              located within: "exam_simplify_exponents" (xml:id), "Simplifying exponents" (title)
INFO    : *              located at: pretext/book/chapter/section/subsection/example
INFO    : *              located within: "exam_simplify_exponents" (xml:id), "Simplifying exponents" (title)
ERROR   : * PTX:ERROR: the @xml:id value "exam_simplify_factorials" should be unique, but is authored multiple times.
INFO    : *            Results will be unpredictable, and likely incorrect.  Information on the locations follows:
INFO    : *              located at: pretext/book/chapter/section/subsection/example
INFO    : *              located within: "exam_simplify_factorials" (xml:id), "Simplifying n(n-1)!" (title)
INFO    : *              located at: pretext/book/chapter/section/subsection/example
INFO    : *              located within: "exam_simplify_factorials" (xml:id), "Simplifying n(n-1)!" (title)
ERROR   : * PTX:ERROR: the @xml:id value "exam_sq_dom5_tree" should be unique, but is authored multiple times.
INFO    : *            Results will be unpredictable, and likely incorrect.  Information on the locations follows:
INFO    : *              located at: pretext/book/chapter/section/subsection/example
INFO    : *              located within: "exam_sq_dom5_tree" (xml:id), "Tiling a 1 \times 5 board with squares and dominoes" (title)
INFO    : *              located at: pretext/book/chapter/section/subsection/example
INFO    : *              located within: "exam_sq_dom5_tree" (xml:id), "Tiling a 1 \times 5 board with squares and dominoes" (title)
ERROR   : * PTX:ERROR: the @xml:id value "exam_sq_dom6" should be unique, but is authored multiple times.
INFO    : *            Results will be unpredictable, and likely incorrect.  Information on the locations follows:
INFO    : *              located at: pretext/book/chapter/section/subsection/example
INFO    : *              located within: "exam_sq_dom6" (xml:id), "Squares and dominoes tiling of a 1 \times 6 board" (title)
INFO    : *              located at: pretext/book/chapter/section/subsection/example
INFO    : *              located within: "exam_sq_dom6" (xml:id), "Squares and dominoes tiling of a 1 \times 6 board" (title)
ERROR   : * PTX:ERROR: the @xml:id value "exam_sq_dom8" should be unique, but is authored multiple times.
INFO    : *            Results will be unpredictable, and likely incorrect.  Information on the locations follows:
INFO    : *              located at: pretext/book/chapter/section/subsection/example
INFO    : *              located within: "exam_sq_dom8" (xml:id), "Counting squares and dominoes tilings of a 1 \times 8 board" (title)
INFO    : *              located at: pretext/book/chapter/section/subsection/example
INFO    : *              located within: "exam_sq_dom8" (xml:id), "Counting squares and dominoes tilings of a 1 \times 8 board" (title)
ERROR   : * PTX:ERROR: the @xml:id value "exam_team_leader" should be unique, but is authored multiple times.
INFO    : *            Results will be unpredictable, and likely incorrect.  Information on the locations follows:
INFO    : *              located at: pretext/book/chapter/section/subsection/example
INFO    : *              located within: "exam_team_leader" (xml:id), "Team and leader" (title)
INFO    : *              located at: pretext/book/chapter/section/subsection/example
INFO    : *              located within: "exam_team_leader" (xml:id), "Team and leader" (title)
ERROR   : * PTX:ERROR: the @xml:id value "exam_two_digit_sets" should be unique, but is authored multiple times.
INFO    : *            Results will be unpredictable, and likely incorrect.  Information on the locations follows:
INFO    : *              located at: pretext/book/chapter/section/subsection/example
INFO    : *              located within: "exam_two_digit_sets" (xml:id), "2-digit sets" (title)
INFO    : *              located at: pretext/book/chapter/section/subsection/example
INFO    : *              located within: "exam_two_digit_sets" (xml:id), "2-digit sets" (title)
ERROR   : * PTX:ERROR: the @xml:id value "exer_3digit_sums" should be unique, but is authored multiple times.
INFO    : *            Results will be unpredictable, and likely incorrect.  Information on the locations follows:
INFO    : *              located at: pretext/book/chapter/section/subsection/subsubsection/exercise
INFO    : *              located within: "exer_3digit_sums" (xml:id), "Practice" (title)
INFO    : *              located at: pretext/book/chapter/section/subsection/subsubsection/exercise
INFO    : *              located within: "exer_3digit_sums" (xml:id), "Practice" (title)
ERROR   : * PTX:ERROR: the @xml:id value "exer_3ways_combine_like_terms" should be unique, but is authored multiple times.
INFO    : *            Results will be unpredictable, and likely incorrect.  Information on the locations follows:
INFO    : *              located at: pretext/book/chapter/section/subsection/subsubsection/exercise
INFO    : *              located within: "exer_3ways_combine_like_terms" (xml:id), "Understand" (title)
INFO    : *              located at: pretext/book/chapter/section/subsection/subsubsection/exercise
INFO    : *              located within: "exer_3ways_combine_like_terms" (xml:id), "Understand" (title)
ERROR   : * PTX:ERROR: the @xml:id value "exer_4strings_norepeat" should be unique, but is authored multiple times.
INFO    : *            Results will be unpredictable, and likely incorrect.  Information on the locations follows:
INFO    : *              located at: pretext/book/chapter/section/subsection/subsubsection/exercise
INFO    : *              located within: "exer_4strings_norepeat" (xml:id), "Practice" (title)
INFO    : *              located at: pretext/book/chapter/section/subsection/subsubsection/exercise
INFO    : *              located within: "exer_4strings_norepeat" (xml:id), "Practice" (title)
ERROR   : * PTX:ERROR: the @xml:id value "exer_5card_hands" should be unique, but is authored multiple times.
INFO    : *            Results will be unpredictable, and likely incorrect.  Information on the locations follows:
INFO    : *              located at: pretext/book/chapter/section/subsection/subsubsection/exercise
INFO    : *              located within: "exer_5card_hands" (xml:id), "Practice" (title)
INFO    : *              located at: pretext/book/chapter/section/subsection/subsubsection/exercise
INFO    : *              located within: "exer_5card_hands" (xml:id), "Practice" (title)
ERROR   : * PTX:ERROR: the @xml:id value "exer_ABCD_strings" should be unique, but is authored multiple times.
INFO    : *            Results will be unpredictable, and likely incorrect.  Information on the locations follows:
INFO    : *              located at: pretext/book/chapter/section/subsection/subsubsection/exercise
INFO    : *              located within: "exer_ABCD_strings" (xml:id), "Explore" (title)
INFO    : *              located at: pretext/book/chapter/section/subsection/subsubsection/exercise
INFO    : *              located within: "exer_ABCD_strings" (xml:id), "Explore" (title)
ERROR   : * PTX:ERROR: the @xml:id value "exer_PIN" should be unique, but is authored multiple times.
INFO    : *            Results will be unpredictable, and likely incorrect.  Information on the locations follows:
INFO    : *              located at: pretext/book/chapter/section/subsection/subsubsection/exercise
INFO    : *              located within: "exer_PIN" (xml:id), "Practice" (title)
INFO    : *              located at: pretext/book/chapter/section/subsection/subsubsection/exercise
INFO    : *              located within: "exer_PIN" (xml:id), "Practice" (title)
ERROR   : * PTX:ERROR: the @xml:id value "exer_alphanumeric_passwords" should be unique, but is authored multiple times.
INFO    : *            Results will be unpredictable, and likely incorrect.  Information on the locations follows:
INFO    : *              located at: pretext/book/chapter/section/subsection/subsubsection/exercise
INFO    : *              located within: "exer_alphanumeric_passwords" (xml:id), "Practice" (title)
INFO    : *              located at: pretext/book/chapter/section/subsection/subsubsection/exercise
INFO    : *              located within: "exer_alphanumeric_passwords" (xml:id), "Practice" (title)
ERROR   : * PTX:ERROR: the @xml:id value "exer_application_factorial" should be unique, but is authored multiple times.
INFO    : *            Results will be unpredictable, and likely incorrect.  Information on the locations follows:
INFO    : *              located at: pretext/book/chapter/section/subsection/subsubsection/exercise
INFO    : *              located within: "exer_application_factorial" (xml:id), "Practice" (title)
INFO    : *              located at: pretext/book/chapter/section/subsection/subsubsection/exercise
INFO    : *              located within: "exer_application_factorial" (xml:id), "Practice" (title)
ERROR   : * PTX:ERROR: the @xml:id value "exer_bal_ternary_strings" should be unique, but is authored multiple times.
INFO    : *            Results will be unpredictable, and likely incorrect.  Information on the locations follows:
INFO    : *              located at: pretext/book/chapter/section/subsection/subsubsection/exercise
INFO    : *              located within: "exer_bal_ternary_strings" (xml:id), "Explore" (title)
INFO    : *              located at: pretext/book/chapter/section/subsection/subsubsection/exercise
INFO    : *              located within: "exer_bal_ternary_strings" (xml:id), "Explore" (title)
ERROR   : * PTX:ERROR: the @xml:id value "exer_bit_string_length" should be unique, but is authored multiple times.
INFO    : *            Results will be unpredictable, and likely incorrect.  Information on the locations follows:
INFO    : *              located at: pretext/book/chapter/section/subsection/subsubsection/exercise
INFO    : *              located within: "exer_bit_string_length" (xml:id), "Practice" (title)
INFO    : *              located at: pretext/book/chapter/section/subsection/subsubsection/exercise
INFO    : *              located within: "exer_bit_string_length" (xml:id), "Practice" (title)
ERROR   : * PTX:ERROR: the @xml:id value "exer_bit_strings_length5_weight2" should be unique, but is authored multiple times.
INFO    : *            Results will be unpredictable, and likely incorrect.  Information on the locations follows:
INFO    : *              located at: pretext/book/chapter/section/subsection/subsubsection/exercise
INFO    : *              located within: "exer_bit_strings_length5_weight2" (xml:id), "Practice" (title)
INFO    : *              located at: pretext/book/chapter/section/subsection/subsubsection/exercise
INFO    : *              located within: "exer_bit_strings_length5_weight2" (xml:id), "Practice" (title)
ERROR   : * PTX:ERROR: the @xml:id value "exer_bridge_hands" should be unique, but is authored multiple times.
INFO    : *            Results will be unpredictable, and likely incorrect.  Information on the locations follows:
INFO    : *              located at: pretext/book/chapter/section/subsection/subsubsection/exercise
INFO    : *              located within: "exer_bridge_hands" (xml:id), "Explore" (title)
INFO    : *              located at: pretext/book/chapter/section/subsection/subsubsection/exercise
INFO    : *              located within: "exer_bridge_hands" (xml:id), "Explore" (title)
ERROR   : * PTX:ERROR: the @xml:id value "exer_bstrees" should be unique, but is authored multiple times.
INFO    : *            Results will be unpredictable, and likely incorrect.  Information on the locations follows:
INFO    : *              located at: pretext/book/chapter/section/subsection/subsubsection/exercise
INFO    : *              located within: "exer_bstrees" (xml:id), "Understand" (title)
INFO    : *              located at: pretext/book/chapter/section/subsection/subsubsection/exercise
INFO    : *              located within: "exer_bstrees" (xml:id), "Understand" (title)
ERROR   : * PTX:ERROR: the @xml:id value "exer_chair_secretary" should be unique, but is authored multiple times.
INFO    : *            Results will be unpredictable, and likely incorrect.  Information on the locations follows:
INFO    : *              located at: pretext/book/chapter/section/subsection/subsubsection/exercise
INFO    : *              located within: "exer_chair_secretary" (xml:id), "Chair and Secretary" (title)
INFO    : *              located at: pretext/book/chapter/section/subsection/subsubsection/exercise
INFO    : *              located within: "exer_chair_secretary" (xml:id), "Chair and Secretary" (title)
ERROR   : * PTX:ERROR: the @xml:id value "exer_comb_proof_teamandleader_generalized" should be unique, but is authored multiple times.
INFO    : *            Results will be unpredictable, and likely incorrect.  Information on the locations follows:
INFO    : *              located at: pretext/book/chapter/section/subsection/subsubsection/exercise
INFO    : *              located within: "exer_comb_proof_teamandleader_generalized" (xml:id), "Practice" (title)
INFO    : *              located at: pretext/book/chapter/section/subsection/subsubsection/exercise
INFO    : *              located within: "exer_comb_proof_teamandleader_generalized" (xml:id), "Practice" (title)
ERROR   : * PTX:ERROR: the @xml:id value "exer_comb_proof_teamandleader_revisited" should be unique, but is authored multiple times.
INFO    : *            Results will be unpredictable, and likely incorrect.  Information on the locations follows:
INFO    : *              located at: pretext/book/chapter/section/subsection/subsubsection/exercise
INFO    : *              located within: "exer_comb_proof_teamandleader_revisited" (xml:id), "Practice" (title)
INFO    : *              located at: pretext/book/chapter/section/subsection/subsubsection/exercise
INFO    : *              located within: "exer_comb_proof_teamandleader_revisited" (xml:id), "Practice" (title)
ERROR   : * PTX:ERROR: the @xml:id value "exer_count100_awry" should be unique, but is authored multiple times.
INFO    : *            Results will be unpredictable, and likely incorrect.  Information on the locations follows:
INFO    : *              located at: pretext/book/chapter/section/subsection/subsubsection/exercise
INFO    : *              located within: "exer_count100_awry" (xml:id), "Practice" (title)
INFO    : *              located at: pretext/book/chapter/section/subsection/subsubsection/exercise
INFO    : *              located within: "exer_count100_awry" (xml:id), "Practice" (title)
ERROR   : * PTX:ERROR: the @xml:id value "exer_count_bs100" should be unique, but is authored multiple times.
INFO    : *            Results will be unpredictable, and likely incorrect.  Information on the locations follows:
INFO    : *              located at: pretext/book/chapter/section/subsection/subsubsection/exercise
INFO    : *              located within: "exer_count_bs100" (xml:id), "Understand" (title)
INFO    : *              located at: pretext/book/chapter/section/subsection/subsubsection/exercise
INFO    : *              located within: "exer_count_bs100" (xml:id), "Understand" (title)
ERROR   : * PTX:ERROR: the @xml:id value "exer_count_bs20" should be unique, but is authored multiple times.
INFO    : *            Results will be unpredictable, and likely incorrect.  Information on the locations follows:
INFO    : *              located at: pretext/book/chapter/section/subsection/subsubsection/exercise
INFO    : *              located within: "exer_count_bs20" (xml:id), "Practice" (title)
INFO    : *              located at: pretext/book/chapter/section/subsection/subsubsection/exercise
INFO    : *              located within: "exer_count_bs20" (xml:id), "Practice" (title)
ERROR   : * PTX:ERROR: the @xml:id value "exer_count_bs9" should be unique, but is authored multiple times.
INFO    : *            Results will be unpredictable, and likely incorrect.  Information on the locations follows:
INFO    : *              located at: pretext/book/chapter/section/subsection/subsubsection/exercise
INFO    : *              located within: "exer_count_bs9" (xml:id), "Understand" (title)
INFO    : *              located at: pretext/book/chapter/section/subsection/subsubsection/exercise
INFO    : *              located within: "exer_count_bs9" (xml:id), "Understand" (title)
ERROR   : * PTX:ERROR: the @xml:id value "exer_course_selection" should be unique, but is authored multiple times.
INFO    : *            Results will be unpredictable, and likely incorrect.  Information on the locations follows:
INFO    : *              located at: pretext/book/chapter/section/subsection/subsubsection/exercise
INFO    : *              located within: "exer_course_selection" (xml:id), "Practice" (title)
INFO    : *              located at: pretext/book/chapter/section/subsection/subsubsection/exercise
INFO    : *              located within: "exer_course_selection" (xml:id), "Practice" (title)
ERROR   : * PTX:ERROR: the @xml:id value "exer_defn_lg" should be unique, but is authored multiple times.
INFO    : *            Results will be unpredictable, and likely incorrect.  Information on the locations follows:
INFO    : *              located at: pretext/book/chapter/section/subsection/subsubsection/exercise
INFO    : *              located within: "exer_defn_lg" (xml:id), "Explore" (title)
INFO    : *              located at: pretext/book/chapter/section/subsection/subsubsection/exercise
INFO    : *              located within: "exer_defn_lg" (xml:id), "Explore" (title)
ERROR   : * PTX:ERROR: the @xml:id value "exer_double_count_hs" should be unique, but is authored multiple times.
INFO    : *            Results will be unpredictable, and likely incorrect.  Information on the locations follows:
INFO    : *              located at: pretext/book/chapter/section/subsection/subsubsection/exercise
INFO    : *              located within: "exer_double_count_hs" (xml:id), "Understand" (title)
INFO    : *              located at: pretext/book/chapter/section/subsection/subsubsection/exercise
INFO    : *              located within: "exer_double_count_hs" (xml:id), "Understand" (title)
ERROR   : * PTX:ERROR: the @xml:id value "exer_dyk_alg_orderops" should be unique, but is authored multiple times.
INFO    : *            Results will be unpredictable, and likely incorrect.  Information on the locations follows:
INFO    : *              located at: pretext/book/chapter/section/subsection/subsubsection/exercise
INFO    : *              located within: "exer_dyk_alg_orderops" (xml:id), "Recap" (title)
INFO    : *              located at: pretext/book/chapter/section/subsection/subsubsection/exercise
INFO    : *              located within: "exer_dyk_alg_orderops" (xml:id), "Recap" (title)
ERROR   : * PTX:ERROR: the @xml:id value "exer_dyk_binomial_coeffs" should be unique, but is authored multiple times.
INFO    : *            Results will be unpredictable, and likely incorrect.  Information on the locations follows:
INFO    : *              located at: pretext/book/chapter/section/subsection/subsubsection/exercise
INFO    : *              located within: "exer_dyk_binomial_coeffs" (xml:id), "Recap" (title)
INFO    : *              located at: pretext/book/chapter/section/subsection/subsubsection/exercise
INFO    : *              located within: "exer_dyk_binomial_coeffs" (xml:id), "Recap" (title)
ERROR   : * PTX:ERROR: the @xml:id value "exer_dyk_combining_counting" should be unique, but is authored multiple times.
INFO    : *            Results will be unpredictable, and likely incorrect.  Information on the locations follows:
INFO    : *              located at: pretext/book/chapter/section/subsection/subsubsection/exercise
INFO    : *              located within: "exer_dyk_combining_counting" (xml:id), "Recap" (title)
INFO    : *              located at: pretext/book/chapter/section/subsection/subsubsection/exercise
INFO    : *              located within: "exer_dyk_combining_counting" (xml:id), "Recap" (title)
ERROR   : * PTX:ERROR: the @xml:id value "exer_dyk_counting_awry" should be unique, but is authored multiple times.
INFO    : *            Results will be unpredictable, and likely incorrect.  Information on the locations follows:
INFO    : *              located at: pretext/book/chapter/section/subsection/subsubsection/exercise
INFO    : *              located within: "exer_dyk_counting_awry" (xml:id), "Recap" (title)
INFO    : *              located at: pretext/book/chapter/section/subsection/subsubsection/exercise
INFO    : *              located within: "exer_dyk_counting_awry" (xml:id), "Recap" (title)
ERROR   : * PTX:ERROR: the @xml:id value "exer_dyk_defnbs" should be unique, but is authored multiple times.
INFO    : *            Results will be unpredictable, and likely incorrect.  Information on the locations follows:
INFO    : *              located at: pretext/book/chapter/section/subsection/subsubsection/exercise
INFO    : *              located within: "exer_dyk_defnbs" (xml:id), "Recap" (title)
INFO    : *              located at: pretext/book/chapter/section/subsection/subsubsection/exercise
INFO    : *              located within: "exer_dyk_defnbs" (xml:id), "Recap" (title)
ERROR   : * PTX:ERROR: the @xml:id value "exer_dyk_digits_sets" should be unique, but is authored multiple times.
INFO    : *            Results will be unpredictable, and likely incorrect.  Information on the locations follows:
INFO    : *              located at: pretext/book/chapter/section/subsection/subsubsection/exercise
INFO    : *              located within: "exer_dyk_digits_sets" (xml:id), "Recap" (title)
INFO    : *              located at: pretext/book/chapter/section/subsection/subsubsection/exercise
INFO    : *              located within: "exer_dyk_digits_sets" (xml:id), "Recap" (title)
ERROR   : * PTX:ERROR: the @xml:id value "exer_dyk_exp_log" should be unique, but is authored multiple times.
INFO    : *            Results will be unpredictable, and likely incorrect.  Information on the locations follows:
INFO    : *              located at: pretext/book/chapter/section/subsection/subsubsection/exercise
INFO    : *              located within: "exer_dyk_exp_log" (xml:id), "Recap" (title)
INFO    : *              located at: pretext/book/chapter/section/subsection/subsubsection/exercise
INFO    : *              located within: "exer_dyk_exp_log" (xml:id), "Recap" (title)
ERROR   : * PTX:ERROR: the @xml:id value "exer_dyk_factorials" should be unique, but is authored multiple times.
INFO    : *            Results will be unpredictable, and likely incorrect.  Information on the locations follows:
INFO    : *              located at: pretext/book/chapter/section/subsection/subsubsection/exercise
INFO    : *              located within: "exer_dyk_factorials" (xml:id), "Recap" (title)
INFO    : *              located at: pretext/book/chapter/section/subsection/subsubsection/exercise
INFO    : *              located within: "exer_dyk_factorials" (xml:id), "Recap" (title)
ERROR   : * PTX:ERROR: the @xml:id value "exer_dyk_numberbs" should be unique, but is authored multiple times.
INFO    : *            Results will be unpredictable, and likely incorrect.  Information on the locations follows:
INFO    : *              located at: pretext/book/chapter/section/subsection/subsubsection/exercise
INFO    : *              located within: "exer_dyk_numberbs" (xml:id), "Recap" (title)
INFO    : *              located at: pretext/book/chapter/section/subsection/subsubsection/exercise
INFO    : *              located within: "exer_dyk_numberbs" (xml:id), "Recap" (title)
ERROR   : * PTX:ERROR: the @xml:id value "exer_dyk_pff_comb_pf" should be unique, but is authored multiple times.
INFO    : *            Results will be unpredictable, and likely incorrect.  Information on the locations follows:
INFO    : *              located at: pretext/book/chapter/section/subsection/subsubsection/exercise
INFO    : *              located within: "exer_dyk_pff_comb_pf" (xml:id), "Recap" (title)
INFO    : *              located at: pretext/book/chapter/section/subsection/subsubsection/exercise
INFO    : *              located within: "exer_dyk_pff_comb_pf" (xml:id), "Recap" (title)
ERROR   : * PTX:ERROR: the @xml:id value "exer_dyk_rephrase_question" should be unique, but is authored multiple times.
INFO    : *            Results will be unpredictable, and likely incorrect.  Information on the locations follows:
INFO    : *              located at: pretext/book/chapter/section/subsection/subsubsection/exercise
INFO    : *              located within: "exer_dyk_rephrase_question" (xml:id), "Recap" (title)
INFO    : *              located at: pretext/book/chapter/section/subsection/subsubsection/exercise
INFO    : *              located within: "exer_dyk_rephrase_question" (xml:id), "Recap" (title)
ERROR   : * PTX:ERROR: the @xml:id value "exer_dyk_sq_dom" should be unique, but is authored multiple times.
INFO    : *            Results will be unpredictable, and likely incorrect.  Information on the locations follows:
INFO    : *              located at: pretext/book/chapter/section/subsection/subsubsection/exercise
INFO    : *              located within: "exer_dyk_sq_dom" (xml:id), "Recap" (title)
INFO    : *              located at: pretext/book/chapter/section/subsection/subsubsection/exercise
INFO    : *              located within: "exer_dyk_sq_dom" (xml:id), "Recap" (title)
ERROR   : * PTX:ERROR: the @xml:id value "exer_dyk_steps_cases" should be unique, but is authored multiple times.
INFO    : *            Results will be unpredictable, and likely incorrect.  Information on the locations follows:
INFO    : *              located at: pretext/book/chapter/section/subsection/subsubsection/exercise
INFO    : *              located within: "exer_dyk_steps_cases" (xml:id), "Recap" (title)
INFO    : *              located at: pretext/book/chapter/section/subsection/subsubsection/exercise
INFO    : *              located within: "exer_dyk_steps_cases" (xml:id), "Recap" (title)
ERROR   : * PTX:ERROR: the @xml:id value "exer_dyk_strings_trees" should be unique, but is authored multiple times.
INFO    : *            Results will be unpredictable, and likely incorrect.  Information on the locations follows:
INFO    : *              located at: pretext/book/chapter/section/subsection/subsubsection/exercise
INFO    : *              located within: "exer_dyk_strings_trees" (xml:id), "Recap" (title)
INFO    : *              located at: pretext/book/chapter/section/subsection/subsubsection/exercise
INFO    : *              located within: "exer_dyk_strings_trees" (xml:id), "Recap" (title)
ERROR   : * PTX:ERROR: the @xml:id value "exer_eval_binomial_coeffs_list_subsets" should be unique, but is authored multiple times.
INFO    : *            Results will be unpredictable, and likely incorrect.  Information on the locations follows:
INFO    : *              located at: pretext/book/chapter/section/subsection/subsubsection/exercise
INFO    : *              located within: "exer_eval_binomial_coeffs_list_subsets" (xml:id), "Practice" (title)
INFO    : *              located at: pretext/book/chapter/section/subsection/subsubsection/exercise
INFO    : *              located within: "exer_eval_binomial_coeffs_list_subsets" (xml:id), "Practice" (title)
ERROR   : * PTX:ERROR: the @xml:id value "exer_eval_edge_binomial_coeffs" should be unique, but is authored multiple times.
INFO    : *            Results will be unpredictable, and likely incorrect.  Information on the locations follows:
INFO    : *              located at: pretext/book/chapter/section/subsection/subsubsection/exercise
INFO    : *              located within: "exer_eval_edge_binomial_coeffs" (xml:id), "Understand" (title)
INFO    : *              located at: pretext/book/chapter/section/subsection/subsubsection/exercise
INFO    : *              located within: "exer_eval_edge_binomial_coeffs" (xml:id), "Understand" (title)
ERROR   : * PTX:ERROR: the @xml:id value "exer_eval_logs" should be unique, but is authored multiple times.
INFO    : *            Results will be unpredictable, and likely incorrect.  Information on the locations follows:
INFO    : *              located at: pretext/book/chapter/section/subsection/subsubsection/exercise
INFO    : *              located within: "exer_eval_logs" (xml:id), "Practice" (title)
INFO    : *              located at: pretext/book/chapter/section/subsection/subsubsection/exercise
INFO    : *              located within: "exer_eval_logs" (xml:id), "Practice" (title)
ERROR   : * PTX:ERROR: the @xml:id value "exer_evaluate_factorials" should be unique, but is authored multiple times.
INFO    : *            Results will be unpredictable, and likely incorrect.  Information on the locations follows:
INFO    : *              located at: pretext/book/chapter/section/subsection/subsubsection/exercise
INFO    : *              located within: "exer_evaluate_factorials" (xml:id), "Practice" (title)
INFO    : *              located at: pretext/book/chapter/section/subsection/subsubsection/exercise
INFO    : *              located within: "exer_evaluate_factorials" (xml:id), "Practice" (title)
ERROR   : * PTX:ERROR: the @xml:id value "exer_evaluate_powers" should be unique, but is authored multiple times.
INFO    : *            Results will be unpredictable, and likely incorrect.  Information on the locations follows:
INFO    : *              located at: pretext/book/chapter/section/subsection/subsubsection/exercise
INFO    : *              located within: "exer_evaluate_powers" (xml:id), "Practice" (title)
INFO    : *              located at: pretext/book/chapter/section/subsection/subsubsection/exercise
INFO    : *              located within: "exer_evaluate_powers" (xml:id), "Practice" (title)
ERROR   : * PTX:ERROR: the @xml:id value "exer_expand_binomial_coeffs" should be unique, but is authored multiple times.
INFO    : *            Results will be unpredictable, and likely incorrect.  Information on the locations follows:
INFO    : *              located at: pretext/book/chapter/section/subsection/subsubsection/exercise
INFO    : *              located within: "exer_expand_binomial_coeffs" (xml:id), "Explore" (title)
INFO    : *              located at: pretext/book/chapter/section/subsection/subsubsection/exercise
INFO    : *              located within: "exer_expand_binomial_coeffs" (xml:id), "Explore" (title)
ERROR   : * PTX:ERROR: the @xml:id value "exer_explore_kakuro" should be unique, but is authored multiple times.
INFO    : *            Results will be unpredictable, and likely incorrect.  Information on the locations follows:
INFO    : *              located at: pretext/book/chapter/section/subsection/subsubsection/exercise
INFO    : *              located within: "exer_explore_kakuro" (xml:id), "Explore" (title)
INFO    : *              located at: pretext/book/chapter/section/subsection/subsubsection/exercise
INFO    : *              located within: "exer_explore_kakuro" (xml:id), "Explore" (title)
ERROR   : * PTX:ERROR: the @xml:id value "exer_factor_factorials" should be unique, but is authored multiple times.
INFO    : *            Results will be unpredictable, and likely incorrect.  Information on the locations follows:
INFO    : *              located at: pretext/book/chapter/section/subsection/subsubsection/exercise
INFO    : *              located within: "exer_factor_factorials" (xml:id), "Understand" (title)
INFO    : *              located at: pretext/book/chapter/section/subsection/subsubsection/exercise
INFO    : *              located within: "exer_factor_factorials" (xml:id), "Understand" (title)
ERROR   : * PTX:ERROR: the @xml:id value "exer_factoring_powers" should be unique, but is authored multiple times.
INFO    : *            Results will be unpredictable, and likely incorrect.  Information on the locations follows:
INFO    : *              located at: pretext/book/chapter/section/subsection/subsubsection/exercise
INFO    : *              located within: "exer_factoring_powers" (xml:id), "Understand" (title)
INFO    : *              located at: pretext/book/chapter/section/subsection/subsubsection/exercise
INFO    : *              located within: "exer_factoring_powers" (xml:id), "Understand" (title)
ERROR   : * PTX:ERROR: the @xml:id value "exer_froma1toc4" should be unique, but is authored multiple times.
INFO    : *            Results will be unpredictable, and likely incorrect.  Information on the locations follows:
INFO    : *              located at: pretext/book/chapter/section/subsection/subsubsection/exercise
INFO    : *              located within: "exer_froma1toc4" (xml:id), "Practice" (title)
INFO    : *              located at: pretext/book/chapter/section/subsection/subsubsection/exercise
INFO    : *              located within: "exer_froma1toc4" (xml:id), "Practice" (title)
ERROR   : * PTX:ERROR: the @xml:id value "exer_full_house" should be unique, but is authored multiple times.
INFO    : *            Results will be unpredictable, and likely incorrect.  Information on the locations follows:
INFO    : *              located at: pretext/book/chapter/section/subsection/subsubsection/exercise
INFO    : *              located within: "exer_full_house" (xml:id), "Explore" (title)
INFO    : *              located at: pretext/book/chapter/section/subsection/subsubsection/exercise
INFO    : *              located within: "exer_full_house" (xml:id), "Explore" (title)
ERROR   : * PTX:ERROR: the @xml:id value "exer_hamming_distance" should be unique, but is authored multiple times.
INFO    : *            Results will be unpredictable, and likely incorrect.  Information on the locations follows:
INFO    : *              located at: pretext/book/chapter/section/subsection/subsubsection/exercise
INFO    : *              located within: "exer_hamming_distance" (xml:id), "Explore" (title)
INFO    : *              located at: pretext/book/chapter/section/subsection/subsubsection/exercise
INFO    : *              located within: "exer_hamming_distance" (xml:id), "Explore" (title)
ERROR   : * PTX:ERROR: the @xml:id value "exer_inclusion_exclusion_2sets" should be unique, but is authored multiple times.
INFO    : *            Results will be unpredictable, and likely incorrect.  Information on the locations follows:
INFO    : *              located at: pretext/book/chapter/section/subsection/subsubsection/exercise
INFO    : *              located within: "exer_inclusion_exclusion_2sets" (xml:id), "Explore" (title)
INFO    : *              located at: pretext/book/chapter/section/subsection/subsubsection/exercise
INFO    : *              located within: "exer_inclusion_exclusion_2sets" (xml:id), "Explore" (title)
ERROR   : * PTX:ERROR: the @xml:id value "exer_integer_algebra" should be unique, but is authored multiple times.
INFO    : *            Results will be unpredictable, and likely incorrect.  Information on the locations follows:
INFO    : *              located at: pretext/book/chapter/section/subsection/subsubsection/exercise
INFO    : *              located within: "exer_integer_algebra" (xml:id), "Practice" (title)
INFO    : *              located at: pretext/book/chapter/section/subsection/subsubsection/exercise
INFO    : *              located within: "exer_integer_algebra" (xml:id), "Practice" (title)
ERROR   : * PTX:ERROR: the @xml:id value "exer_integer_simplex" should be unique, but is authored multiple times.
INFO    : *            Results will be unpredictable, and likely incorrect.  Information on the locations follows:
INFO    : *              located at: pretext/book/chapter/section/subsection/subsubsection/exercise
INFO    : *              located within: "exer_integer_simplex" (xml:id), "Explore" (title)
INFO    : *              located at: pretext/book/chapter/section/subsection/subsubsection/exercise
INFO    : *              located within: "exer_integer_simplex" (xml:id), "Explore" (title)
ERROR   : * PTX:ERROR: the @xml:id value "exer_kakuro23" should be unique, but is authored multiple times.
INFO    : *            Results will be unpredictable, and likely incorrect.  Information on the locations follows:
INFO    : *              located at: pretext/book/chapter/section/subsection/subsubsection/exercise
INFO    : *              located within: "exer_kakuro23" (xml:id), "Understand" (title)
INFO    : *              located at: pretext/book/chapter/section/subsection/subsubsection/exercise
INFO    : *              located within: "exer_kakuro23" (xml:id), "Understand" (title)
ERROR   : * PTX:ERROR: the @xml:id value "exer_library_books" should be unique, but is authored multiple times.
INFO    : *            Results will be unpredictable, and likely incorrect.  Information on the locations follows:
INFO    : *              located at: pretext/book/chapter/section/subsection/subsubsection/exercise
INFO    : *              located within: "exer_library_books" (xml:id), "Practice" (title)
INFO    : *              located at: pretext/book/chapter/section/subsection/subsubsection/exercise
INFO    : *              located within: "exer_library_books" (xml:id), "Practice" (title)
ERROR   : * PTX:ERROR: the @xml:id value "exer_library_books_complicated" should be unique, but is authored multiple times.
INFO    : *            Results will be unpredictable, and likely incorrect.  Information on the locations follows:
INFO    : *              located at: pretext/book/chapter/section/subsection/subsubsection/exercise
INFO    : *              located within: "exer_library_books_complicated" (xml:id), "Understand" (title)
INFO    : *              located at: pretext/book/chapter/section/subsection/subsubsection/exercise
INFO    : *              located within: "exer_library_books_complicated" (xml:id), "Understand" (title)
ERROR   : * PTX:ERROR: the @xml:id value "exer_license_plates" should be unique, but is authored multiple times.
INFO    : *            Results will be unpredictable, and likely incorrect.  Information on the locations follows:
INFO    : *              located at: pretext/book/chapter/section/subsection/subsubsection/exercise
INFO    : *              located within: "exer_license_plates" (xml:id), "Understand" (title)
INFO    : *              located at: pretext/book/chapter/section/subsection/subsubsection/exercise
INFO    : *              located within: "exer_license_plates" (xml:id), "Understand" (title)
ERROR   : * PTX:ERROR: the @xml:id value "exer_number_perms" should be unique, but is authored multiple times.
INFO    : *            Results will be unpredictable, and likely incorrect.  Information on the locations follows:
INFO    : *              located at: pretext/book/chapter/section/subsection/subsubsection/exercise
INFO    : *              located within: "exer_number_perms" (xml:id), "Explore" (title)
INFO    : *              located at: pretext/book/chapter/section/subsection/subsubsection/exercise
INFO    : *              located within: "exer_number_perms" (xml:id), "Explore" (title)
ERROR   : * PTX:ERROR: the @xml:id value "exer_outside_chair" should be unique, but is authored multiple times.
INFO    : *            Results will be unpredictable, and likely incorrect.  Information on the locations follows:
INFO    : *              located at: pretext/book/chapter/section/subsection/subsubsection/exercise
INFO    : *              located within: "exer_outside_chair" (xml:id), "Understand" (title)
INFO    : *              located at: pretext/book/chapter/section/subsection/subsubsection/exercise
INFO    : *              located within: "exer_outside_chair" (xml:id), "Understand" (title)
ERROR   : * PTX:ERROR: the @xml:id value "exer_outside_chair_generalized" should be unique, but is authored multiple times.
INFO    : *            Results will be unpredictable, and likely incorrect.  Information on the locations follows:
INFO    : *              located at: pretext/book/chapter/section/subsection/subsubsection/exercise
INFO    : *              located within: "exer_outside_chair_generalized" (xml:id), "Understand" (title)
INFO    : *              located at: pretext/book/chapter/section/subsection/subsubsection/exercise
INFO    : *              located within: "exer_outside_chair_generalized" (xml:id), "Understand" (title)
ERROR   : * PTX:ERROR: the @xml:id value "exer_password_not_steps" should be unique, but is authored multiple times.
INFO    : *            Results will be unpredictable, and likely incorrect.  Information on the locations follows:
INFO    : *              located at: pretext/book/chapter/section/subsection/subsubsection/exercise
INFO    : *              located within: "exer_password_not_steps" (xml:id), "Practice" (title)
INFO    : *              located at: pretext/book/chapter/section/subsection/subsubsection/exercise
INFO    : *              located within: "exer_password_not_steps" (xml:id), "Practice" (title)
ERROR   : * PTX:ERROR: the @xml:id value "exer_passwords_special_characters" should be unique, but is authored multiple times.
INFO    : *            Results will be unpredictable, and likely incorrect.  Information on the locations follows:
INFO    : *              located at: pretext/book/chapter/section/subsection/subsubsection/exercise
INFO    : *              located within: "exer_passwords_special_characters" (xml:id), "Understand" (title)
INFO    : *              located at: pretext/book/chapter/section/subsection/subsubsection/exercise
INFO    : *              located within: "exer_passwords_special_characters" (xml:id), "Understand" (title)
ERROR   : * PTX:ERROR: the @xml:id value "exer_perm_trees" should be unique, but is authored multiple times.
INFO    : *            Results will be unpredictable, and likely incorrect.  Information on the locations follows:
INFO    : *              located at: pretext/book/chapter/section/subsection/subsubsection/exercise
INFO    : *              located within: "exer_perm_trees" (xml:id), "Explore" (title)
INFO    : *              located at: pretext/book/chapter/section/subsection/subsubsection/exercise
INFO    : *              located within: "exer_perm_trees" (xml:id), "Explore" (title)
ERROR   : * PTX:ERROR: the @xml:id value "exer_perms_12345" should be unique, but is authored multiple times.
INFO    : *            Results will be unpredictable, and likely incorrect.  Information on the locations follows:
INFO    : *              located at: pretext/book/chapter/section/subsection/subsubsection/exercise
INFO    : *              located within: "exer_perms_12345" (xml:id), "Practice" (title)
INFO    : *              located at: pretext/book/chapter/section/subsection/subsubsection/exercise
INFO    : *              located within: "exer_perms_12345" (xml:id), "Practice" (title)
ERROR   : * PTX:ERROR: the @xml:id value "exer_perms_of_six" should be unique, but is authored multiple times.
INFO    : *            Results will be unpredictable, and likely incorrect.  Information on the locations follows:
INFO    : *              located at: pretext/book/chapter/section/subsection/subsubsection/exercise
INFO    : *              located within: "exer_perms_of_six" (xml:id), "Explore" (title)
INFO    : *              located at: pretext/book/chapter/section/subsection/subsubsection/exercise
INFO    : *              located within: "exer_perms_of_six" (xml:id), "Explore" (title)
ERROR   : * PTX:ERROR: the @xml:id value "exer_phone_numbers" should be unique, but is authored multiple times.
INFO    : *            Results will be unpredictable, and likely incorrect.  Information on the locations follows:
INFO    : *              located at: pretext/book/chapter/section/subsection/subsubsection/exercise
INFO    : *              located within: "exer_phone_numbers" (xml:id), "Understand" (title)
INFO    : *              located at: pretext/book/chapter/section/subsection/subsubsection/exercise
INFO    : *              located within: "exer_phone_numbers" (xml:id), "Understand" (title)
ERROR   : * PTX:ERROR: the @xml:id value "exer_pizza_options" should be unique, but is authored multiple times.
INFO    : *            Results will be unpredictable, and likely incorrect.  Information on the locations follows:
INFO    : *              located at: pretext/book/chapter/section/subsection/subsubsection/exercise
INFO    : *              located within: "exer_pizza_options" (xml:id), "Understand" (title)
INFO    : *              located at: pretext/book/chapter/section/subsection/subsubsection/exercise
INFO    : *              located within: "exer_pizza_options" (xml:id), "Understand" (title)
ERROR   : * PTX:ERROR: the @xml:id value "exer_play_Kakuro" should be unique, but is authored multiple times.
INFO    : *            Results will be unpredictable, and likely incorrect.  Information on the locations follows:
INFO    : *              located at: pretext/book/chapter/section/subsection/subsubsection/exercise
INFO    : *              located within: "exer_play_Kakuro" (xml:id), "Explore" (title)
INFO    : *              located at: pretext/book/chapter/section/subsection/subsubsection/exercise
INFO    : *              located within: "exer_play_Kakuro" (xml:id), "Explore" (title)
ERROR   : * PTX:ERROR: the @xml:id value "exer_power_vs_factorial" should be unique, but is authored multiple times.
INFO    : *            Results will be unpredictable, and likely incorrect.  Information on the locations follows:
INFO    : *              located at: pretext/book/chapter/section/subsection/subsubsection/exercise
INFO    : *              located within: "exer_power_vs_factorial" (xml:id), "Explore" (title)
INFO    : *              located at: pretext/book/chapter/section/subsection/subsubsection/exercise
INFO    : *              located within: "exer_power_vs_factorial" (xml:id), "Explore" (title)
ERROR   : * PTX:ERROR: the @xml:id value "exer_prime_products" should be unique, but is authored multiple times.
INFO    : *            Results will be unpredictable, and likely incorrect.  Information on the locations follows:
INFO    : *              located at: pretext/book/chapter/section/subsection/subsubsection/exercise
INFO    : *              located within: "exer_prime_products" (xml:id), "Understand" (title)
INFO    : *              located at: pretext/book/chapter/section/subsection/subsubsection/exercise
INFO    : *              located within: "exer_prime_products" (xml:id), "Understand" (title)
ERROR   : * PTX:ERROR: the @xml:id value "exer_restricted_perms" should be unique, but is authored multiple times.
INFO    : *            Results will be unpredictable, and likely incorrect.  Information on the locations follows:
INFO    : *              located at: pretext/book/chapter/section/subsection/subsubsection/exercise
INFO    : *              located within: "exer_restricted_perms" (xml:id), "Explore" (title)
INFO    : *              located at: pretext/book/chapter/section/subsection/subsubsection/exercise
INFO    : *              located within: "exer_restricted_perms" (xml:id), "Explore" (title)
ERROR   : * PTX:ERROR: the @xml:id value "exer_set1ton" should be unique, but is authored multiple times.
INFO    : *            Results will be unpredictable, and likely incorrect.  Information on the locations follows:
INFO    : *              located at: pretext/book/chapter/section/subsection/subsubsection/exercise
INFO    : *              located within: "exer_set1ton" (xml:id), "Practice" (title)
INFO    : *              located at: pretext/book/chapter/section/subsection/subsubsection/exercise
INFO    : *              located within: "exer_set1ton" (xml:id), "Practice" (title)
ERROR   : * PTX:ERROR: the @xml:id value "exer_single_factorial" should be unique, but is authored multiple times.
INFO    : *            Results will be unpredictable, and likely incorrect.  Information on the locations follows:
INFO    : *              located at: pretext/book/chapter/section/subsection/subsubsection/exercise
INFO    : *              located within: "exer_single_factorial" (xml:id), "Understand" (title)
INFO    : *              located at: pretext/book/chapter/section/subsection/subsubsection/exercise
INFO    : *              located within: "exer_single_factorial" (xml:id), "Understand" (title)
ERROR   : * PTX:ERROR: the @xml:id value "exer_single_power" should be unique, but is authored multiple times.
INFO    : *            Results will be unpredictable, and likely incorrect.  Information on the locations follows:
INFO    : *              located at: pretext/book/chapter/section/subsection/subsubsection/exercise
INFO    : *              located within: "exer_single_power" (xml:id), "Understand" (title)
INFO    : *              located at: pretext/book/chapter/section/subsection/subsubsection/exercise
INFO    : *              located within: "exer_single_power" (xml:id), "Understand" (title)
ERROR   : * PTX:ERROR: the @xml:id value "exer_sq_dom4_tree" should be unique, but is authored multiple times.
INFO    : *            Results will be unpredictable, and likely incorrect.  Information on the locations follows:
INFO    : *              located at: pretext/book/chapter/section/subsection/subsubsection/exercise
INFO    : *              located within: "exer_sq_dom4_tree" (xml:id), "Understand" (title)
INFO    : *              located at: pretext/book/chapter/section/subsection/subsubsection/exercise
INFO    : *              located within: "exer_sq_dom4_tree" (xml:id), "Understand" (title)
ERROR   : * PTX:ERROR: the @xml:id value "exer_sq_dom7" should be unique, but is authored multiple times.
INFO    : *            Results will be unpredictable, and likely incorrect.  Information on the locations follows:
INFO    : *              located at: pretext/book/chapter/section/subsection/subsubsection/exercise
INFO    : *              located within: "exer_sq_dom7" (xml:id), "Practice" (title)
INFO    : *              located at: pretext/book/chapter/section/subsection/subsubsection/exercise
INFO    : *              located within: "exer_sq_dom7" (xml:id), "Practice" (title)
ERROR   : * PTX:ERROR: the @xml:id value "exer_square_algebra" should be unique, but is authored multiple times.
INFO    : *            Results will be unpredictable, and likely incorrect.  Information on the locations follows:
INFO    : *              located at: pretext/book/chapter/section/subsection/subsubsection/exercise
INFO    : *              located within: "exer_square_algebra" (xml:id), "Explore" (title)
INFO    : *              located at: pretext/book/chapter/section/subsection/subsubsection/exercise
INFO    : *              located within: "exer_square_algebra" (xml:id), "Explore" (title)
ERROR   : * PTX:ERROR: the @xml:id value "exer_stars_and_bars" should be unique, but is authored multiple times.
INFO    : *            Results will be unpredictable, and likely incorrect.  Information on the locations follows:
INFO    : *              located at: pretext/book/chapter/section/subsection/subsubsection/exercise
INFO    : *              located within: "exer_stars_and_bars" (xml:id), "Understand" (title)
INFO    : *              located at: pretext/book/chapter/section/subsection/subsubsection/exercise
INFO    : *              located within: "exer_stars_and_bars" (xml:id), "Understand" (title)
ERROR   : * PTX:ERROR: the @xml:id value "exer_string_vocab" should be unique, but is authored multiple times.
INFO    : *            Results will be unpredictable, and likely incorrect.  Information on the locations follows:
INFO    : *              located at: pretext/book/chapter/section/subsection/subsubsection/exercise
INFO    : *              located within: "exer_string_vocab" (xml:id), "Practice" (title)
INFO    : *              located at: pretext/book/chapter/section/subsection/subsubsection/exercise
INFO    : *              located within: "exer_string_vocab" (xml:id), "Practice" (title)
ERROR   : * PTX:ERROR: the @xml:id value "exer_team_starter" should be unique, but is authored multiple times.
INFO    : *            Results will be unpredictable, and likely incorrect.  Information on the locations follows:
INFO    : *              located at: pretext/book/chapter/section/subsection/subsubsection/exercise
INFO    : *              located within: "exer_team_starter" (xml:id), "Understand" (title)
INFO    : *              located at: pretext/book/chapter/section/subsection/subsubsection/exercise
INFO    : *              located within: "exer_team_starter" (xml:id), "Understand" (title)
ERROR   : * PTX:ERROR: the @xml:id value "exer_tech_teams" should be unique, but is authored multiple times.
INFO    : *            Results will be unpredictable, and likely incorrect.  Information on the locations follows:
INFO    : *              located at: pretext/book/chapter/section/subsection/subsubsection/exercise
INFO    : *              located within: "exer_tech_teams" (xml:id), "Practice" (title)
INFO    : *              located at: pretext/book/chapter/section/subsection/subsubsection/exercise
INFO    : *              located within: "exer_tech_teams" (xml:id), "Practice" (title)
ERROR   : * PTX:ERROR: the @xml:id value "exer_tree_3-strings" should be unique, but is authored multiple times.
INFO    : *            Results will be unpredictable, and likely incorrect.  Information on the locations follows:
INFO    : *              located at: pretext/book/chapter/section/subsection/subsubsection/exercise
INFO    : *              located within: "exer_tree_3-strings" (xml:id), "Understand" (title)
INFO    : *              located at: pretext/book/chapter/section/subsection/subsubsection/exercise
INFO    : *              located within: "exer_tree_3-strings" (xml:id), "Understand" (title)
ERROR   : * PTX:ERROR: the @xml:id value "exer_tree_mytodolist" should be unique, but is authored multiple times.
INFO    : *            Results will be unpredictable, and likely incorrect.  Information on the locations follows:
INFO    : *              located at: pretext/book/chapter/section/subsection/subsubsection/exercise
INFO    : *              located within: "exer_tree_mytodolist" (xml:id), "Understand" (title)
INFO    : *              located at: pretext/book/chapter/section/subsection/subsubsection/exercise
INFO    : *              located within: "exer_tree_mytodolist" (xml:id), "Understand" (title)
ERROR   : * PTX:ERROR: the @xml:id value "exer_trominoes_conjectures" should be unique, but is authored multiple times.
INFO    : *            Results will be unpredictable, and likely incorrect.  Information on the locations follows:
INFO    : *              located at: pretext/book/chapter/section/subsection/subsubsection/exercise
INFO    : *              located within: "exer_trominoes_conjectures" (xml:id), "Explore" (title)
INFO    : *              located at: pretext/book/chapter/section/subsection/subsubsection/exercise
INFO    : *              located within: "exer_trominoes_conjectures" (xml:id), "Explore" (title)
ERROR   : * PTX:ERROR: the @xml:id value "exer_trominoes_examples" should be unique, but is authored multiple times.
INFO    : *            Results will be unpredictable, and likely incorrect.  Information on the locations follows:
INFO    : *              located at: pretext/book/chapter/section/subsection/subsubsection/exercise
INFO    : *              located within: "exer_trominoes_examples" (xml:id), "Understand" (title)
INFO    : *              located at: pretext/book/chapter/section/subsection/subsubsection/exercise
INFO    : *              located within: "exer_trominoes_examples" (xml:id), "Understand" (title)
ERROR   : * PTX:ERROR: the @xml:id value "exer_unbounded" should be unique, but is authored multiple times.
INFO    : *            Results will be unpredictable, and likely incorrect.  Information on the locations follows:
INFO    : *              located at: pretext/book/chapter/section/subsection/subsubsection/exercise
INFO    : *              located within: "exer_unbounded" (xml:id), "Understand" (title)
INFO    : *              located at: pretext/book/chapter/section/subsection/subsubsection/exercise
INFO    : *              located within: "exer_unbounded" (xml:id), "Understand" (title)
ERROR   : * PTX:ERROR: the @xml:id value "exer_volleyball" should be unique, but is authored multiple times.
INFO    : *            Results will be unpredictable, and likely incorrect.  Information on the locations follows:
INFO    : *              located at: pretext/book/chapter/section/subsection/subsubsection/exercise
INFO    : *              located within: "exer_volleyball" (xml:id), "Practice" (title)
INFO    : *              located at: pretext/book/chapter/section/subsection/subsubsection/exercise
INFO    : *              located within: "exer_volleyball" (xml:id), "Practice" (title)
ERROR   : * PTX:ERROR: the @xml:id value "fig_52card_deck" should be unique, but is authored multiple times.
INFO    : *            Results will be unpredictable, and likely incorrect.  Information on the locations follows:
INFO    : *              located at: pretext/book/chapter/section/subsection/figure
INFO    : *              located within: "fig_52card_deck" (xml:id)
INFO    : *              located at: pretext/book/chapter/section/subsection/figure
INFO    : *              located within: "fig_52card_deck" (xml:id)
ERROR   : * PTX:ERROR: the @xml:id value "fig_froma1_toc4" should be unique, but is authored multiple times.
INFO    : *            Results will be unpredictable, and likely incorrect.  Information on the locations follows:
INFO    : *              located at: pretext/book/chapter/section/subsection/activity/figure
INFO    : *              located within: "fig_froma1_toc4" (xml:id)
INFO    : *              located at: pretext/book/chapter/section/subsection/activity/figure
INFO    : *              located within: "fig_froma1_toc4" (xml:id)
ERROR   : * PTX:ERROR: the @xml:id value "fig_password8_spaces" should be unique, but is authored multiple times.
INFO    : *            Results will be unpredictable, and likely incorrect.  Information on the locations follows:
INFO    : *              located at: pretext/book/chapter/section/subsection/activity/p/figure
INFO    : *              located within: "fig_password8_spaces" (xml:id)
INFO    : *              located at: pretext/book/chapter/section/subsection/activity/p/figure
INFO    : *              located within: "fig_password8_spaces" (xml:id)
ERROR   : * PTX:ERROR: the @xml:id value "fig_sq_dom3" should be unique, but is authored multiple times.
INFO    : *            Results will be unpredictable, and likely incorrect.  Information on the locations follows:
INFO    : *              located at: pretext/book/chapter/section/subsection/activity/figure
INFO    : *              located within: "fig_sq_dom3" (xml:id)
INFO    : *              located at: pretext/book/chapter/section/subsection/activity/figure
INFO    : *              located within: "fig_sq_dom3" (xml:id)
ERROR   : * PTX:ERROR: the @xml:id value "fig_sq_dom5" should be unique, but is authored multiple times.
INFO    : *            Results will be unpredictable, and likely incorrect.  Information on the locations follows:
INFO    : *              located at: pretext/book/chapter/section/subsection/example/solution/figure
INFO    : *              located within: "fig_sq_dom5" (xml:id)
INFO    : *              located at: pretext/book/chapter/section/subsection/example/solution/figure
INFO    : *              located within: "fig_sq_dom5" (xml:id)
ERROR   : * PTX:ERROR: the @xml:id value "fig_sq_dom6_start1" should be unique, but is authored multiple times.
INFO    : *            Results will be unpredictable, and likely incorrect.  Information on the locations follows:
INFO    : *              located at: pretext/book/chapter/section/subsection/example/statement/p/ol/li/p/solution/figure
INFO    : *              located within: "fig_sq_dom6_start1" (xml:id)
INFO    : *              located at: pretext/book/chapter/section/subsection/example/statement/p/ol/li/p/solution/figure
INFO    : *              located within: "fig_sq_dom6_start1" (xml:id)
ERROR   : * PTX:ERROR: the @xml:id value "fig_sq_dom6_start2" should be unique, but is authored multiple times.
INFO    : *            Results will be unpredictable, and likely incorrect.  Information on the locations follows:
INFO    : *              located at: pretext/book/chapter/section/subsection/example/statement/p/ol/li/p/solution/figure
INFO    : *              located within: "fig_sq_dom6_start2" (xml:id)
INFO    : *              located at: pretext/book/chapter/section/subsection/example/statement/p/ol/li/p/solution/figure
INFO    : *              located within: "fig_sq_dom6_start2" (xml:id)
ERROR   : * PTX:ERROR: the @xml:id value "fig_subset_corral" should be unique, but is authored multiple times.
INFO    : *            Results will be unpredictable, and likely incorrect.  Information on the locations follows:
INFO    : *              located at: pretext/book/chapter/section/subsection/figure
INFO    : *              located within: "fig_subset_corral" (xml:id)
INFO    : *              located at: pretext/book/chapter/section/subsection/figure
INFO    : *              located within: "fig_subset_corral" (xml:id)
ERROR   : * PTX:ERROR: the @xml:id value "fig_tree_2strings" should be unique, but is authored multiple times.
INFO    : *            Results will be unpredictable, and likely incorrect.  Information on the locations follows:
INFO    : *              located at: pretext/book/chapter/section/subsection/example/statement/p/ol/li/p/solution/figure
INFO    : *              located within: "fig_tree_2strings" (xml:id)
INFO    : *              located at: pretext/book/chapter/section/subsection/example/statement/p/ol/li/p/solution/figure
INFO    : *              located within: "fig_tree_2strings" (xml:id)
ERROR   : * PTX:ERROR: the @xml:id value "fig_tree_2strings_shorthand" should be unique, but is authored multiple times.
INFO    : *            Results will be unpredictable, and likely incorrect.  Information on the locations follows:
INFO    : *              located at: pretext/book/chapter/section/subsection/example/statement/p/ol/li/p/solution/figure
INFO    : *              located within: "fig_tree_2strings_shorthand" (xml:id)
INFO    : *              located at: pretext/book/chapter/section/subsection/example/statement/p/ol/li/p/solution/figure
INFO    : *              located within: "fig_tree_2strings_shorthand" (xml:id)
ERROR   : * PTX:ERROR: the @xml:id value "fig_tree_bit_strings_length3" should be unique, but is authored multiple times.
INFO    : *            Results will be unpredictable, and likely incorrect.  Information on the locations follows:
INFO    : *              located at: pretext/book/chapter/section/subsection/example/statement/p/ol/li/p/solution/figure
INFO    : *              located within: "fig_tree_bit_strings_length3" (xml:id)
INFO    : *              located at: pretext/book/chapter/section/subsection/example/statement/p/ol/li/p/solution/figure
INFO    : *              located within: "fig_tree_bit_strings_length3" (xml:id)
ERROR   : * PTX:ERROR: the @xml:id value "fig_tree_bit_strings_length4_weight2" should be unique, but is authored multiple times.
INFO    : *            Results will be unpredictable, and likely incorrect.  Information on the locations follows:
INFO    : *              located at: pretext/book/chapter/section/subsection/example/statement/p/ol/li/p/solution/figure
INFO    : *              located within: "fig_tree_bit_strings_length4_weight2" (xml:id)
INFO    : *              located at: pretext/book/chapter/section/subsection/example/statement/p/ol/li/p/solution/figure
INFO    : *              located within: "fig_tree_bit_strings_length4_weight2" (xml:id)
ERROR   : * PTX:ERROR: the @xml:id value "part_10power" should be unique, but is authored multiple times.
INFO    : *            Results will be unpredictable, and likely incorrect.  Information on the locations follows:
INFO    : *              located at: pretext/book/chapter/section/subsection/subsubsection/exercise/statement/p/ol/li
INFO    : *              located within: "part_10power" (xml:id)
INFO    : *              located at: pretext/book/chapter/section/subsection/subsubsection/exercise/statement/p/ol/li
INFO    : *              located within: "part_10power" (xml:id)
ERROR   : * PTX:ERROR: the @xml:id value "part_2tosum" should be unique, but is authored multiple times.
INFO    : *            Results will be unpredictable, and likely incorrect.  Information on the locations follows:
INFO    : *              located at: pretext/book/chapter/section/subsection/subsubsection/exercise/statement/p/ol/li
INFO    : *              located within: "part_2tosum" (xml:id)
INFO    : *              located at: pretext/book/chapter/section/subsection/subsubsection/exercise/statement/p/ol/li
INFO    : *              located within: "part_2tosum" (xml:id)
ERROR   : * PTX:ERROR: the @xml:id value "part_3sum_is9" should be unique, but is authored multiple times.
INFO    : *            Results will be unpredictable, and likely incorrect.  Information on the locations follows:
INFO    : *              located at: pretext/book/chapter/section/subsection/activity/p/ol/li
INFO    : *              located within: "part_3sum_is9" (xml:id)
INFO    : *              located at: pretext/book/chapter/section/subsection/activity/p/ol/li
INFO    : *              located within: "part_3sum_is9" (xml:id)
ERROR   : * PTX:ERROR: the @xml:id value "part_5factorial" should be unique, but is authored multiple times.
INFO    : *            Results will be unpredictable, and likely incorrect.  Information on the locations follows:
INFO    : *              located at: pretext/book/chapter/section/subsection/definition/statement/p/ol/li
INFO    : *              located within: "part_5factorial" (xml:id)
INFO    : *              located at: pretext/book/chapter/section/subsection/definition/statement/p/ol/li
INFO    : *              located within: "part_5factorial" (xml:id)
ERROR   : * PTX:ERROR: the @xml:id value "part_5spades_5hearts" should be unique, but is authored multiple times.
INFO    : *            Results will be unpredictable, and likely incorrect.  Information on the locations follows:
INFO    : *              located at: pretext/book/chapter/section/subsection/subsubsection/exercise/statement/p/ol/li
INFO    : *              located within: "part_5spades_5hearts" (xml:id)
INFO    : *              located at: pretext/book/chapter/section/subsection/subsubsection/exercise/statement/p/ol/li
INFO    : *              located within: "part_5spades_5hearts" (xml:id)
ERROR   : * PTX:ERROR: the @xml:id value "part_6factorial" should be unique, but is authored multiple times.
INFO    : *            Results will be unpredictable, and likely incorrect.  Information on the locations follows:
INFO    : *              located at: pretext/book/chapter/section/subsection/example/statement/p/ol/li
INFO    : *              located within: "part_6factorial" (xml:id)
INFO    : *              located at: pretext/book/chapter/section/subsection/example/statement/p/ol/li
INFO    : *              located within: "part_6factorial" (xml:id)
ERROR   : * PTX:ERROR: the @xml:id value "part_Yarborough" should be unique, but is authored multiple times.
INFO    : *            Results will be unpredictable, and likely incorrect.  Information on the locations follows:
INFO    : *              located at: pretext/book/chapter/section/subsection/subsubsection/exercise/statement/p/ol/li
INFO    : *              located within: "part_Yarborough" (xml:id)
INFO    : *              located at: pretext/book/chapter/section/subsection/subsubsection/exercise/statement/p/ol/li
INFO    : *              located within: "part_Yarborough" (xml:id)
ERROR   : * PTX:ERROR: the @xml:id value "part_another_10power" should be unique, but is authored multiple times.
INFO    : *            Results will be unpredictable, and likely incorrect.  Information on the locations follows:
INFO    : *              located at: pretext/book/chapter/section/subsection/subsubsection/exercise/statement/p/ol/li
INFO    : *              located within: "part_another_10power" (xml:id)
INFO    : *              located at: pretext/book/chapter/section/subsection/subsubsection/exercise/statement/p/ol/li
INFO    : *              located within: "part_another_10power" (xml:id)
ERROR   : * PTX:ERROR: the @xml:id value "part_bit_strings_length5_weight3" should be unique, but is authored multiple times.
INFO    : *            Results will be unpredictable, and likely incorrect.  Information on the locations follows:
INFO    : *              located at: pretext/book/chapter/section/subsection/activity/p/ol/li
INFO    : *              located within: "part_bit_strings_length5_weight3" (xml:id)
INFO    : *              located at: pretext/book/chapter/section/subsection/activity/p/ol/li
INFO    : *              located within: "part_bit_strings_length5_weight3" (xml:id)
ERROR   : * PTX:ERROR: the @xml:id value "part_bs_length8_weight2" should be unique, but is authored multiple times.
INFO    : *            Results will be unpredictable, and likely incorrect.  Information on the locations follows:
INFO    : *              located at: pretext/book/chapter/section/subsection/activity/p/ol/li
INFO    : *              located within: "part_bs_length8_weight2" (xml:id)
INFO    : *              located at: pretext/book/chapter/section/subsection/activity/p/ol/li
INFO    : *              located within: "part_bs_length8_weight2" (xml:id)
ERROR   : * PTX:ERROR: the @xml:id value "part_cat_dog" should be unique, but is authored multiple times.
INFO    : *            Results will be unpredictable, and likely incorrect.  Information on the locations follows:
INFO    : *              located at: pretext/book/chapter/section/subsection/activity/p/ol/li
INFO    : *              located within: "part_cat_dog" (xml:id)
INFO    : *              located at: pretext/book/chapter/section/subsection/activity/p/ol/li
INFO    : *              located within: "part_cat_dog" (xml:id)
ERROR   : * PTX:ERROR: the @xml:id value "part_choose_two_cats" should be unique, but is authored multiple times.
INFO    : *            Results will be unpredictable, and likely incorrect.  Information on the locations follows:
INFO    : *              located at: pretext/book/chapter/section/introduction/activity/p/ol/li
INFO    : *              located within: "part_choose_two_cats" (xml:id)
INFO    : *              located at: pretext/book/chapter/section/introduction/activity/p/ol/li
INFO    : *              located within: "part_choose_two_cats" (xml:id)
ERROR   : * PTX:ERROR: the @xml:id value "part_comb_proof_read" should be unique, but is authored multiple times.
INFO    : *            Results will be unpredictable, and likely incorrect.  Information on the locations follows:
INFO    : *              located at: pretext/book/chapter/section/subsection/activity/p/ol/li
INFO    : *              located within: "part_comb_proof_read" (xml:id)
INFO    : *              located at: pretext/book/chapter/section/subsection/activity/p/ol/li
INFO    : *              located within: "part_comb_proof_read" (xml:id)
ERROR   : * PTX:ERROR: the @xml:id value "part_froma1_toc4_count" should be unique, but is authored multiple times.
INFO    : *            Results will be unpredictable, and likely incorrect.  Information on the locations follows:
INFO    : *              located at: pretext/book/chapter/section/subsection/activity/ol/li
INFO    : *              located within: "part_froma1_toc4_count" (xml:id)
INFO    : *              located at: pretext/book/chapter/section/subsection/activity/ol/li
INFO    : *              located within: "part_froma1_toc4_count" (xml:id)
ERROR   : * PTX:ERROR: the @xml:id value "part_froma1_toc4_tree" should be unique, but is authored multiple times.
INFO    : *            Results will be unpredictable, and likely incorrect.  Information on the locations follows:
INFO    : *              located at: pretext/book/chapter/section/subsection/activity/ol/li
INFO    : *              located within: "part_froma1_toc4_tree" (xml:id)
INFO    : *              located at: pretext/book/chapter/section/subsection/activity/ol/li
INFO    : *              located within: "part_froma1_toc4_tree" (xml:id)
ERROR   : * PTX:ERROR: the @xml:id value "part_kchoose2_cats" should be unique, but is authored multiple times.
INFO    : *            Results will be unpredictable, and likely incorrect.  Information on the locations follows:
INFO    : *              located at: pretext/book/chapter/section/introduction/activity/p/ol/li
INFO    : *              located within: "part_kchoose2_cats" (xml:id)
INFO    : *              located at: pretext/book/chapter/section/introduction/activity/p/ol/li
INFO    : *              located within: "part_kchoose2_cats" (xml:id)
ERROR   : * PTX:ERROR: the @xml:id value "part_lg_product" should be unique, but is authored multiple times.
INFO    : *            Results will be unpredictable, and likely incorrect.  Information on the locations follows:
INFO    : *              located at: pretext/book/chapter/section/subsection/subsubsection/exercise/statement/p/ol/li
INFO    : *              located within: "part_lg_product" (xml:id)
INFO    : *              located at: pretext/book/chapter/section/subsection/subsubsection/exercise/statement/p/ol/li
INFO    : *              located within: "part_lg_product" (xml:id)
ERROR   : * PTX:ERROR: the @xml:id value "part_lg_to_exp" should be unique, but is authored multiple times.
INFO    : *            Results will be unpredictable, and likely incorrect.  Information on the locations follows:
INFO    : *              located at: pretext/book/chapter/section/subsection/subsubsection/exercise/statement/p/ol/li
INFO    : *              located within: "part_lg_to_exp" (xml:id)
INFO    : *              located at: pretext/book/chapter/section/subsection/subsubsection/exercise/statement/p/ol/li
INFO    : *              located within: "part_lg_to_exp" (xml:id)
ERROR   : * PTX:ERROR: the @xml:id value "part_list_two_cats" should be unique, but is authored multiple times.
INFO    : *            Results will be unpredictable, and likely incorrect.  Information on the locations follows:
INFO    : *              located at: pretext/book/chapter/section/introduction/activity/p/ol/li
INFO    : *              located within: "part_list_two_cats" (xml:id)
INFO    : *              located at: pretext/book/chapter/section/introduction/activity/p/ol/li
INFO    : *              located within: "part_list_two_cats" (xml:id)
ERROR   : * PTX:ERROR: the @xml:id value "part_mfactorial" should be unique, but is authored multiple times.
INFO    : *            Results will be unpredictable, and likely incorrect.  Information on the locations follows:
INFO    : *              located at: pretext/book/chapter/section/subsection/activity/p/ol/li
INFO    : *              located within: "part_mfactorial" (xml:id)
INFO    : *              located at: pretext/book/chapter/section/subsection/activity/p/ol/li
INFO    : *              located within: "part_mfactorial" (xml:id)
ERROR   : * PTX:ERROR: the @xml:id value "part_order_operations" should be unique, but is authored multiple times.
INFO    : *            Results will be unpredictable, and likely incorrect.  Information on the locations follows:
INFO    : *              located at: pretext/book/chapter/section/subsection/definition/statement/p/ol/li
INFO    : *              located within: "part_order_operations" (xml:id)
INFO    : *              located at: pretext/book/chapter/section/subsection/definition/statement/p/ol/li
INFO    : *              located within: "part_order_operations" (xml:id)
ERROR   : * PTX:ERROR: the @xml:id value "part_perms_abc" should be unique, but is authored multiple times.
INFO    : *            Results will be unpredictable, and likely incorrect.  Information on the locations follows:
INFO    : *              located at: pretext/book/chapter/section/subsection/activity/p/ol/li
INFO    : *              located within: "part_perms_abc" (xml:id)
INFO    : *              located at: pretext/book/chapter/section/subsection/activity/p/ol/li
INFO    : *              located within: "part_perms_abc" (xml:id)
ERROR   : * PTX:ERROR: the @xml:id value "part_pick_two" should be unique, but is authored multiple times.
INFO    : *            Results will be unpredictable, and likely incorrect.  Information on the locations follows:
INFO    : *              located at: pretext/book/chapter/section/introduction/activity/p/ol/li
INFO    : *              located within: "part_pick_two" (xml:id)
INFO    : *              located at: pretext/book/chapter/section/introduction/activity/p/ol/li
INFO    : *              located within: "part_pick_two" (xml:id)
ERROR   : * PTX:ERROR: the @xml:id value "part_power_of_power" should be unique, but is authored multiple times.
INFO    : *            Results will be unpredictable, and likely incorrect.  Information on the locations follows:
INFO    : *              located at: pretext/book/chapter/section/subsection/example/statement/p/ol/li
INFO    : *              located within: "part_power_of_power" (xml:id)
INFO    : *              located at: pretext/book/chapter/section/subsection/example/statement/p/ol/li
INFO    : *              located within: "part_power_of_power" (xml:id)
ERROR   : * PTX:ERROR: the @xml:id value "part_salad_and_pizza" should be unique, but is authored multiple times.
INFO    : *            Results will be unpredictable, and likely incorrect.  Information on the locations follows:
INFO    : *              located at: pretext/book/chapter/section/introduction/activity/p/ol/li
INFO    : *              located within: "part_salad_and_pizza" (xml:id)
INFO    : *              located at: pretext/book/chapter/section/introduction/activity/p/ol/li
INFO    : *              located within: "part_salad_and_pizza" (xml:id)
ERROR   : * PTX:ERROR: the @xml:id value "part_salad_or_pizza" should be unique, but is authored multiple times.
INFO    : *            Results will be unpredictable, and likely incorrect.  Information on the locations follows:
INFO    : *              located at: pretext/book/chapter/section/introduction/activity/p/ol/li
INFO    : *              located within: "part_salad_or_pizza" (xml:id)
INFO    : *              located at: pretext/book/chapter/section/introduction/activity/p/ol/li
INFO    : *              located within: "part_salad_or_pizza" (xml:id)
ERROR   : * PTX:ERROR: the @xml:id value "part_strings_abc" should be unique, but is authored multiple times.
INFO    : *            Results will be unpredictable, and likely incorrect.  Information on the locations follows:
INFO    : *              located at: pretext/book/chapter/section/subsection/activity/p/ol/li
INFO    : *              located within: "part_strings_abc" (xml:id)
INFO    : *              located at: pretext/book/chapter/section/subsection/activity/p/ol/li
INFO    : *              located within: "part_strings_abc" (xml:id)
ERROR   : * PTX:ERROR: the @xml:id value "part_thm_simplify_22nminus1" should be unique, but is authored multiple times.
INFO    : *            Results will be unpredictable, and likely incorrect.  Information on the locations follows:
INFO    : *              located at: pretext/book/chapter/section/subsection/example/statement/p/ol/li
INFO    : *              located within: "part_thm_simplify_22nminus1" (xml:id)
INFO    : *              located at: pretext/book/chapter/section/subsection/example/statement/p/ol/li
INFO    : *              located within: "part_thm_simplify_22nminus1" (xml:id)
ERROR   : * PTX:ERROR: the @xml:id value "part_tree_bs4" should be unique, but is authored multiple times.
INFO    : *            Results will be unpredictable, and likely incorrect.  Information on the locations follows:
INFO    : *              located at: pretext/book/chapter/section/subsection/activity/p/ol/li
INFO    : *              located within: "part_tree_bs4" (xml:id)
INFO    : *              located at: pretext/book/chapter/section/subsection/activity/p/ol/li
INFO    : *              located within: "part_tree_bs4" (xml:id)
ERROR   : * PTX:ERROR: the @xml:id value "part_tree_perms_abcd" should be unique, but is authored multiple times.
INFO    : *            Results will be unpredictable, and likely incorrect.  Information on the locations follows:
INFO    : *              located at: pretext/book/chapter/section/subsection/subsubsection/exercise/statement/p/ol/li
INFO    : *              located within: "part_tree_perms_abcd" (xml:id)
INFO    : *              located at: pretext/book/chapter/section/subsection/subsubsection/exercise/statement/p/ol/li
INFO    : *              located within: "part_tree_perms_abcd" (xml:id)
ERROR   : * PTX:ERROR: the @xml:id value "part_two_animals" should be unique, but is authored multiple times.
INFO    : *            Results will be unpredictable, and likely incorrect.  Information on the locations follows:
INFO    : *              located at: pretext/book/chapter/section/subsection/activity/p/ol/li
INFO    : *              located within: "part_two_animals" (xml:id)
INFO    : *              located at: pretext/book/chapter/section/subsection/activity/p/ol/li
INFO    : *              located within: "part_two_animals" (xml:id)
ERROR   : * PTX:ERROR: the @xml:id value "part_two_cats" should be unique, but is authored multiple times.
INFO    : *            Results will be unpredictable, and likely incorrect.  Information on the locations follows:
INFO    : *              located at: pretext/book/chapter/section/subsection/activity/p/ol/li
INFO    : *              located within: "part_two_cats" (xml:id)
INFO    : *              located at: pretext/book/chapter/section/subsection/activity/p/ol/li
INFO    : *              located within: "part_two_cats" (xml:id)
ERROR   : * PTX:ERROR: the @xml:id value "part_two_dogs" should be unique, but is authored multiple times.
INFO    : *            Results will be unpredictable, and likely incorrect.  Information on the locations follows:
INFO    : *              located at: pretext/book/chapter/section/subsection/activity/p/ol/li
INFO    : *              located within: "part_two_dogs" (xml:id)
INFO    : *              located at: pretext/book/chapter/section/subsection/activity/p/ol/li
INFO    : *              located within: "part_two_dogs" (xml:id)
ERROR   : * PTX:ERROR: the @xml:id value "pff_comb" should be unique, but is authored multiple times.
INFO    : *            Results will be unpredictable, and likely incorrect.  Information on the locations follows:
INFO    : *              located at: pretext/book/chapter/section/subsection/theorem
INFO    : *              located within: "pff_comb" (xml:id), "Proof Format: Combinatorial Proof" (title)
INFO    : *              located at: pretext/book/chapter/section/subsection/theorem
INFO    : *              located within: "pff_comb" (xml:id), "Proof Format: Combinatorial Proof" (title)
ERROR   : * PTX:ERROR: the @xml:id value "rem_not_eval_counts_1" should be unique, but is authored multiple times.
INFO    : *            Results will be unpredictable, and likely incorrect.  Information on the locations follows:
INFO    : *              located at: pretext/book/chapter/section/subsection/remark
INFO    : *              located within: "rem_not_eval_counts_1" (xml:id), "Not evaluating counts, version 1" (title)
INFO    : *              located at: pretext/book/chapter/section/subsection/remark
INFO    : *              located within: "rem_not_eval_counts_1" (xml:id), "Not evaluating counts, version 1" (title)
ERROR   : * PTX:ERROR: the @xml:id value "rem_not_eval_counts_2" should be unique, but is authored multiple times.
INFO    : *            Results will be unpredictable, and likely incorrect.  Information on the locations follows:
INFO    : *              located at: pretext/book/chapter/section/subsection/remark
INFO    : *              located within: "rem_not_eval_counts_2" (xml:id), "Not evaluating counts, version 2" (title)
INFO    : *              located at: pretext/book/chapter/section/subsection/remark
INFO    : *              located within: "rem_not_eval_counts_2" (xml:id), "Not evaluating counts, version 2" (title)
ERROR   : * PTX:ERROR: the @xml:id value "rem_not_eval_counts_3" should be unique, but is authored multiple times.
INFO    : *            Results will be unpredictable, and likely incorrect.  Information on the locations follows:
INFO    : *              located at: pretext/book/chapter/section/subsection/remark
INFO    : *              located within: "rem_not_eval_counts_3" (xml:id), "Not evaluating counts, version 3" (title)
INFO    : *              located at: pretext/book/chapter/section/subsection/remark
INFO    : *              located within: "rem_not_eval_counts_3" (xml:id), "Not evaluating counts, version 3" (title)
ERROR   : * PTX:ERROR: the @xml:id value "rem_not_eval_counts_final" should be unique, but is authored multiple times.
INFO    : *            Results will be unpredictable, and likely incorrect.  Information on the locations follows:
INFO    : *              located at: pretext/book/chapter/section/subsection/remark
INFO    : *              located within: "rem_not_eval_counts_final" (xml:id), "Not evaluating counts, final version" (title)
INFO    : *              located at: pretext/book/chapter/section/subsection/remark
INFO    : *              located within: "rem_not_eval_counts_final" (xml:id), "Not evaluating counts, final version" (title)
ERROR   : * PTX:ERROR: the @xml:id value "rem_notation_zero" should be unique, but is authored multiple times.
INFO    : *            Results will be unpredictable, and likely incorrect.  Information on the locations follows:
INFO    : *              located at: pretext/book/chapter/section/subsection/remark
INFO    : *              located within: "rem_notation_zero" (xml:id), "Notation for zero" (title)
INFO    : *              located at: pretext/book/chapter/section/subsection/remark
INFO    : *              located within: "rem_notation_zero" (xml:id), "Notation for zero" (title)
ERROR   : * PTX:ERROR: the @xml:id value "sec_bit_strings" should be unique, but is authored multiple times.
INFO    : *            Results will be unpredictable, and likely incorrect.  Information on the locations follows:
INFO    : *              located at: pretext/book/chapter/section
INFO    : *              located within: "sec_bit_strings" (xml:id), "Counting Bit Strings" (title)
INFO    : *              located at: pretext/book/chapter/section
INFO    : *              located within: "sec_bit_strings" (xml:id), "Counting Bit Strings" (title)
ERROR   : * PTX:ERROR: the @xml:id value "sec_counting_steps_cases" should be unique, but is authored multiple times.
INFO    : *            Results will be unpredictable, and likely incorrect.  Information on the locations follows:
INFO    : *              located at: pretext/book/chapter/section
INFO    : *              located within: "sec_counting_steps_cases" (xml:id), "Counting with Steps and Cases" (title)
INFO    : *              located at: pretext/book/chapter/section
INFO    : *              located within: "sec_counting_steps_cases" (xml:id), "Counting with Steps and Cases" (title)
ERROR   : * PTX:ERROR: the @xml:id value "sec_counting_subsets" should be unique, but is authored multiple times.
INFO    : *            Results will be unpredictable, and likely incorrect.  Information on the locations follows:
INFO    : *              located at: pretext/book/chapter/section
INFO    : *              located within: "sec_counting_subsets" (xml:id), "Counting Subsets" (title)
INFO    : *              located at: pretext/book/chapter/section
INFO    : *              located within: "sec_counting_subsets" (xml:id), "Counting Subsets" (title)
ERROR   : * PTX:ERROR: the @xml:id value "sec_listing" should be unique, but is authored multiple times.
INFO    : *            Results will be unpredictable, and likely incorrect.  Information on the locations follows:
INFO    : *              located at: pretext/book/chapter/section
INFO    : *              located within: "sec_listing" (xml:id), "Organized Listing   " (title)
INFO    : *              located at: pretext/book/chapter/section
INFO    : *              located within: "sec_listing" (xml:id), "Organized Listing   " (title)
ERROR   : * PTX:ERROR: the @xml:id value "sub_bitstrings" should be unique, but is authored multiple times.
INFO    : *            Results will be unpredictable, and likely incorrect.  Information on the locations follows:
INFO    : *              located at: pretext/book/chapter/section/subsection
INFO    : *              located within: "sub_bitstrings" (xml:id), "Bit Strings" (title)
INFO    : *              located at: pretext/book/chapter/section/subsection
INFO    : *              located within: "sub_bitstrings" (xml:id), "Bit Strings" (title)
ERROR   : * PTX:ERROR: the @xml:id value "sub_combine_count" should be unique, but is authored multiple times.
INFO    : *            Results will be unpredictable, and likely incorrect.  Information on the locations follows:
INFO    : *              located at: pretext/book/chapter/section/subsection
INFO    : *              located within: "sub_combine_count" (xml:id), "Combining Counting Techniques" (title)
INFO    : *              located at: pretext/book/chapter/section/subsection
INFO    : *              located within: "sub_combine_count" (xml:id), "Combining Counting Techniques" (title)
ERROR   : * PTX:ERROR: the @xml:id value "sub_count_bit_strings" should be unique, but is authored multiple times.
INFO    : *            Results will be unpredictable, and likely incorrect.  Information on the locations follows:
INFO    : *              located at: pretext/book/chapter/section/subsection
INFO    : *              located within: "sub_count_bit_strings" (xml:id), "Number of Bit Strings" (title)
INFO    : *              located at: pretext/book/chapter/section/subsection
INFO    : *              located within: "sub_count_bit_strings" (xml:id), "Number of Bit Strings" (title)
ERROR   : * PTX:ERROR: the @xml:id value "sub_counting_awry" should be unique, but is authored multiple times.
INFO    : *            Results will be unpredictable, and likely incorrect.  Information on the locations follows:
INFO    : *              located at: pretext/book/chapter/section/subsection
INFO    : *              located within: "sub_counting_awry" (xml:id), "When Counting Goes Awry" (title)
INFO    : *              located at: pretext/book/chapter/section/subsection
INFO    : *              located within: "sub_counting_awry" (xml:id), "When Counting Goes Awry" (title)
ERROR   : * PTX:ERROR: the @xml:id value "sub_exp_log" should be unique, but is authored multiple times.
INFO    : *            Results will be unpredictable, and likely incorrect.  Information on the locations follows:
INFO    : *              located at: pretext/book/chapter/section/subsection
INFO    : *              located within: "sub_exp_log" (xml:id), "Algebra: Exponential Notation and Logarithms" (title)
INFO    : *              located at: pretext/book/chapter/section/subsection
INFO    : *              located within: "sub_exp_log" (xml:id), "Algebra: Exponential Notation and Logarithms" (title)
ERROR   : * PTX:ERROR: the @xml:id value "sub_factorials" should be unique, but is authored multiple times.
INFO    : *            Results will be unpredictable, and likely incorrect.  Information on the locations follows:
INFO    : *              located at: pretext/book/chapter/section/subsection
INFO    : *              located within: "sub_factorials" (xml:id), "Algebra: Factorials" (title)
INFO    : *              located at: pretext/book/chapter/section/subsection
INFO    : *              located within: "sub_factorials" (xml:id), "Algebra: Factorials" (title)
ERROR   : * PTX:ERROR: the @xml:id value "sub_integer_algebra" should be unique, but is authored multiple times.
INFO    : *            Results will be unpredictable, and likely incorrect.  Information on the locations follows:
INFO    : *              located at: pretext/book/chapter/section/subsection
INFO    : *              located within: "sub_integer_algebra" (xml:id), "Integer Algebra" (title)
INFO    : *              located at: pretext/book/chapter/section/subsection
INFO    : *              located within: "sub_integer_algebra" (xml:id), "Integer Algebra" (title)
ERROR   : * PTX:ERROR: the @xml:id value "sub_proofs_count_nosums" should be unique, but is authored multiple times.
INFO    : *            Results will be unpredictable, and likely incorrect.  Information on the locations follows:
INFO    : *              located at: pretext/book/chapter/section/subsection
INFO    : *              located within: "sub_proofs_count_nosums" (xml:id), "Proof Format: Combinatorial Proof" (title)
INFO    : *              located at: pretext/book/chapter/section/subsection
INFO    : *              located within: "sub_proofs_count_nosums" (xml:id), "Proof Format: Combinatorial Proof" (title)
ERROR   : * PTX:ERROR: the @xml:id value "sub_rephrasing_subset" should be unique, but is authored multiple times.
INFO    : *            Results will be unpredictable, and likely incorrect.  Information on the locations follows:
INFO    : *              located at: pretext/book/chapter/section/subsection
INFO    : *              located within: "sub_rephrasing_subset" (xml:id), "Detour: Rephrasing the Question" (title)
INFO    : *              located at: pretext/book/chapter/section/subsection
INFO    : *              located within: "sub_rephrasing_subset" (xml:id), "Detour: Rephrasing the Question" (title)
ERROR   : * PTX:ERROR: the @xml:id value "sub_sets_digits" should be unique, but is authored multiple times.
INFO    : *            Results will be unpredictable, and likely incorrect.  Information on the locations follows:
INFO    : *              located at: pretext/book/chapter/section/subsection
INFO    : *              located within: "sub_sets_digits" (xml:id), "Sets of Digits" (title)
INFO    : *              located at: pretext/book/chapter/section/subsection
INFO    : *              located within: "sub_sets_digits" (xml:id), "Sets of Digits" (title)
ERROR   : * PTX:ERROR: the @xml:id value "sub_squares_dominoes" should be unique, but is authored multiple times.
INFO    : *            Results will be unpredictable, and likely incorrect.  Information on the locations follows:
INFO    : *              located at: pretext/book/chapter/section/subsection
INFO    : *              located within: "sub_squares_dominoes" (xml:id), "Squares and Dominoes" (title)
INFO    : *              located at: pretext/book/chapter/section/subsection
INFO    : *              located within: "sub_squares_dominoes" (xml:id), "Squares and Dominoes" (title)
ERROR   : * PTX:ERROR: the @xml:id value "sub_steps_cases" should be unique, but is authored multiple times.
INFO    : *            Results will be unpredictable, and likely incorrect.  Information on the locations follows:
INFO    : *              located at: pretext/book/chapter/section/subsection
INFO    : *              located within: "sub_steps_cases" (xml:id), "Counting with Steps and Cases" (title)
INFO    : *              located at: pretext/book/chapter/section/subsection
INFO    : *              located within: "sub_steps_cases" (xml:id), "Counting with Steps and Cases" (title)
ERROR   : * PTX:ERROR: the @xml:id value "sub_strings" should be unique, but is authored multiple times.
INFO    : *            Results will be unpredictable, and likely incorrect.  Information on the locations follows:
INFO    : *              located at: pretext/book/chapter/section/subsection
INFO    : *              located within: "sub_strings" (xml:id), "Strings" (title)
INFO    : *              located at: pretext/book/chapter/section/subsection
INFO    : *              located within: "sub_strings" (xml:id), "Strings" (title)
ERROR   : * PTX:ERROR: the @xml:id value "sub_subsets_choose" should be unique, but is authored multiple times.
INFO    : *            Results will be unpredictable, and likely incorrect.  Information on the locations follows:
INFO    : *              located at: pretext/book/chapter/section/subsection
INFO    : *              located within: "sub_subsets_choose" (xml:id), "Subsets and the Binomial Coefficients" (title)
INFO    : *              located at: pretext/book/chapter/section/subsection
INFO    : *              located within: "sub_subsets_choose" (xml:id), "Subsets and the Binomial Coefficients" (title)
ERROR   : * PTX:ERROR: the @xml:id value "table_number_bit_strings" should be unique, but is authored multiple times.
INFO    : *            Results will be unpredictable, and likely incorrect.  Information on the locations follows:
INFO    : *              located at: pretext/book/chapter/section/subsection/example/solution/table
INFO    : *              located within: "table_number_bit_strings" (xml:id), "The number of bit strings of length n for n=1,2,3,4,5" (title)
INFO    : *              located at: pretext/book/chapter/section/subsection/example/solution/table
INFO    : *              located within: "table_number_bit_strings" (xml:id), "The number of bit strings of length n for n=1,2,3,4,5" (title)
ERROR   : * PTX:ERROR: the @xml:id value "thm_bit_string_exactly_k" should be unique, but is authored multiple times.
INFO    : *            Results will be unpredictable, and likely incorrect.  Information on the locations follows:
INFO    : *              located at: pretext/book/chapter/section/subsection/theorem
INFO    : *              located within: "thm_bit_string_exactly_k" (xml:id), "Number of bit strings of length n with exactly k \str{1}s (or with exactly k \str{0}s)" (title)
INFO    : *              located at: pretext/book/chapter/section/subsection/theorem
INFO    : *              located within: "thm_bit_string_exactly_k" (xml:id), "Number of bit strings of length n with exactly k \str{1}s (or with exactly k \str{0}s)" (title)
ERROR   : * PTX:ERROR: the @xml:id value "thm_cases_add" should be unique, but is authored multiple times.
INFO    : *            Results will be unpredictable, and likely incorrect.  Information on the locations follows:
INFO    : *              located at: pretext/book/chapter/section/subsection/theorem
INFO    : *              located within: "thm_cases_add" (xml:id), "Cases add" (title)
INFO    : *              located at: pretext/book/chapter/section/subsection/theorem
INFO    : *              located within: "thm_cases_add" (xml:id), "Cases add" (title)
ERROR   : * PTX:ERROR: the @xml:id value "thm_count_complement" should be unique, but is authored multiple times.
INFO    : *            Results will be unpredictable, and likely incorrect.  Information on the locations follows:
INFO    : *              located at: pretext/book/chapter/section/subsection/theorem
INFO    : *              located within: "thm_count_complement" (xml:id), "Counting the opposite" (title)
INFO    : *              located at: pretext/book/chapter/section/subsection/theorem
INFO    : *              located within: "thm_count_complement" (xml:id), "Counting the opposite" (title)
ERROR   : * PTX:ERROR: the @xml:id value "thm_number_bit_strings" should be unique, but is authored multiple times.
INFO    : *            Results will be unpredictable, and likely incorrect.  Information on the locations follows:
INFO    : *              located at: pretext/book/chapter/section/subsection/theorem
INFO    : *              located within: "thm_number_bit_strings" (xml:id), "Number of bit strings of length n" (title)
INFO    : *              located at: pretext/book/chapter/section/subsection/theorem
INFO    : *              located within: "thm_number_bit_strings" (xml:id), "Number of bit strings of length n" (title)
ERROR   : * PTX:ERROR: the @xml:id value "thm_simplify_exp" should be unique, but is authored multiple times.
INFO    : *            Results will be unpredictable, and likely incorrect.  Information on the locations follows:
INFO    : *              located at: pretext/book/chapter/section/subsection/theorem
INFO    : *              located within: "thm_simplify_exp" (xml:id), "Simplifying exponents" (title)
INFO    : *              located at: pretext/book/chapter/section/subsection/theorem
INFO    : *              located within: "thm_simplify_exp" (xml:id), "Simplifying exponents" (title)
ERROR   : * PTX:ERROR: the @xml:id value "thm_steps_multiply" should be unique, but is authored multiple times.
INFO    : *            Results will be unpredictable, and likely incorrect.  Information on the locations follows:
INFO    : *              located at: pretext/book/chapter/section/subsection/theorem
INFO    : *              located within: "thm_steps_multiply" (xml:id), "Steps multiply" (title)
INFO    : *              located at: pretext/book/chapter/section/subsection/theorem
INFO    : *              located within: "thm_steps_multiply" (xml:id), "Steps multiply" (title)
ERROR   : * PTX:ERROR: the @xml:id value "thm_sym_binom" should be unique, but is authored multiple times.
INFO    : *            Results will be unpredictable, and likely incorrect.  Information on the locations follows:
INFO    : *              located at: pretext/book/chapter/section/subsection/theorem
INFO    : *              located within: "thm_sym_binom" (xml:id), "Symmetry of the binomial coefficients" (title)
INFO    : *              located at: pretext/book/chapter/section/subsection/theorem
INFO    : *              located within: "thm_sym_binom" (xml:id), "Symmetry of the binomial coefficients" (title)
ERROR   : * PTX:ERROR: the @xml:id value "x2048_game" should be unique, but is authored multiple times.
INFO    : *            Results will be unpredictable, and likely incorrect.  Information on the locations follows:
INFO    : *              located at: pretext/book/chapter/section/subsection/subsubsection/exercise
INFO    : *              located within: "x2048_game" (xml:id), "Explore" (title)
INFO    : *              located at: pretext/book/chapter/section/subsection/subsubsection/exercise
INFO    : *              located within: "x2048_game" (xml:id), "Explore" (title)
WARNING : * PTX:WARNING: There are apparent XML elements in locations that should be text only (2 times).
WARNING : * PTX:WARNING: There is an apparent XML element (<ndash>) inside an <c> element, which should only contain text.  Using an escaped "less than" ('&lt;') might be the solution, or using a CDATA section.
INFO    : *              located at: pretext/book/chapter/section/subsection/subsubsection/exercise/statement/p/c/ndash
INFO    : *              located within: "exer_bal_ternary_strings" (xml:id), "Explore" (title)
WARNING : * PTX:WARNING: There is an apparent XML element (<ndash>) inside an <c> element, which should only contain text.  Using an escaped "less than" ('&lt;') might be the solution, or using a CDATA section.
INFO    : *              located at: pretext/book/chapter/section/subsection/subsubsection/exercise/statement/p/c/ndash
INFO    : *              located within: "exer_bal_ternary_strings" (xml:id), "Explore" (title)
INFO    : * PTX:INFO:   checking all deprecated elements.
WARNING : * PTX:DEPRECATE: (2024-10-08) elements previously included in a "titlepage" element inside the "frontmatter" (author, editor, credit, date, and event) should now be placed in "frontmatter/bibinfo".  To ensure a title page is created, put only the empty element "titlepage-items" inside "titlepage".  Until you move these elements, we will try to honor your intent. (1 time)
INFO    : *              located at: pretext/book/frontmatter/titlepage
INFO    : *              located within: "Active Discrete Mathematics: Patterns, Structures, and Proof" (title)
INFO    : * --------------
WARNING : * PTX:DEPRECATE: (2026-05-11) the "me" and "men" elements have been deprecated.  The replacement is an "md" with no "mrow" children, and numbering is controlled by the "@number" attribute, or a global setting in "docinfo". (162 times)
INFO    : *              located at: pretext/book/chapter/section/subsection/example/statement/p/ol/li/p/solution/figure/me
INFO    : *              located within: "fig_sq_dom6_start1" (xml:id)
INFO    : *              located at: pretext/book/chapter/section/subsection/example/statement/p/ol/li/p/solution/figure/me
INFO    : *              located within: "fig_sq_dom6_start1" (xml:id)
INFO    : *              located at: pretext/book/chapter/section/subsection/example/statement/p/ol/li/p/solution/figure/me
INFO    : *              located within: "fig_sq_dom6_start2" (xml:id)
INFO    : *              located at: pretext/book/chapter/section/subsection/example/statement/p/ol/li/p/solution/p/me
INFO    : *              located within: "exam_sq_dom8" (xml:id), "Counting squares and dominoes tilings of a 1 \times 8 board" (title)
INFO    : *              located at: pretext/book/chapter/section/subsection/p/me
INFO    : *              located within: "sub_squares_dominoes" (xml:id), "Squares and Dominoes" (title)
INFO    : *              located at: pretext/book/chapter/section/subsection/definition/statement/p/ol/li/p/me
INFO    : *              located within: "defn_sum_product" (xml:id), "Sum, difference, and product" (title)
INFO    : *              located at: pretext/book/chapter/section/subsection/definition/statement/p/ol/li/p/me
INFO    : *              located within: "defn_sum_product" (xml:id), "Sum, difference, and product" (title)
INFO    : *              located at: pretext/book/chapter/section/subsection/definition/statement/p/ol/li/p/me
INFO    : *              located within: "defn_sum_product" (xml:id), "Sum, difference, and product" (title)
INFO    : * --------------
ERROR   : * PTX:ERROR:   a cross-reference ("xref") uses references [ch_recursion_induction] that do not point to any target, or perhaps point to multiple targets.  Maybe you typed an @xml:id value wrong, maybe the target of the @xml:id is nonexistent, or maybe you temporarily removed the target from your source, or maybe an auxiliary file contains a duplicate.  Your output will contain some placeholder text that you will not want to distribute to your readers.
INFO    : *              located at: pretext/book/chapter/section/subsection/p/xref
INFO    : *              located within: "sub_squares_dominoes" (xml:id), "Squares and Dominoes" (title)
ERROR   : * PTX:ERROR:   a cross-reference ("xref") uses references [sec_explicitly_defined_sequences] that do not point to any target, or perhaps point to multiple targets.  Maybe you typed an @xml:id value wrong, maybe the target of the @xml:id is nonexistent, or maybe you temporarily removed the target from your source, or maybe an auxiliary file contains a duplicate.  Your output will contain some placeholder text that you will not want to distribute to your readers.
INFO    : *              located at: pretext/book/chapter/section/subsection/example/statement/p/ol/li/p/solution/p/xref
INFO    : *              located within: "exam_sq_dom8" (xml:id), "Counting squares and dominoes tilings of a 1 \times 8 board" (title)
ERROR   : * PTX:ERROR:   a cross-reference ("xref") uses references [sec_fibonacci_higher] that do not point to any target, or perhaps point to multiple targets.  Maybe you typed an @xml:id value wrong, maybe the target of the @xml:id is nonexistent, or maybe you temporarily removed the target from your source, or maybe an auxiliary file contains a duplicate.  Your output will contain some placeholder text that you will not want to distribute to your readers.
INFO    : *              located at: pretext/book/chapter/section/subsection/p/xref
INFO    : *              located within: "sub_squares_dominoes" (xml:id), "Squares and Dominoes" (title)
ERROR   : * PTX:ERROR:   a cross-reference ("xref") uses references [act_handshakes] that do not point to any target, or perhaps point to multiple targets.  Maybe you typed an @xml:id value wrong, maybe the target of the @xml:id is nonexistent, or maybe you temporarily removed the target from your source, or maybe an auxiliary file contains a duplicate.  Your output will contain some placeholder text that you will not want to distribute to your readers.
INFO    : *              located at: pretext/book/chapter/section/subsection/subsubsection/exercise/statement/p/xref
INFO    : *              located within: "exer_double_count_hs" (xml:id), "Understand" (title)
ERROR   : * PTX:ERROR:   a cross-reference ("xref") uses references [ch_recursion_induction] that do not point to any target, or perhaps point to multiple targets.  Maybe you typed an @xml:id value wrong, maybe the target of the @xml:id is nonexistent, or maybe you temporarily removed the target from your source, or maybe an auxiliary file contains a duplicate.  Your output will contain some placeholder text that you will not want to distribute to your readers.
INFO    : *              located at: pretext/book/chapter/section/subsection/p/xref
INFO    : *              located within: "sub_squares_dominoes" (xml:id), "Squares and Dominoes" (title)
ERROR   : * PTX:ERROR:   a cross-reference ("xref") uses references [sec_explicitly_defined_sequences] that do not point to any target, or perhaps point to multiple targets.  Maybe you typed an @xml:id value wrong, maybe the target of the @xml:id is nonexistent, or maybe you temporarily removed the target from your source, or maybe an auxiliary file contains a duplicate.  Your output will contain some placeholder text that you will not want to distribute to your readers.
INFO    : *              located at: pretext/book/chapter/section/subsection/example/statement/p/ol/li/p/solution/p/xref
INFO    : *              located within: "exam_sq_dom8" (xml:id), "Counting squares and dominoes tilings of a 1 \times 8 board" (title)
ERROR   : * PTX:ERROR:   a cross-reference ("xref") uses references [sec_fibonacci_higher] that do not point to any target, or perhaps point to multiple targets.  Maybe you typed an @xml:id value wrong, maybe the target of the @xml:id is nonexistent, or maybe you temporarily removed the target from your source, or maybe an auxiliary file contains a duplicate.  Your output will contain some placeholder text that you will not want to distribute to your readers.
INFO    : *              located at: pretext/book/chapter/section/subsection/p/xref
INFO    : *              located within: "sub_squares_dominoes" (xml:id), "Squares and Dominoes" (title)
ERROR   : * PTX:ERROR:   a cross-reference ("xref") uses references [act_handshakes] that do not point to any target, or perhaps point to multiple targets.  Maybe you typed an @xml:id value wrong, maybe the target of the @xml:id is nonexistent, or maybe you temporarily removed the target from your source, or maybe an auxiliary file contains a duplicate.  Your output will contain some placeholder text that you will not want to distribute to your readers.
INFO    : *              located at: pretext/book/chapter/section/subsection/subsubsection/exercise/statement/p/xref
INFO    : *              located within: "exer_double_count_hs" (xml:id), "Understand" (title)
ERROR   : * PTX:ERROR:   a cross-reference ("xref") uses references [sec_explicitly_defined_sequences] that do not point to any target, or perhaps point to multiple targets.  Maybe you typed an @xml:id value wrong, maybe the target of the @xml:id is nonexistent, or maybe you temporarily removed the target from your source, or maybe an auxiliary file contains a duplicate.  Your output will contain some placeholder text that you will not want to distribute to your readers.
INFO    : *              located at: pretext/book/chapter/section/subsection/example/statement/p/ol/li/p/solution/p/xref
INFO    : *              located within: "exam_sq_dom8" (xml:id), "Counting squares and dominoes tilings of a 1 \times 8 board" (title)
INFO    : successful application of /tmp/ptxcli_nz5lrr0_/cli_xsl/custom-html.xsl
INFO    : Removing temporary directory /tmp/ptx-8xqd9vlw
INFO    : Removing temporary directory /tmp/ptx-okt1od7_
INFO    : 
Finished build for target web. Run `pretext view web` to see the results.

CRITICAL: There were errors during the build.  See above.
INFO    : ------------------------
CRITICAL: Failed to build without errors.  Exiting...
INFO    : 
----------------------------------------------------
INFO    : While running pretext, the following errors occurred:

INFO    : (see log messages above or in the 'logs' folder for more information)
INFO    : ----------------------------------------------------
