WARNING : Using CLI version 2.43.2 but project's `requirements.txt`
WARNING : is configured to use 2.43.1. Consider either installing
WARNING : CLI version 2.43.1 or running `pretext update-project`
WARNING : to update `requirements.txt` and other managed files to match 2.43.2.
INFO    : Building target web
INFO    : XSL conversion of /workspaces/activediscreteTEST0312826/Doree-main/source/main.ptx by /home/codespace/.ptx/2.43.2/core/xsl/utilities/pretext-enhanced-source.xsl
INFO    : successful application of /home/codespace/.ptx/2.43.2/core/xsl/utilities/pretext-enhanced-source.xsl
WARNING : Schema validation could not be completed: no validator was available (jing is not installed and lxml could not compile the schema). Continuing with build.
INFO    : Generating any needed assets.
WARNING : Now generating latex images
INFO    : converting latex-image pictures from /workspaces/activediscreteTEST0312826/Doree-main/source/main.ptx to svg graphics for placement in /workspaces/activediscreteTEST0312826/Doree-main/generated-assets/latex-image
INFO    : extracting latex-image pictures from /workspaces/activediscreteTEST0312826/Doree-main/source/main.ptx
INFO    : string parameters passed to extraction stylesheet: {'cli.version': '2.43', 'publisher': '/workspaces/activediscreteTEST0312826/Doree-main/source/publication.xml'}
INFO    : discovering source file's directory name: /workspaces/activediscreteTEST0312826/Doree-main/source
INFO    : verifying and expanding input directory: /workspaces/activediscreteTEST0312826/Doree-main/source/../generated-assets
INFO    : input directory expanded to absolute path: /workspaces/activediscreteTEST0312826/Doree-main/generated-assets
INFO    : verifying and expanding input directory: /workspaces/activediscreteTEST0312826/Doree-main/source/../assets
INFO    : input directory expanded to absolute path: /workspaces/activediscreteTEST0312826/Doree-main/assets
INFO    : discovering source file's directory name: /workspaces/activediscreteTEST0312826/Doree-main/source
INFO    : XSL conversion of /workspaces/activediscreteTEST0312826/Doree-main/source/main.ptx by /home/codespace/.ptx/2.43.2/core/xsl/extract-latex-image.xsl
INFO    : successful application of /home/codespace/.ptx/2.43.2/core/xsl/extract-latex-image.xsl
INFO    : converting fig_finite_functions-2.tex to fig_finite_functions-2.pdf
INFO    : cropping fig_finite_functions-2.pdf to cropped-fig_finite_functions-2.pdf
INFO    : renaming cropped-fig_finite_functions-2.pdf to fig_finite_functions-2.pdf
INFO    : converting fig_finite_functions-2.pdf to fig_finite_functions-2.svg
INFO    : converting fig_venn_diff-2.tex to fig_venn_diff-2.pdf
INFO    : cropping fig_venn_diff-2.pdf to cropped-fig_venn_diff-2.pdf
INFO    : renaming cropped-fig_venn_diff-2.pdf to fig_venn_diff-2.pdf
INFO    : converting fig_venn_diff-2.pdf to fig_venn_diff-2.svg
INFO    : converting fig_part_sums_geometric-2.tex to fig_part_sums_geometric-2.pdf
INFO    : cropping fig_part_sums_geometric-2.pdf to cropped-fig_part_sums_geometric-2.pdf
INFO    : renaming cropped-fig_part_sums_geometric-2.pdf to fig_part_sums_geometric-2.pdf
INFO    : converting fig_part_sums_geometric-2.pdf to fig_part_sums_geometric-2.svg
INFO    : converting fig_venn_3sets_specific-2.tex to fig_venn_3sets_specific-2.pdf
INFO    : cropping fig_venn_3sets_specific-2.pdf to cropped-fig_venn_3sets_specific-2.pdf
INFO    : renaming cropped-fig_venn_3sets_specific-2.pdf to fig_venn_3sets_specific-2.pdf
INFO    : converting fig_venn_3sets_specific-2.pdf to fig_venn_3sets_specific-2.svg
INFO    : converting fig_chessboard_hms-2.tex to fig_chessboard_hms-2.pdf
INFO    : cropping fig_chessboard_hms-2.pdf to cropped-fig_chessboard_hms-2.pdf
INFO    : renaming cropped-fig_chessboard_hms-2.pdf to fig_chessboard_hms-2.pdf
INFO    : converting fig_chessboard_hms-2.pdf to fig_chessboard_hms-2.svg
INFO    : converting fig_number_line_floor-2.tex to fig_number_line_floor-2.pdf
INFO    : cropping fig_number_line_floor-2.pdf to cropped-fig_number_line_floor-2.pdf
INFO    : renaming cropped-fig_number_line_floor-2.pdf to fig_number_line_floor-2.pdf
INFO    : converting fig_number_line_floor-2.pdf to fig_number_line_floor-2.svg
INFO    : converting fig_shift_1right_not_pair_naturals-2.tex to fig_shift_1right_not_pair_naturals-2.pdf
INFO    : cropping fig_shift_1right_not_pair_naturals-2.pdf to cropped-fig_shift_1right_not_pair_naturals-2.pdf
INFO    : renaming cropped-fig_shift_1right_not_pair_naturals-2.pdf to fig_shift_1right_not_pair_naturals-2.pdf
INFO    : converting fig_shift_1right_not_pair_naturals-2.pdf to fig_shift_1right_not_pair_naturals-2.svg
INFO    : converting fig_reln_01_quick-2.tex to fig_reln_01_quick-2.pdf
INFO    : cropping fig_reln_01_quick-2.pdf to cropped-fig_reln_01_quick-2.pdf
INFO    : renaming cropped-fig_reln_01_quick-2.pdf to fig_reln_01_quick-2.pdf
INFO    : converting fig_reln_01_quick-2.pdf to fig_reln_01_quick-2.svg
INFO    : converting fig_part_sums_fib-2.tex to fig_part_sums_fib-2.pdf
INFO    : cropping fig_part_sums_fib-2.pdf to cropped-fig_part_sums_fib-2.pdf
INFO    : renaming cropped-fig_part_sums_fib-2.pdf to fig_part_sums_fib-2.pdf
INFO    : converting fig_part_sums_fib-2.pdf to fig_part_sums_fib-2.svg
INFO    : converting fig_venn_3sets-2.tex to fig_venn_3sets-2.pdf
INFO    : cropping fig_venn_3sets-2.pdf to cropped-fig_venn_3sets-2.pdf
INFO    : renaming cropped-fig_venn_3sets-2.pdf to fig_venn_3sets-2.pdf
INFO    : converting fig_venn_3sets-2.pdf to fig_venn_3sets-2.svg
INFO    : converting fig_part_sums_constant-2.tex to fig_part_sums_constant-2.pdf
INFO    : cropping fig_part_sums_constant-2.pdf to cropped-fig_part_sums_constant-2.pdf
INFO    : renaming cropped-fig_part_sums_constant-2.pdf to fig_part_sums_constant-2.pdf
INFO    : converting fig_part_sums_constant-2.pdf to fig_part_sums_constant-2.svg
INFO    : converting fig_directed_graph_three_relations-2.tex to fig_directed_graph_three_relations-2.pdf
INFO    : cropping fig_directed_graph_three_relations-2.pdf to cropped-fig_directed_graph_three_relations-2.pdf
INFO    : renaming cropped-fig_directed_graph_three_relations-2.pdf to fig_directed_graph_three_relations-2.pdf
INFO    : converting fig_directed_graph_three_relations-2.pdf to fig_directed_graph_three_relations-2.svg
INFO    : converting fig_tau_sq-2.tex to fig_tau_sq-2.pdf
INFO    : cropping fig_tau_sq-2.pdf to cropped-fig_tau_sq-2.pdf
INFO    : renaming cropped-fig_tau_sq-2.pdf to fig_tau_sq-2.pdf
INFO    : converting fig_tau_sq-2.pdf to fig_tau_sq-2.svg
INFO    : converting fig_perm_id-2.tex to fig_perm_id-2.pdf
INFO    : cropping fig_perm_id-2.pdf to cropped-fig_perm_id-2.pdf
INFO    : renaming cropped-fig_perm_id-2.pdf to fig_perm_id-2.pdf
INFO    : converting fig_perm_id-2.pdf to fig_perm_id-2.svg
INFO    : converting fig_part_product_linear-2.tex to fig_part_product_linear-2.pdf
INFO    : cropping fig_part_product_linear-2.pdf to cropped-fig_part_product_linear-2.pdf
INFO    : renaming cropped-fig_part_product_linear-2.pdf to fig_part_product_linear-2.pdf
INFO    : converting fig_part_product_linear-2.pdf to fig_part_product_linear-2.svg
INFO    : converting fig_cart_prod_as_points-2.tex to fig_cart_prod_as_points-2.pdf
INFO    : cropping fig_cart_prod_as_points-2.pdf to cropped-fig_cart_prod_as_points-2.pdf
INFO    : renaming cropped-fig_cart_prod_as_points-2.pdf to fig_cart_prod_as_points-2.pdf
INFO    : converting fig_cart_prod_as_points-2.pdf to fig_cart_prod_as_points-2.svg
INFO    : converting fig_equiv_rel_12345-2.tex to fig_equiv_rel_12345-2.pdf
INFO    : cropping fig_equiv_rel_12345-2.pdf to cropped-fig_equiv_rel_12345-2.pdf
INFO    : renaming cropped-fig_equiv_rel_12345-2.pdf to fig_equiv_rel_12345-2.pdf
INFO    : converting fig_equiv_rel_12345-2.pdf to fig_equiv_rel_12345-2.svg
INFO    : converting fig_paths12345_labeled-2.tex to fig_paths12345_labeled-2.pdf
INFO    : cropping fig_paths12345_labeled-2.pdf to cropped-fig_paths12345_labeled-2.pdf
INFO    : renaming cropped-fig_paths12345_labeled-2.pdf to fig_paths12345_labeled-2.pdf
INFO    : converting fig_paths12345_labeled-2.pdf to fig_paths12345_labeled-2.svg
INFO    : converting fig_venn_int_union-2.tex to fig_venn_int_union-2.pdf
INFO    : cropping fig_venn_int_union-2.pdf to cropped-fig_venn_int_union-2.pdf
INFO    : renaming cropped-fig_venn_int_union-2.pdf to fig_venn_int_union-2.pdf
INFO    : converting fig_venn_int_union-2.pdf to fig_venn_int_union-2.svg
INFO    : converting fig_perms_sigma_inv-2.tex to fig_perms_sigma_inv-2.pdf
INFO    : cropping fig_perms_sigma_inv-2.pdf to cropped-fig_perms_sigma_inv-2.pdf
INFO    : renaming cropped-fig_perms_sigma_inv-2.pdf to fig_perms_sigma_inv-2.pdf
INFO    : converting fig_perms_sigma_inv-2.pdf to fig_perms_sigma_inv-2.svg
INFO    : converting fig_shortcuts_barbells-2.tex to fig_shortcuts_barbells-2.pdf
ERROR   : LaTeX compilation of fig_shortcuts_barbells-2.tex failed.
Re-run, requesting "source" as the format, to analyze the image.
Likely creating the entire document as PDF will fail similarly.
The transcript of the LaTeX run follows.
WARNING : LaTeX compilation of fig_shortcuts_barbells-2.tex failed
INFO    : converting figure_rec_trees_first_four-2.tex to figure_rec_trees_first_four-2.pdf
INFO    : cropping figure_rec_trees_first_four-2.pdf to cropped-figure_rec_trees_first_four-2.pdf
INFO    : renaming cropped-figure_rec_trees_first_four-2.pdf to figure_rec_trees_first_four-2.pdf
INFO    : converting figure_rec_trees_first_four-2.pdf to figure_rec_trees_first_four-2.svg
INFO    : converting fig_part_sums_linear-2.tex to fig_part_sums_linear-2.pdf
INFO    : cropping fig_part_sums_linear-2.pdf to cropped-fig_part_sums_linear-2.pdf
INFO    : renaming cropped-fig_part_sums_linear-2.pdf to fig_part_sums_linear-2.pdf
INFO    : converting fig_part_sums_linear-2.pdf to fig_part_sums_linear-2.svg
INFO    : converting fig_rec_trees_labeled-2.tex to fig_rec_trees_labeled-2.pdf
INFO    : cropping fig_rec_trees_labeled-2.pdf to cropped-fig_rec_trees_labeled-2.pdf
INFO    : renaming cropped-fig_rec_trees_labeled-2.pdf to fig_rec_trees_labeled-2.pdf
INFO    : converting fig_rec_trees_labeled-2.pdf to fig_rec_trees_labeled-2.svg
INFO    : converting fig_graph_setbuilder-2.tex to fig_graph_setbuilder-2.pdf
INFO    : cropping fig_graph_setbuilder-2.pdf to cropped-fig_graph_setbuilder-2.pdf
INFO    : renaming cropped-fig_graph_setbuilder-2.pdf to fig_graph_setbuilder-2.pdf
INFO    : converting fig_graph_setbuilder-2.pdf to fig_graph_setbuilder-2.svg
INFO    : converting fig_function_finite-2.tex to fig_function_finite-2.pdf
INFO    : cropping fig_function_finite-2.pdf to cropped-fig_function_finite-2.pdf
INFO    : renaming cropped-fig_function_finite-2.pdf to fig_function_finite-2.pdf
INFO    : converting fig_function_finite-2.pdf to fig_function_finite-2.svg
INFO    : converting fig_finite_is_function-2.tex to fig_finite_is_function-2.pdf
INFO    : cropping fig_finite_is_function-2.pdf to cropped-fig_finite_is_function-2.pdf
INFO    : renaming cropped-fig_finite_is_function-2.pdf to fig_finite_is_function-2.pdf
INFO    : converting fig_finite_is_function-2.pdf to fig_finite_is_function-2.svg
INFO    : converting figure_rec_trees_defn-2.tex to figure_rec_trees_defn-2.pdf
INFO    : cropping figure_rec_trees_defn-2.pdf to cropped-figure_rec_trees_defn-2.pdf
INFO    : renaming cropped-figure_rec_trees_defn-2.pdf to figure_rec_trees_defn-2.pdf
INFO    : converting figure_rec_trees_defn-2.pdf to figure_rec_trees_defn-2.svg
INFO    : converting fig_sigma_sq-2.tex to fig_sigma_sq-2.pdf
INFO    : cropping fig_sigma_sq-2.pdf to cropped-fig_sigma_sq-2.pdf
INFO    : renaming cropped-fig_sigma_sq-2.pdf to fig_sigma_sq-2.pdf
INFO    : converting fig_sigma_sq-2.pdf to fig_sigma_sq-2.svg
INFO    : converting fig_tree_proper_bs3-2.tex to fig_tree_proper_bs3-2.pdf
INFO    : cropping fig_tree_proper_bs3-2.pdf to cropped-fig_tree_proper_bs3-2.pdf
INFO    : renaming cropped-fig_tree_proper_bs3-2.pdf to fig_tree_proper_bs3-2.pdf
INFO    : converting fig_tree_proper_bs3-2.pdf to fig_tree_proper_bs3-2.svg
INFO    : converting fig_arith_triangle_recursion-2.tex to fig_arith_triangle_recursion-2.pdf
INFO    : cropping fig_arith_triangle_recursion-2.pdf to cropped-fig_arith_triangle_recursion-2.pdf
INFO    : renaming cropped-fig_arith_triangle_recursion-2.pdf to fig_arith_triangle_recursion-2.pdf
INFO    : converting fig_arith_triangle_recursion-2.pdf to fig_arith_triangle_recursion-2.svg
INFO    : converting fig_subset_corral_again-2.tex to fig_subset_corral_again-2.pdf
INFO    : cropping fig_subset_corral_again-2.pdf to cropped-fig_subset_corral_again-2.pdf
INFO    : renaming cropped-fig_subset_corral_again-2.pdf to fig_subset_corral_again-2.pdf
INFO    : converting fig_subset_corral_again-2.pdf to fig_subset_corral_again-2.svg
INFO    : converting fig_part_products_constant-2.tex to fig_part_products_constant-2.pdf
INFO    : cropping fig_part_products_constant-2.pdf to cropped-fig_part_products_constant-2.pdf
INFO    : renaming cropped-fig_part_products_constant-2.pdf to fig_part_products_constant-2.pdf
INFO    : converting fig_part_products_constant-2.pdf to fig_part_products_constant-2.svg
INFO    : converting fig_nonid_pair_naturals-2.tex to fig_nonid_pair_naturals-2.pdf
INFO    : cropping fig_nonid_pair_naturals-2.pdf to cropped-fig_nonid_pair_naturals-2.pdf
INFO    : renaming cropped-fig_nonid_pair_naturals-2.pdf to fig_nonid_pair_naturals-2.pdf
INFO    : converting fig_nonid_pair_naturals-2.pdf to fig_nonid_pair_naturals-2.svg
INFO    : converting fig_not_pairing_floorofhalf-2.tex to fig_not_pairing_floorofhalf-2.pdf
INFO    : cropping fig_not_pairing_floorofhalf-2.pdf to cropped-fig_not_pairing_floorofhalf-2.pdf
INFO    : renaming cropped-fig_not_pairing_floorofhalf-2.pdf to fig_not_pairing_floorofhalf-2.pdf
INFO    : converting fig_not_pairing_floorofhalf-2.pdf to fig_not_pairing_floorofhalf-2.svg
INFO    : converting fig_two_deg3-2.tex to fig_two_deg3-2.pdf
INFO    : cropping fig_two_deg3-2.pdf to cropped-fig_two_deg3-2.pdf
INFO    : renaming cropped-fig_two_deg3-2.pdf to fig_two_deg3-2.pdf
INFO    : converting fig_two_deg3-2.pdf to fig_two_deg3-2.svg
INFO    : converting fig_elephant_quants-2.tex to fig_elephant_quants-2.pdf
INFO    : cropping fig_elephant_quants-2.pdf to cropped-fig_elephant_quants-2.pdf
INFO    : renaming cropped-fig_elephant_quants-2.pdf to fig_elephant_quants-2.pdf
INFO    : converting fig_elephant_quants-2.pdf to fig_elephant_quants-2.svg
INFO    : converting fig_finite_not_function-2.tex to fig_finite_not_function-2.pdf
INFO    : cropping fig_finite_not_function-2.pdf to cropped-fig_finite_not_function-2.pdf
INFO    : renaming cropped-fig_finite_not_function-2.pdf to fig_finite_not_function-2.pdf
INFO    : converting fig_finite_not_function-2.pdf to fig_finite_not_function-2.svg
INFO    : converting fig_answer_exer_domain_codomain_finite-2.tex to fig_answer_exer_domain_codomain_finite-2.pdf
INFO    : cropping fig_answer_exer_domain_codomain_finite-2.pdf to cropped-fig_answer_exer_domain_codomain_finite-2.pdf
INFO    : renaming cropped-fig_answer_exer_domain_codomain_finite-2.pdf to fig_answer_exer_domain_codomain_finite-2.pdf
INFO    : converting fig_answer_exer_domain_codomain_finite-2.pdf to fig_answer_exer_domain_codomain_finite-2.svg
INFO    : converting fig_TandV-2.tex to fig_TandV-2.pdf
INFO    : cropping fig_TandV-2.pdf to cropped-fig_TandV-2.pdf
INFO    : renaming cropped-fig_TandV-2.pdf to fig_TandV-2.pdf
INFO    : converting fig_TandV-2.pdf to fig_TandV-2.svg
INFO    : converting fig_dot_diagram_shift_left1-2.tex to fig_dot_diagram_shift_left1-2.pdf
INFO    : cropping fig_dot_diagram_shift_left1-2.pdf to cropped-fig_dot_diagram_shift_left1-2.pdf
INFO    : renaming cropped-fig_dot_diagram_shift_left1-2.pdf to fig_dot_diagram_shift_left1-2.pdf
INFO    : converting fig_dot_diagram_shift_left1-2.pdf to fig_dot_diagram_shift_left1-2.svg
INFO    : converting fig_bridges-2.tex to fig_bridges-2.pdf
ERROR   : LaTeX compilation of fig_bridges-2.tex failed.
Re-run, requesting "source" as the format, to analyze the image.
Likely creating the entire document as PDF will fail similarly.
The transcript of the LaTeX run follows.
WARNING : LaTeX compilation of fig_bridges-2.tex failed
INFO    : converting fig_pairing_int_evens-2.tex to fig_pairing_int_evens-2.pdf
INFO    : cropping fig_pairing_int_evens-2.pdf to cropped-fig_pairing_int_evens-2.pdf
INFO    : renaming cropped-fig_pairing_int_evens-2.pdf to fig_pairing_int_evens-2.pdf
INFO    : converting fig_pairing_int_evens-2.pdf to fig_pairing_int_evens-2.svg
INFO    : converting fig_finite_fn_act-2.tex to fig_finite_fn_act-2.pdf
INFO    : cropping fig_finite_fn_act-2.pdf to cropped-fig_finite_fn_act-2.pdf
INFO    : renaming cropped-fig_finite_fn_act-2.pdf to fig_finite_fn_act-2.pdf
INFO    : converting fig_finite_fn_act-2.pdf to fig_finite_fn_act-2.svg
INFO    : converting fig_perm_sigma-2.tex to fig_perm_sigma-2.pdf
INFO    : cropping fig_perm_sigma-2.pdf to cropped-fig_perm_sigma-2.pdf
INFO    : renaming cropped-fig_perm_sigma-2.pdf to fig_perm_sigma-2.pdf
INFO    : converting fig_perm_sigma-2.pdf to fig_perm_sigma-2.svg
INFO    : converting fig_hockey_stick-2.tex to fig_hockey_stick-2.pdf
INFO    : cropping fig_hockey_stick-2.pdf to cropped-fig_hockey_stick-2.pdf
INFO    : renaming cropped-fig_hockey_stick-2.pdf to fig_hockey_stick-2.pdf
INFO    : converting fig_hockey_stick-2.pdf to fig_hockey_stick-2.svg
INFO    : converting fig_rel_finite_ppty-2.tex to fig_rel_finite_ppty-2.pdf
INFO    : cropping fig_rel_finite_ppty-2.pdf to cropped-fig_rel_finite_ppty-2.pdf
INFO    : renaming cropped-fig_rel_finite_ppty-2.pdf to fig_rel_finite_ppty-2.pdf
INFO    : converting fig_rel_finite_ppty-2.pdf to fig_rel_finite_ppty-2.svg
INFO    : converting fig_tree_proper_bs5-2.tex to fig_tree_proper_bs5-2.pdf
INFO    : cropping fig_tree_proper_bs5-2.pdf to cropped-fig_tree_proper_bs5-2.pdf
INFO    : renaming cropped-fig_tree_proper_bs5-2.pdf to fig_tree_proper_bs5-2.pdf
INFO    : converting fig_tree_proper_bs5-2.pdf to fig_tree_proper_bs5-2.svg
INFO    : converting fig_state_graph_5coins-2.tex to fig_state_graph_5coins-2.pdf
INFO    : cropping fig_state_graph_5coins-2.pdf to cropped-fig_state_graph_5coins-2.pdf
INFO    : renaming cropped-fig_state_graph_5coins-2.pdf to fig_state_graph_5coins-2.pdf
INFO    : converting fig_state_graph_5coins-2.pdf to fig_state_graph_5coins-2.svg
INFO    : converting figure_factoring120-2.tex to figure_factoring120-2.pdf
ERROR   : LaTeX compilation of figure_factoring120-2.tex failed.
Re-run, requesting "source" as the format, to analyze the image.
Likely creating the entire document as PDF will fail similarly.
The transcript of the LaTeX run follows.
WARNING : LaTeX compilation of figure_factoring120-2.tex failed
INFO    : converting figure_path_graphs_recursive-2.tex to figure_path_graphs_recursive-2.pdf
INFO    : cropping figure_path_graphs_recursive-2.pdf to cropped-figure_path_graphs_recursive-2.pdf
INFO    : renaming cropped-figure_path_graphs_recursive-2.pdf to figure_path_graphs_recursive-2.pdf
INFO    : converting figure_path_graphs_recursive-2.pdf to figure_path_graphs_recursive-2.svg
INFO    : converting fig_relation_finite_dot_diagram-2.tex to fig_relation_finite_dot_diagram-2.pdf
INFO    : cropping fig_relation_finite_dot_diagram-2.pdf to cropped-fig_relation_finite_dot_diagram-2.pdf
INFO    : renaming cropped-fig_relation_finite_dot_diagram-2.pdf to fig_relation_finite_dot_diagram-2.pdf
INFO    : converting fig_relation_finite_dot_diagram-2.pdf to fig_relation_finite_dot_diagram-2.svg
INFO    : converting fig_four_real_fns-2.tex to fig_four_real_fns-2.pdf
ERROR   : LaTeX compilation of fig_four_real_fns-2.tex failed.
Re-run, requesting "source" as the format, to analyze the image.
Likely creating the entire document as PDF will fail similarly.
The transcript of the LaTeX run follows.
WARNING : LaTeX compilation of fig_four_real_fns-2.tex failed
INFO    : converting fig_digraph_relon123456-2.tex to fig_digraph_relon123456-2.pdf
INFO    : cropping fig_digraph_relon123456-2.pdf to cropped-fig_digraph_relon123456-2.pdf
INFO    : renaming cropped-fig_digraph_relon123456-2.pdf to fig_digraph_relon123456-2.pdf
INFO    : converting fig_digraph_relon123456-2.pdf to fig_digraph_relon123456-2.svg
INFO    : converting fig_tau_of_sigma-2.tex to fig_tau_of_sigma-2.pdf
INFO    : cropping fig_tau_of_sigma-2.pdf to cropped-fig_tau_of_sigma-2.pdf
INFO    : renaming cropped-fig_tau_of_sigma-2.pdf to fig_tau_of_sigma-2.pdf
INFO    : converting fig_tau_of_sigma-2.pdf to fig_tau_of_sigma-2.svg
INFO    : converting fig_digraph_rel_infinite-2.tex to fig_digraph_rel_infinite-2.pdf
INFO    : cropping fig_digraph_rel_infinite-2.pdf to cropped-fig_digraph_rel_infinite-2.pdf
INFO    : renaming cropped-fig_digraph_rel_infinite-2.pdf to fig_digraph_rel_infinite-2.pdf
INFO    : converting fig_digraph_rel_infinite-2.pdf to fig_digraph_rel_infinite-2.svg
INFO    : converting fig_tau1_sigma1_perms-2.tex to fig_tau1_sigma1_perms-2.pdf
INFO    : cropping fig_tau1_sigma1_perms-2.pdf to cropped-fig_tau1_sigma1_perms-2.pdf
INFO    : renaming cropped-fig_tau1_sigma1_perms-2.pdf to fig_tau1_sigma1_perms-2.pdf
INFO    : converting fig_tau1_sigma1_perms-2.pdf to fig_tau1_sigma1_perms-2.svg
INFO    : converting fig_all_odd_degree-2.tex to fig_all_odd_degree-2.pdf
INFO    : cropping fig_all_odd_degree-2.pdf to cropped-fig_all_odd_degree-2.pdf
INFO    : renaming cropped-fig_all_odd_degree-2.pdf to fig_all_odd_degree-2.pdf
INFO    : converting fig_all_odd_degree-2.pdf to fig_all_odd_degree-2.svg
INFO    : converting fig_venn_complement-2.tex to fig_venn_complement-2.pdf
INFO    : cropping fig_venn_complement-2.pdf to cropped-fig_venn_complement-2.pdf
INFO    : renaming cropped-fig_venn_complement-2.pdf to fig_venn_complement-2.pdf
INFO    : converting fig_venn_complement-2.pdf to fig_venn_complement-2.svg
INFO    : converting fig_sigma_of_tau-2.tex to fig_sigma_of_tau-2.pdf
INFO    : cropping fig_sigma_of_tau-2.pdf to cropped-fig_sigma_of_tau-2.pdf
INFO    : renaming cropped-fig_sigma_of_tau-2.pdf to fig_sigma_of_tau-2.pdf
INFO    : converting fig_sigma_of_tau-2.pdf to fig_sigma_of_tau-2.svg
INFO    : converting fig_answer_exer_domain_codomain_finite2-2.tex to fig_answer_exer_domain_codomain_finite2-2.pdf
INFO    : cropping fig_answer_exer_domain_codomain_finite2-2.pdf to cropped-fig_answer_exer_domain_codomain_finite2-2.pdf
INFO    : renaming cropped-fig_answer_exer_domain_codomain_finite2-2.pdf to fig_answer_exer_domain_codomain_finite2-2.pdf
INFO    : converting fig_answer_exer_domain_codomain_finite2-2.pdf to fig_answer_exer_domain_codomain_finite2-2.svg
INFO    : converting fig_tree_for_fn_exer-2.tex to fig_tree_for_fn_exer-2.pdf
INFO    : cropping fig_tree_for_fn_exer-2.pdf to cropped-fig_tree_for_fn_exer-2.pdf
INFO    : renaming cropped-fig_tree_for_fn_exer-2.pdf to fig_tree_for_fn_exer-2.pdf
INFO    : converting fig_tree_for_fn_exer-2.pdf to fig_tree_for_fn_exer-2.svg
INFO    : converting fig_venn_specific-2.tex to fig_venn_specific-2.pdf
INFO    : cropping fig_venn_specific-2.pdf to cropped-fig_venn_specific-2.pdf
INFO    : renaming cropped-fig_venn_specific-2.pdf to fig_venn_specific-2.pdf
INFO    : converting fig_venn_specific-2.pdf to fig_venn_specific-2.svg
INFO    : converting fig_number_line_ceiling-2.tex to fig_number_line_ceiling-2.pdf
INFO    : cropping fig_number_line_ceiling-2.pdf to cropped-fig_number_line_ceiling-2.pdf
INFO    : renaming cropped-fig_number_line_ceiling-2.pdf to fig_number_line_ceiling-2.pdf
INFO    : converting fig_number_line_ceiling-2.pdf to fig_number_line_ceiling-2.svg
ERROR   : Unable to generate some latex-image assets:
 LaTeX compilation failed for 4 "latex-image"(s).
Review the log for error messages, and LaTeX transcripts.
Images are:
  fig_shortcuts_barbells-2.tex
  fig_bridges-2.tex
  figure_factoring120-2.tex
  fig_four_real_fns-2.tex
INFO    : Removing temporary directory /tmp/ptx-wake_k5q
INFO    : Finished generating assets.

INFO    : Preparing to build into /workspaces/activediscreteTEST0312826/Doree-main/source/build/web.
INFO    : discovering source file's directory name: /workspaces/activediscreteTEST0312826/Doree-main/source
INFO    : verifying and expanding input directory: /workspaces/activediscreteTEST0312826/Doree-main/source/../generated-assets
INFO    : input directory expanded to absolute path: /workspaces/activediscreteTEST0312826/Doree-main/generated-assets
INFO    : verifying and expanding input directory: /workspaces/activediscreteTEST0312826/Doree-main/source/../assets
INFO    : input directory expanded to absolute path: /workspaces/activediscreteTEST0312826/Doree-main/assets
INFO    : discovering source file's directory name: /workspaces/activediscreteTEST0312826/Doree-main/source
INFO    : XSL conversion of /workspaces/activediscreteTEST0312826/Doree-main/source/main.ptx by /home/codespace/.ptx/2.43.2/core/xsl/utilities/report-publisher-variables.xsl
INFO    : successful application of /home/codespace/.ptx/2.43.2/core/xsl/utilities/report-publisher-variables.xsl
INFO    : Downloading rs services file from https://runestone.academy/cdn/runestone/latest/webpack_static_imports.xml.
INFO    : Runestone Services via online CDN query: version 8.1.11
INFO    : Downloading Runestone Services, version 8.1.11
INFO    : Extracting Runestone Services from archive file
INFO    : Building custom css theme: theme-default-modern
INFO    : converting /workspaces/activediscreteTEST0312826/Doree-main/source/main.ptx to HTML in /tmp/ptx-_tumb7p_
INFO    : XSL conversion of /workspaces/activediscreteTEST0312826/Doree-main/source/main.ptx by /home/codespace/.ptx/2.43.2/core/xsl/pretext-html.xsl
INFO    : messages from the log for XSL processing:
WARNING : * PTX:WARNING:    An <xref> wants to build text using a number to identify the target, but the target (which has @xml:id "exer_not_last_winning_position") does not have a number. You could try 'text="title"' or 'text="custom"' on the "xref".
INFO    : *              located at: pretext/book/chapter/section/subsection/subsubsection/title/xref
INFO    : *              located within: " Select Answers and Hints" (title)
WARNING : * PTX:WARNING:    An <xref> wants to build text using a number to identify the target, but the target (which has @xml:id "exer_not_last_conj") does not have a number. You could try 'text="title"' or 'text="custom"' on the "xref".
INFO    : *              located at: pretext/book/chapter/section/subsection/subsubsection/title/xref
INFO    : *              located within: " Select Answers and Hints" (title)
WARNING : * PTX:WARNING:    An <xref> wants to build text using a number to identify the target, but the target (which has @xml:id "exer_diagram_partition") does not have a number. You could try 'text="title"' or 'text="custom"' on the "xref".
INFO    : *              located at: pretext/book/chapter/section/subsection/subsubsection/title/xref
INFO    : *              located within: " Select Answers and Hints" (title)
WARNING : * PTX:WARNING:    An <xref> wants to build text using a number to identify the target, but the target (which has @xml:id "exer_even_selfconj_examples") does not have a number. You could try 'text="title"' or 'text="custom"' on the "xref".
INFO    : *              located at: pretext/book/chapter/section/subsection/subsubsection/title/xref
INFO    : *              located within: " Select Answers and Hints" (title)
WARNING : * PTX:WARNING:    An <xref> wants to build text using a number to identify the target, but the target (which has @xml:id "exer_even_selfconj_always") does not have a number. You could try 'text="title"' or 'text="custom"' on the "xref".
INFO    : *              located at: pretext/book/chapter/section/subsection/subsubsection/title/xref
INFO    : *              located within: " Select Answers and Hints" (title)
WARNING : * PTX:WARNING:    An <xref> wants to build text using a number to identify the target, but the target (which has @xml:id "exer_fact_rep_largest_upto6_") does not have a number. You could try 'text="title"' or 'text="custom"' on the "xref".
INFO    : *              located at: pretext/book/chapter/section/subsection/subsubsection/title/xref
INFO    : *              located within: " Select Answers and Hints" (title)
WARNING : * PTX:WARNING:    An <xref> wants to build text using a number to identify the target, but the target (which has @xml:id "exer_larger_fact_rep") does not have a number. You could try 'text="title"' or 'text="custom"' on the "xref".
INFO    : *              located at: pretext/book/chapter/section/subsection/subsubsection/title/xref
INFO    : *              located within: " Select Answers and Hints" (title)
WARNING : * PTX:WARNING:    An <xref> wants to build text using a number to identify the target, but the target (which has @xml:id "exer_fact_rep_divisibility") does not have a number. You could try 'text="title"' or 'text="custom"' on the "xref".
INFO    : *              located at: pretext/book/chapter/section/subsection/subsubsection/title/xref
INFO    : *              located within: " Select Answers and Hints" (title)
WARNING : * PTX:WARNING:    An <xref> wants to build text using a number to identify the target, but the target (which has @xml:id "exer_fact_rep_alg_example") does not have a number. You could try 'text="title"' or 'text="custom"' on the "xref".
INFO    : *              located at: pretext/book/chapter/section/subsection/subsubsection/title/xref
INFO    : *              located within: " Select Answers and Hints" (title)
WARNING : * PTX:WARNING: There are apparent XML elements in locations that should be text only (1 times).
WARNING : * PTX:WARNING: There is an apparent XML element (<ndash>) inside an <c> element, which should only contain text.  Using an escaped "less than" ('&lt;') might be the solution, or using a CDATA section.
INFO    : *              located at: pretext/book/chapter/section/subsection/subsubsection/exercise/statement/p/c/ndash
INFO    : *              located within: "exer_bal_ternary_strings" (xml:id), "\exerE" (title)
INFO    : * PTX:INFO:   checking all deprecated elements.
WARNING : * PTX:DEPRECATE: (2024-10-08) elements previously included in a "titlepage" element inside the "frontmatter" (author, editor, credit, date, and event) should now be placed in "frontmatter/bibinfo".  To ensure a title page is created, put only the empty element "titlepage-items" inside "titlepage".  Until you move these elements, we will try to honor your intent. (1 time)
INFO    : *              located at: pretext/book/frontmatter/titlepage
INFO    : *              located within: "Active Discrete Mathematics: Patterns, Structures, and Proof" (title)
INFO    : * --------------
WARNING : * PTX:DEPRECATE: (2026-05-11) the "me" and "men" elements have been deprecated.  The replacement is an "md" with no "mrow" children, and numbering is controlled by the "@number" attribute, or a global setting in "docinfo". (840 times)
INFO    : *              located at: pretext/book/chapter/activity/p/ol/li/p/me
INFO    : *              located within: "act_handshakes" (xml:id), "Handshakes puzzle" (title)
INFO    : *              located at: pretext/book/chapter/example/solution/p/me
INFO    : *              located within: "exam_hs6" (xml:id), "Six students shake hands" (title)
INFO    : *              located at: pretext/book/chapter/example/solution/p/me
INFO    : *              located within: "exam_hs6" (xml:id), "Six students shake hands" (title)
INFO    : *              located at: pretext/book/chapter/example/solution/p/me
INFO    : *              located within: "exam_hs6" (xml:id), "Six students shake hands" (title)
INFO    : *              located at: pretext/book/chapter/p/me
INFO    : *              located within: "ch_prologue" (xml:id), "Prologue: Handshakes" (title)
INFO    : *              located at: pretext/book/chapter/section/subsection/example/statement/p/ol/li/p/solution/figure/me
INFO    : *              located within: "fig_sq_dom6_start1" (xml:id)
INFO    : *              located at: pretext/book/chapter/section/subsection/example/statement/p/ol/li/p/solution/figure/me
INFO    : *              located within: "fig_sq_dom6_start2" (xml:id)
INFO    : *              located at: pretext/book/chapter/section/subsection/example/statement/p/ol/li/p/solution/p/me
INFO    : *              located within: "exam_sq_dom8" (xml:id), "Counting squares and dominoes tilings of a 1 \times 8 board" (title)
INFO    : * --------------
WARNING : * PTX:WARNING:    An <xref> wants to build text using a number to identify the target, but the target (which has @xml:id "exer_not_last_winning_position") does not have a number. You could try 'text="title"' or 'text="custom"' on the "xref".
INFO    : *              located at: pretext/book/chapter/section/subsection/subsubsection/title/xref
INFO    : *              located within: " Select Answers and Hints" (title)
WARNING : * PTX:WARNING:    An <xref> wants to build text using a number to identify the target, but the target (which has @xml:id "exer_not_last_winning_position") does not have a number. You could try 'text="title"' or 'text="custom"' on the "xref".
INFO    : *              located at: pretext/book/chapter/section/subsection/subsubsection/title/xref
INFO    : *              located within: " Select Answers and Hints" (title)
WARNING : * PTX:WARNING:    An <xref> wants to build text using a number to identify the target, but the target (which has @xml:id "exer_not_last_winning_position") does not have a number. You could try 'text="title"' or 'text="custom"' on the "xref".
INFO    : *              located at: pretext/book/chapter/section/subsection/subsubsection/title/xref
INFO    : *              located within: " Select Answers and Hints" (title)
WARNING : * PTX:WARNING:    An <xref> wants to build text using a number to identify the target, but the target (which has @xml:id "exer_not_last_conj") does not have a number. You could try 'text="title"' or 'text="custom"' on the "xref".
INFO    : *              located at: pretext/book/chapter/section/subsection/subsubsection/title/xref
INFO    : *              located within: " Select Answers and Hints" (title)
WARNING : * PTX:WARNING:    An <xref> wants to build text using a number to identify the target, but the target (which has @xml:id "exer_not_last_conj") does not have a number. You could try 'text="title"' or 'text="custom"' on the "xref".
INFO    : *              located at: pretext/book/chapter/section/subsection/subsubsection/title/xref
INFO    : *              located within: " Select Answers and Hints" (title)
WARNING : * PTX:WARNING:    An <xref> wants to build text using a number to identify the target, but the target (which has @xml:id "exer_not_last_conj") does not have a number. You could try 'text="title"' or 'text="custom"' on the "xref".
INFO    : *              located at: pretext/book/chapter/section/subsection/subsubsection/title/xref
INFO    : *              located within: " Select Answers and Hints" (title)
WARNING : * PTX:WARNING: Unstructured content within a list item is being ignored ("In this textbook we abbreviate true as")
INFO    : *              located at: pretext/book/chapter/section/subsection/definition/statement/p/ol/li
INFO    : *              located within: "defn_and_or_xor" (xml:id), "And, or, and xor" (title)
WARNING : * PTX:WARNING: Unstructured content within a list item is being ignored ("and false as")
INFO    : *              located at: pretext/book/chapter/section/subsection/definition/statement/p/ol/li
INFO    : *              located within: "defn_and_or_xor" (xml:id), "And, or, and xor" (title)
WARNING : * PTX:WARNING: Unstructured content within a list item is being ignored (". Some computer science textbooks use")
INFO    : *              located at: pretext/book/chapter/section/subsection/definition/statement/p/ol/li
INFO    : *              located within: "defn_and_or_xor" (xml:id), "And, or, and xor" (title)
WARNING : * PTX:WARNING: Unstructured content within a list item is being ignored ("for true and")
INFO    : *              located at: pretext/book/chapter/section/subsection/definition/statement/p/ol/li
INFO    : *              located within: "defn_and_or_xor" (xml:id), "And, or, and xor" (title)
WARNING : * PTX:WARNING: Unstructured content within a list item is being ignored ("for false instead.")
INFO    : *              located at: pretext/book/chapter/section/subsection/definition/statement/p/ol/li
INFO    : *              located within: "defn_and_or_xor" (xml:id), "And, or, and xor" (title)
ERROR   : * PTX:ERROR:   a cross-reference ("xref") uses references [pff_and] that do not point to any target, or perhaps point to multiple targets.  Maybe you typed an @xml:id value wrong, maybe the target of the @xml:id is nonexistent, or maybe you temporarily removed the target from your source, or maybe an auxiliary file contains a duplicate.  Your output will contain some placeholder text that you will not want to distribute to your readers.
INFO    : *              located at: pretext/book/chapter/section/subsection/p/xref
INFO    : *              located within: "sub_pff_contra" (xml:id), "\subpffcontra" (title)
ERROR   : * PTX:ERROR:   a cross-reference ("xref") uses references [pff_and] that do not point to any target, or perhaps point to multiple targets.  Maybe you typed an @xml:id value wrong, maybe the target of the @xml:id is nonexistent, or maybe you temporarily removed the target from your source, or maybe an auxiliary file contains a duplicate.  Your output will contain some placeholder text that you will not want to distribute to your readers.
INFO    : *              located at: pretext/book/chapter/section/subsection/subsubsection/exercise/statement/p/xref
INFO    : *              located within: "exer_prove_odd_and_mult3" (xml:id), "\exerP" (title)
ERROR   : * PTX:ERROR:   a cross-reference ("xref") uses references [pff_or_by_cases] that do not point to any target, or perhaps point to multiple targets.  Maybe you typed an @xml:id value wrong, maybe the target of the @xml:id is nonexistent, or maybe you temporarily removed the target from your source, or maybe an auxiliary file contains a duplicate.  Your output will contain some placeholder text that you will not want to distribute to your readers.
INFO    : *              located at: pretext/book/chapter/section/subsection/subsubsection/exercise/statement/p/xref
INFO    : *              located within: "exer_prove_nsqplusn_mod4" (xml:id), "\exerP" (title)
ERROR   : * PTX:ERROR:   a cross-reference ("xref") uses references [pff_and] that do not point to any target, or perhaps point to multiple targets.  Maybe you typed an @xml:id value wrong, maybe the target of the @xml:id is nonexistent, or maybe you temporarily removed the target from your source, or maybe an auxiliary file contains a duplicate.  Your output will contain some placeholder text that you will not want to distribute to your readers.
INFO    : *              located at: pretext/book/chapter/section/subsection/subsubsection/exercise/statement/p/xref
INFO    : *              located within: "exer_prove_odd_and_mult3_general" (xml:id), "\exerU" (title)
ERROR   : * PTX:ERROR:   a cross-reference ("xref") uses references [pff_or_by_cases_generalized] that do not point to any target, or perhaps point to multiple targets.  Maybe you typed an @xml:id value wrong, maybe the target of the @xml:id is nonexistent, or maybe you temporarily removed the target from your source, or maybe an auxiliary file contains a duplicate.  Your output will contain some placeholder text that you will not want to distribute to your readers.
INFO    : *              located at: pretext/book/chapter/section/subsection/subsubsection/exercise/statement/p/xref
INFO    : *              located within: "exer_sq_mod5" (xml:id), "\exerU" (title)
ERROR   : * PTX:ERROR:   a cross-reference ("xref") uses references [pff_contradiction] that do not point to any target, or perhaps point to multiple targets.  Maybe you typed an @xml:id value wrong, maybe the target of the @xml:id is nonexistent, or maybe you temporarily removed the target from your source, or maybe an auxiliary file contains a duplicate.  Your output will contain some placeholder text that you will not want to distribute to your readers.
INFO    : *              located at: pretext/book/chapter/section/subsection/subsubsection/exercise/statement/p/xref
INFO    : *              located within: "exer_prove_not_sum_3digits_equals25" (xml:id), "\exerP" (title)
ERROR   : * PTX:ERROR:   a cross-reference ("xref") uses references [pff_contradiction] that do not point to any target, or perhaps point to multiple targets.  Maybe you typed an @xml:id value wrong, maybe the target of the @xml:id is nonexistent, or maybe you temporarily removed the target from your source, or maybe an auxiliary file contains a duplicate.  Your output will contain some placeholder text that you will not want to distribute to your readers.
INFO    : *              located at: pretext/book/chapter/section/subsection/subsubsection/exercise/statement/p/xref
INFO    : *              located within: "exer_contradiction_coins_in_cups" (xml:id), "\exerP" (title)
ERROR   : * PTX:ERROR:   a cross-reference ("xref") uses references [pff_contradiction] that do not point to any target, or perhaps point to multiple targets.  Maybe you typed an @xml:id value wrong, maybe the target of the @xml:id is nonexistent, or maybe you temporarily removed the target from your source, or maybe an auxiliary file contains a duplicate.  Your output will contain some placeholder text that you will not want to distribute to your readers.
INFO    : *              located at: pretext/book/chapter/section/subsection/subsubsection/exercise/statement/p/xref
INFO    : *              located within: "exer_contradiction_3reg_graph_order7" (xml:id), "\exerP" (title)
ERROR   : * PTX:ERROR:   a cross-reference ("xref") uses references [pff_contradiction] that do not point to any target, or perhaps point to multiple targets.  Maybe you typed an @xml:id value wrong, maybe the target of the @xml:id is nonexistent, or maybe you temporarily removed the target from your source, or maybe an auxiliary file contains a duplicate.  Your output will contain some placeholder text that you will not want to distribute to your readers.
INFO    : *              located at: pretext/book/chapter/section/subsection/subsubsection/exercise/statement/p/ol/li/p/xref
INFO    : *              located within: "exer_prove_bs_length5_three0s_or_three1s" (xml:id), "\exerU" (title)
ERROR   : * PTX:ERROR:   a cross-reference ("xref") uses references [pff_contradiction] that do not point to any target, or perhaps point to multiple targets.  Maybe you typed an @xml:id value wrong, maybe the target of the @xml:id is nonexistent, or maybe you temporarily removed the target from your source, or maybe an auxiliary file contains a duplicate.  Your output will contain some placeholder text that you will not want to distribute to your readers.
INFO    : *              located at: pretext/book/chapter/section/subsection/subsubsection/exercise/statement/p/xref
INFO    : *              located within: "exer_contradiction_coprime" (xml:id), "\exerU" (title)
ERROR   : * PTX:ERROR:   a cross-reference ("xref") uses references [pff_contradiction] that do not point to any target, or perhaps point to multiple targets.  Maybe you typed an @xml:id value wrong, maybe the target of the @xml:id is nonexistent, or maybe you temporarily removed the target from your source, or maybe an auxiliary file contains a duplicate.  Your output will contain some placeholder text that you will not want to distribute to your readers.
INFO    : *              located at: pretext/book/chapter/section/subsection/subsubsection/exercise/statement/p/xref
INFO    : *              located within: "exer_not_both_even_odd" (xml:id), "\exerE" (title)
WARNING : * PTX:WARNING: Unstructured content within a list item is being ignored ("Check that the set of three cards shown in")
INFO    : *              located at: pretext/book/chapter/section/subsection/activity/ol/li
INFO    : *              located within: "act_set_game" (xml:id), "The game SET\texttrademark" (title)
WARNING : * PTX:WARNING: Unstructured content within a list item is being ignored ("is a SET.")
INFO    : *              located at: pretext/book/chapter/section/subsection/activity/ol/li
INFO    : *              located within: "act_set_game" (xml:id), "The game SET\texttrademark" (title)
ERROR   : * PTX:ERROR:   a cross-reference ("xref") uses references [pff_exists] that do not point to any target, or perhaps point to multiple targets.  Maybe you typed an @xml:id value wrong, maybe the target of the @xml:id is nonexistent, or maybe you temporarily removed the target from your source, or maybe an auxiliary file contains a duplicate.  Your output will contain some placeholder text that you will not want to distribute to your readers.
INFO    : *              located at: pretext/book/chapter/section/subsection/p/xref
INFO    : *              located within: "sub_pff_quants" (xml:id), "\subpffquants" (title)
ERROR   : * PTX:ERROR:   a cross-reference ("xref") uses references [pff_exists] that do not point to any target, or perhaps point to multiple targets.  Maybe you typed an @xml:id value wrong, maybe the target of the @xml:id is nonexistent, or maybe you temporarily removed the target from your source, or maybe an auxiliary file contains a duplicate.  Your output will contain some placeholder text that you will not want to distribute to your readers.
INFO    : *              located at: pretext/book/chapter/section/subsection/example/solution/p/xref
INFO    : *              located within: "exam_exists_graph_5vert_5edge" (xml:id), "There is a graph with five vertices and five edges" (title)
ERROR   : * PTX:ERROR:   a cross-reference ("xref") uses references [pff_forall] that do not point to any target, or perhaps point to multiple targets.  Maybe you typed an @xml:id value wrong, maybe the target of the @xml:id is nonexistent, or maybe you temporarily removed the target from your source, or maybe an auxiliary file contains a duplicate.  Your output will contain some placeholder text that you will not want to distribute to your readers.
INFO    : *              located at: pretext/book/chapter/section/subsection/example/solution/p/xref
INFO    : *              located within: "exam_6qminus10_is_even" (xml:id), "6q-10 is even" (title)
ERROR   : * PTX:ERROR:   a cross-reference ("xref") uses references [pff_exists] that do not point to any target, or perhaps point to multiple targets.  Maybe you typed an @xml:id value wrong, maybe the target of the @xml:id is nonexistent, or maybe you temporarily removed the target from your source, or maybe an auxiliary file contains a duplicate.  Your output will contain some placeholder text that you will not want to distribute to your readers.
INFO    : *              located at: pretext/book/chapter/section/subsection/activity/p/ol/li/p/xref
INFO    : *              located within: "part_exists_int_4div" (xml:id)
ERROR   : * PTX:ERROR:   a cross-reference ("xref") uses references [pff_forall] that do not point to any target, or perhaps point to multiple targets.  Maybe you typed an @xml:id value wrong, maybe the target of the @xml:id is nonexistent, or maybe you temporarily removed the target from your source, or maybe an auxiliary file contains a duplicate.  Your output will contain some placeholder text that you will not want to distribute to your readers.
INFO    : *              located at: pretext/book/chapter/section/subsection/activity/p/ol/li/p/xref
INFO    : *              located within: "part_ndivnfactorial" (xml:id)
ERROR   : * PTX:ERROR:   a cross-reference ("xref") uses references [pff_forall] that do not point to any target, or perhaps point to multiple targets.  Maybe you typed an @xml:id value wrong, maybe the target of the @xml:id is nonexistent, or maybe you temporarily removed the target from your source, or maybe an auxiliary file contains a duplicate.  Your output will contain some placeholder text that you will not want to distribute to your readers.
INFO    : *              located at: pretext/book/chapter/section/subsection/activity/p/ol/li/p/xref
INFO    : *              located within: "part_proof_forall_exists" (xml:id)
ERROR   : * PTX:ERROR:   a cross-reference ("xref") uses references [pff_exists] that do not point to any target, or perhaps point to multiple targets.  Maybe you typed an @xml:id value wrong, maybe the target of the @xml:id is nonexistent, or maybe you temporarily removed the target from your source, or maybe an auxiliary file contains a duplicate.  Your output will contain some placeholder text that you will not want to distribute to your readers.
INFO    : *              located at: pretext/book/chapter/section/subsection/activity/p/ol/li/p/xref
INFO    : *              located within: "part_proof_forall_exists" (xml:id)
ERROR   : * PTX:ERROR:   a cross-reference ("xref") uses references [pff_exists] that do not point to any target, or perhaps point to multiple targets.  Maybe you typed an @xml:id value wrong, maybe the target of the @xml:id is nonexistent, or maybe you temporarily removed the target from your source, or maybe an auxiliary file contains a duplicate.  Your output will contain some placeholder text that you will not want to distribute to your readers.
INFO    : *              located at: pretext/book/chapter/section/subsection/activity/p/ol/li/p/xref
INFO    : *              located within: "part_proof_exists_forall" (xml:id)
ERROR   : * PTX:ERROR:   a cross-reference ("xref") uses references [pff_forall] that do not point to any target, or perhaps point to multiple targets.  Maybe you typed an @xml:id value wrong, maybe the target of the @xml:id is nonexistent, or maybe you temporarily removed the target from your source, or maybe an auxiliary file contains a duplicate.  Your output will contain some placeholder text that you will not want to distribute to your readers.
INFO    : *              located at: pretext/book/chapter/section/subsection/activity/p/ol/li/p/xref
INFO    : *              located within: "part_proof_exists_forall" (xml:id)
ERROR   : * PTX:ERROR:   a cross-reference ("xref") uses references [pff_forall] that do not point to any target, or perhaps point to multiple targets.  Maybe you typed an @xml:id value wrong, maybe the target of the @xml:id is nonexistent, or maybe you temporarily removed the target from your source, or maybe an auxiliary file contains a duplicate.  Your output will contain some placeholder text that you will not want to distribute to your readers.
INFO    : *              located at: pretext/book/chapter/section/subsection/p/xref
INFO    : *              located within: "sub_cex" (xml:id), "\subcex" (title)
ERROR   : * PTX:ERROR:   a cross-reference ("xref") uses references [pff_exists] that do not point to any target, or perhaps point to multiple targets.  Maybe you typed an @xml:id value wrong, maybe the target of the @xml:id is nonexistent, or maybe you temporarily removed the target from your source, or maybe an auxiliary file contains a duplicate.  Your output will contain some placeholder text that you will not want to distribute to your readers.
INFO    : *              located at: pretext/book/chapter/section/subsection/subsubsection/exercise/statement/p/xref
INFO    : *              located within: "exer_easy_proofs_exists" (xml:id), "\exerP" (title)
ERROR   : * PTX:ERROR:   a cross-reference ("xref") uses references [pff_forall] that do not point to any target, or perhaps point to multiple targets.  Maybe you typed an @xml:id value wrong, maybe the target of the @xml:id is nonexistent, or maybe you temporarily removed the target from your source, or maybe an auxiliary file contains a duplicate.  Your output will contain some placeholder text that you will not want to distribute to your readers.
INFO    : *              located at: pretext/book/chapter/section/subsection/subsubsection/exercise/statement/p/xref
INFO    : *              located within: "exer_easy_proofs_forall" (xml:id), "\exerP" (title)
ERROR   : * PTX:ERROR:   a cross-reference ("xref") uses references [pff_forall] that do not point to any target, or perhaps point to multiple targets.  Maybe you typed an @xml:id value wrong, maybe the target of the @xml:id is nonexistent, or maybe you temporarily removed the target from your source, or maybe an auxiliary file contains a duplicate.  Your output will contain some placeholder text that you will not want to distribute to your readers.
INFO    : *              located at: pretext/book/chapter/section/subsection/subsubsection/exercise/statement/p/xref
INFO    : *              located within: "exer_proof_exists_forall" (xml:id), "\exerU" (title)
ERROR   : * PTX:ERROR:   a cross-reference ("xref") uses references [pff_exists] that do not point to any target, or perhaps point to multiple targets.  Maybe you typed an @xml:id value wrong, maybe the target of the @xml:id is nonexistent, or maybe you temporarily removed the target from your source, or maybe an auxiliary file contains a duplicate.  Your output will contain some placeholder text that you will not want to distribute to your readers.
INFO    : *              located at: pretext/book/chapter/section/subsection/subsubsection/exercise/statement/p/xref
INFO    : *              located within: "exer_proof_exists_forall" (xml:id), "\exerU" (title)
ERROR   : * PTX:ERROR:   a cross-reference ("xref") uses references [pff_forall] that do not point to any target, or perhaps point to multiple targets.  Maybe you typed an @xml:id value wrong, maybe the target of the @xml:id is nonexistent, or maybe you temporarily removed the target from your source, or maybe an auxiliary file contains a duplicate.  Your output will contain some placeholder text that you will not want to distribute to your readers.
INFO    : *              located at: pretext/book/chapter/section/subsection/subsubsection/exercise/statement/p/xref
INFO    : *              located within: "exer_rational_soln" (xml:id), "\exerU" (title)
ERROR   : * PTX:ERROR:   a cross-reference ("xref") uses references [pff_exists] that do not point to any target, or perhaps point to multiple targets.  Maybe you typed an @xml:id value wrong, maybe the target of the @xml:id is nonexistent, or maybe you temporarily removed the target from your source, or maybe an auxiliary file contains a duplicate.  Your output will contain some placeholder text that you will not want to distribute to your readers.
INFO    : *              located at: pretext/book/chapter/section/subsection/subsubsection/exercise/statement/p/xref
INFO    : *              located within: "exer_rational_soln" (xml:id), "\exerU" (title)
ERROR   : * PTX:ERROR:   a cross-reference ("xref") uses references [exam_chromatic_K4_C5] that do not point to any target, or perhaps point to multiple targets.  Maybe you typed an @xml:id value wrong, maybe the target of the @xml:id is nonexistent, or maybe you temporarily removed the target from your source, or maybe an auxiliary file contains a duplicate.  Your output will contain some placeholder text that you will not want to distribute to your readers.
INFO    : *              located at: pretext/book/chapter/section/subsection/subsubsection/ol/li/p/xref
INFO    : *              located within: " Select Answers and Hints" (title)
ERROR   : * PTX:ERROR:   a cross-reference ("xref") uses references [pff_forall] that do not point to any target, or perhaps point to multiple targets.  Maybe you typed an @xml:id value wrong, maybe the target of the @xml:id is nonexistent, or maybe you temporarily removed the target from your source, or maybe an auxiliary file contains a duplicate.  Your output will contain some placeholder text that you will not want to distribute to your readers.
INFO    : *              located at: pretext/book/chapter/section/subsection/activity/p/ol/li/p/xref
INFO    : *              located within: "part_if_then_direct" (xml:id)
ERROR   : * PTX:ERROR:   a cross-reference ("xref") uses references [pff_if_then_direct] that do not point to any target, or perhaps point to multiple targets.  Maybe you typed an @xml:id value wrong, maybe the target of the @xml:id is nonexistent, or maybe you temporarily removed the target from your source, or maybe an auxiliary file contains a duplicate.  Your output will contain some placeholder text that you will not want to distribute to your readers.
INFO    : *              located at: pretext/book/chapter/section/subsection/activity/p/ol/li/p/xref
INFO    : *              located within: "part_if_then_direct" (xml:id)
ERROR   : * PTX:ERROR:   a cross-reference ("xref") uses references [pff_or_by_cases] that do not point to any target, or perhaps point to multiple targets.  Maybe you typed an @xml:id value wrong, maybe the target of the @xml:id is nonexistent, or maybe you temporarily removed the target from your source, or maybe an auxiliary file contains a duplicate.  Your output will contain some placeholder text that you will not want to distribute to your readers.
INFO    : *              located at: pretext/book/chapter/section/subsection/p/xref
INFO    : *              located within: "sub_pff_or_implication" (xml:id), "\subpfforimplication" (title)
ERROR   : * PTX:ERROR:   a cross-reference ("xref") uses references [pff_forall] that do not point to any target, or perhaps point to multiple targets.  Maybe you typed an @xml:id value wrong, maybe the target of the @xml:id is nonexistent, or maybe you temporarily removed the target from your source, or maybe an auxiliary file contains a duplicate.  Your output will contain some placeholder text that you will not want to distribute to your readers.
INFO    : *              located at: pretext/book/chapter/section/subsection/activity/p/ol/li/p/xref
INFO    : *              located within: "part_or_implication" (xml:id)
ERROR   : * PTX:ERROR:   a cross-reference ("xref") uses references [pff_or_implication] that do not point to any target, or perhaps point to multiple targets.  Maybe you typed an @xml:id value wrong, maybe the target of the @xml:id is nonexistent, or maybe you temporarily removed the target from your source, or maybe an auxiliary file contains a duplicate.  Your output will contain some placeholder text that you will not want to distribute to your readers.
INFO    : *              located at: pretext/book/chapter/section/subsection/activity/p/ol/li/p/xref
INFO    : *              located within: "part_or_implication" (xml:id)
ERROR   : * PTX:ERROR:   a cross-reference ("xref") uses references [pff_or_implication] that do not point to any target, or perhaps point to multiple targets.  Maybe you typed an @xml:id value wrong, maybe the target of the @xml:id is nonexistent, or maybe you temporarily removed the target from your source, or maybe an auxiliary file contains a duplicate.  Your output will contain some placeholder text that you will not want to distribute to your readers.
INFO    : *              located at: pretext/book/chapter/section/subsection/p/xref
INFO    : *              located within: "sub_pff_or_implication" (xml:id), "\subpfforimplication" (title)
ERROR   : * PTX:ERROR:   a cross-reference ("xref") uses references [pff_or_implication] that do not point to any target, or perhaps point to multiple targets.  Maybe you typed an @xml:id value wrong, maybe the target of the @xml:id is nonexistent, or maybe you temporarily removed the target from your source, or maybe an auxiliary file contains a duplicate.  Your output will contain some placeholder text that you will not want to distribute to your readers.
INFO    : *              located at: pretext/book/chapter/section/subsection/example/statement/p/xref
INFO    : *              located within: "exam_implication_vs_cases_proof_or" (xml:id), "Compare proving an
      or
      statement using implication versus proof by cases" (title)
ERROR   : * PTX:ERROR:   a cross-reference ("xref") uses references [pff_or_by_cases] that do not point to any target, or perhaps point to multiple targets.  Maybe you typed an @xml:id value wrong, maybe the target of the @xml:id is nonexistent, or maybe you temporarily removed the target from your source, or maybe an auxiliary file contains a duplicate.  Your output will contain some placeholder text that you will not want to distribute to your readers.
INFO    : *              located at: pretext/book/chapter/section/subsection/example/statement/p/xref
INFO    : *              located within: "exam_implication_vs_cases_proof_or" (xml:id), "Compare proving an
      or
      statement using implication versus proof by cases" (title)
ERROR   : * PTX:ERROR:   a cross-reference ("xref") uses references [pff_or_by_cases] that do not point to any target, or perhaps point to multiple targets.  Maybe you typed an @xml:id value wrong, maybe the target of the @xml:id is nonexistent, or maybe you temporarily removed the target from your source, or maybe an auxiliary file contains a duplicate.  Your output will contain some placeholder text that you will not want to distribute to your readers.
INFO    : *              located at: pretext/book/chapter/section/subsection/example/solution/p/xref
INFO    : *              located within: "exam_implication_vs_cases_proof_or" (xml:id), "Compare proving an
      or
      statement using implication versus proof by cases" (title)
ERROR   : * PTX:ERROR:   a cross-reference ("xref") uses references [pff_or_implication] that do not point to any target, or perhaps point to multiple targets.  Maybe you typed an @xml:id value wrong, maybe the target of the @xml:id is nonexistent, or maybe you temporarily removed the target from your source, or maybe an auxiliary file contains a duplicate.  Your output will contain some placeholder text that you will not want to distribute to your readers.
INFO    : *              located at: pretext/book/chapter/section/subsection/example/solution/p/xref
INFO    : *              located within: "exam_implication_vs_cases_proof_or" (xml:id), "Compare proving an
      or
      statement using implication versus proof by cases" (title)
ERROR   : * PTX:ERROR:   a cross-reference ("xref") uses references [pff_forall] that do not point to any target, or perhaps point to multiple targets.  Maybe you typed an @xml:id value wrong, maybe the target of the @xml:id is nonexistent, or maybe you temporarily removed the target from your source, or maybe an auxiliary file contains a duplicate.  Your output will contain some placeholder text that you will not want to distribute to your readers.
INFO    : *              located at: pretext/book/chapter/section/subsection/subsubsection/exercise/statement/p/xref
INFO    : *              located within: "exer_prove_cond_true" (xml:id), "\exerP" (title)
ERROR   : * PTX:ERROR:   a cross-reference ("xref") uses references [pff_if_then_direct] that do not point to any target, or perhaps point to multiple targets.  Maybe you typed an @xml:id value wrong, maybe the target of the @xml:id is nonexistent, or maybe you temporarily removed the target from your source, or maybe an auxiliary file contains a duplicate.  Your output will contain some placeholder text that you will not want to distribute to your readers.
INFO    : *              located at: pretext/book/chapter/section/subsection/subsubsection/exercise/statement/p/xref
INFO    : *              located within: "exer_prove_cond_true" (xml:id), "\exerP" (title)
ERROR   : * PTX:ERROR:   a cross-reference ("xref") uses references [pff_forall] that do not point to any target, or perhaps point to multiple targets.  Maybe you typed an @xml:id value wrong, maybe the target of the @xml:id is nonexistent, or maybe you temporarily removed the target from your source, or maybe an auxiliary file contains a duplicate.  Your output will contain some placeholder text that you will not want to distribute to your readers.
INFO    : *              located at: pretext/book/chapter/section/subsection/subsubsection/exercise/statement/p/xref
INFO    : *              located within: "exer_odd_sq_is_odd" (xml:id), "\exerP" (title)
ERROR   : * PTX:ERROR:   a cross-reference ("xref") uses references [pff_if_then_direct] that do not point to any target, or perhaps point to multiple targets.  Maybe you typed an @xml:id value wrong, maybe the target of the @xml:id is nonexistent, or maybe you temporarily removed the target from your source, or maybe an auxiliary file contains a duplicate.  Your output will contain some placeholder text that you will not want to distribute to your readers.
INFO    : *              located at: pretext/book/chapter/section/subsection/subsubsection/exercise/statement/p/xref
INFO    : *              located within: "exer_odd_sq_is_odd" (xml:id), "\exerP" (title)
ERROR   : * PTX:ERROR:   a cross-reference ("xref") uses references [pff_forall] that do not point to any target, or perhaps point to multiple targets.  Maybe you typed an @xml:id value wrong, maybe the target of the @xml:id is nonexistent, or maybe you temporarily removed the target from your source, or maybe an auxiliary file contains a duplicate.  Your output will contain some placeholder text that you will not want to distribute to your readers.
INFO    : *              located at: pretext/book/chapter/section/subsection/subsubsection/exercise/statement/p/xref
INFO    : *              located within: "exer_mult6_is_mult3" (xml:id), "\exerP" (title)
ERROR   : * PTX:ERROR:   a cross-reference ("xref") uses references [pff_if_then_direct] that do not point to any target, or perhaps point to multiple targets.  Maybe you typed an @xml:id value wrong, maybe the target of the @xml:id is nonexistent, or maybe you temporarily removed the target from your source, or maybe an auxiliary file contains a duplicate.  Your output will contain some placeholder text that you will not want to distribute to your readers.
INFO    : *              located at: pretext/book/chapter/section/subsection/subsubsection/exercise/statement/p/xref
INFO    : *              located within: "exer_mult6_is_mult3" (xml:id), "\exerP" (title)
ERROR   : * PTX:ERROR:   a cross-reference ("xref") uses references [pff_forall] that do not point to any target, or perhaps point to multiple targets.  Maybe you typed an @xml:id value wrong, maybe the target of the @xml:id is nonexistent, or maybe you temporarily removed the target from your source, or maybe an auxiliary file contains a duplicate.  Your output will contain some placeholder text that you will not want to distribute to your readers.
INFO    : *              located at: pretext/book/chapter/section/subsection/subsubsection/exercise/statement/p/xref
INFO    : *              located within: "exer_divides_square_proof" (xml:id), "\exerP" (title)
ERROR   : * PTX:ERROR:   a cross-reference ("xref") uses references [pff_if_then_direct] that do not point to any target, or perhaps point to multiple targets.  Maybe you typed an @xml:id value wrong, maybe the target of the @xml:id is nonexistent, or maybe you temporarily removed the target from your source, or maybe an auxiliary file contains a duplicate.  Your output will contain some placeholder text that you will not want to distribute to your readers.
INFO    : *              located at: pretext/book/chapter/section/subsection/subsubsection/exercise/statement/p/xref
INFO    : *              located within: "exer_divides_square_proof" (xml:id), "\exerP" (title)
ERROR   : * PTX:ERROR:   a cross-reference ("xref") uses references [pff_forall] that do not point to any target, or perhaps point to multiple targets.  Maybe you typed an @xml:id value wrong, maybe the target of the @xml:id is nonexistent, or maybe you temporarily removed the target from your source, or maybe an auxiliary file contains a duplicate.  Your output will contain some placeholder text that you will not want to distribute to your readers.
INFO    : *              located at: pretext/book/chapter/section/subsection/subsubsection/exercise/statement/p/xref
INFO    : *              located within: "exer_proof_sums_prod_even_odd" (xml:id), "\exerU" (title)
ERROR   : * PTX:ERROR:   a cross-reference ("xref") uses references [pff_and] that do not point to any target, or perhaps point to multiple targets.  Maybe you typed an @xml:id value wrong, maybe the target of the @xml:id is nonexistent, or maybe you temporarily removed the target from your source, or maybe an auxiliary file contains a duplicate.  Your output will contain some placeholder text that you will not want to distribute to your readers.
INFO    : *              located at: pretext/book/chapter/section/subsection/subsubsection/exercise/statement/p/xref
INFO    : *              located within: "exer_proof_sums_prod_even_odd" (xml:id), "\exerU" (title)
ERROR   : * PTX:ERROR:   a cross-reference ("xref") uses references [pff_if_then_direct] that do not point to any target, or perhaps point to multiple targets.  Maybe you typed an @xml:id value wrong, maybe the target of the @xml:id is nonexistent, or maybe you temporarily removed the target from your source, or maybe an auxiliary file contains a duplicate.  Your output will contain some placeholder text that you will not want to distribute to your readers.
INFO    : *              located at: pretext/book/chapter/section/subsection/subsubsection/exercise/statement/p/xref
INFO    : *              located within: "exer_proof_sums_prod_even_odd" (xml:id), "\exerU" (title)
ERROR   : * PTX:ERROR:   a cross-reference ("xref") uses references [pff_forall] that do not point to any target, or perhaps point to multiple targets.  Maybe you typed an @xml:id value wrong, maybe the target of the @xml:id is nonexistent, or maybe you temporarily removed the target from your source, or maybe an auxiliary file contains a duplicate.  Your output will contain some placeholder text that you will not want to distribute to your readers.
INFO    : *              located at: pretext/book/chapter/section/subsection/subsubsection/exercise/statement/p/xref
INFO    : *              located within: "exer_divides_transitive" (xml:id), "\exerU" (title)
ERROR   : * PTX:ERROR:   a cross-reference ("xref") uses references [pff_if_then_direct] that do not point to any target, or perhaps point to multiple targets.  Maybe you typed an @xml:id value wrong, maybe the target of the @xml:id is nonexistent, or maybe you temporarily removed the target from your source, or maybe an auxiliary file contains a duplicate.  Your output will contain some placeholder text that you will not want to distribute to your readers.
INFO    : *              located at: pretext/book/chapter/section/subsection/subsubsection/exercise/statement/p/xref
INFO    : *              located within: "exer_divides_transitive" (xml:id), "\exerU" (title)
ERROR   : * PTX:ERROR:   a cross-reference ("xref") uses references [pff_forall] that do not point to any target, or perhaps point to multiple targets.  Maybe you typed an @xml:id value wrong, maybe the target of the @xml:id is nonexistent, or maybe you temporarily removed the target from your source, or maybe an auxiliary file contains a duplicate.  Your output will contain some placeholder text that you will not want to distribute to your readers.
INFO    : *              located at: pretext/book/chapter/section/subsection/subsubsection/exercise/statement/p/xref
INFO    : *              located within: "exer_last_digit_even_odd" (xml:id), "\exerE" (title)
ERROR   : * PTX:ERROR:   a cross-reference ("xref") uses references [pff_and] that do not point to any target, or perhaps point to multiple targets.  Maybe you typed an @xml:id value wrong, maybe the target of the @xml:id is nonexistent, or maybe you temporarily removed the target from your source, or maybe an auxiliary file contains a duplicate.  Your output will contain some placeholder text that you will not want to distribute to your readers.
INFO    : *              located at: pretext/book/chapter/section/subsection/subsubsection/exercise/statement/p/xref
INFO    : *              located within: "exer_last_digit_even_odd" (xml:id), "\exerE" (title)
ERROR   : * PTX:ERROR:   a cross-reference ("xref") uses references [pff_if_then_direct] that do not point to any target, or perhaps point to multiple targets.  Maybe you typed an @xml:id value wrong, maybe the target of the @xml:id is nonexistent, or maybe you temporarily removed the target from your source, or maybe an auxiliary file contains a duplicate.  Your output will contain some placeholder text that you will not want to distribute to your readers.
INFO    : *              located at: pretext/book/chapter/section/subsection/subsubsection/exercise/statement/p/xref
INFO    : *              located within: "exer_last_digit_even_odd" (xml:id), "\exerE" (title)
ERROR   : * PTX:ERROR:   a cross-reference ("xref") uses references [pff_forall] that do not point to any target, or perhaps point to multiple targets.  Maybe you typed an @xml:id value wrong, maybe the target of the @xml:id is nonexistent, or maybe you temporarily removed the target from your source, or maybe an auxiliary file contains a duplicate.  Your output will contain some placeholder text that you will not want to distribute to your readers.
INFO    : *              located at: pretext/book/chapter/section/subsection/subsubsection/exercise/statement/p/ol/li/p/xref
INFO    : *              located within: "part_EAthm_implies" (xml:id)
ERROR   : * PTX:ERROR:   a cross-reference ("xref") uses references [pff_if_then_direct] that do not point to any target, or perhaps point to multiple targets.  Maybe you typed an @xml:id value wrong, maybe the target of the @xml:id is nonexistent, or maybe you temporarily removed the target from your source, or maybe an auxiliary file contains a duplicate.  Your output will contain some placeholder text that you will not want to distribute to your readers.
INFO    : *              located at: pretext/book/chapter/section/subsection/subsubsection/exercise/statement/p/ol/li/p/xref
INFO    : *              located within: "part_EAthm_implies" (xml:id)
ERROR   : * PTX:ERROR:   a cross-reference ("xref") uses references [pff_forall] that do not point to any target, or perhaps point to multiple targets.  Maybe you typed an @xml:id value wrong, maybe the target of the @xml:id is nonexistent, or maybe you temporarily removed the target from your source, or maybe an auxiliary file contains a duplicate.  Your output will contain some placeholder text that you will not want to distribute to your readers.
INFO    : *              located at: pretext/book/chapter/section/subsection/subsubsection/exercise/statement/p/ol/li/p/xref
INFO    : *              located within: "part_EAthm_converse" (xml:id)
ERROR   : * PTX:ERROR:   a cross-reference ("xref") uses references [pff_if_then_direct] that do not point to any target, or perhaps point to multiple targets.  Maybe you typed an @xml:id value wrong, maybe the target of the @xml:id is nonexistent, or maybe you temporarily removed the target from your source, or maybe an auxiliary file contains a duplicate.  Your output will contain some placeholder text that you will not want to distribute to your readers.
INFO    : *              located at: pretext/book/chapter/section/subsection/subsubsection/exercise/statement/p/ol/li/p/xref
INFO    : *              located within: "part_EAthm_converse" (xml:id)
ERROR   : * PTX:ERROR:   a cross-reference ("xref") uses references [pff_forall] that do not point to any target, or perhaps point to multiple targets.  Maybe you typed an @xml:id value wrong, maybe the target of the @xml:id is nonexistent, or maybe you temporarily removed the target from your source, or maybe an auxiliary file contains a duplicate.  Your output will contain some placeholder text that you will not want to distribute to your readers.
INFO    : *              located at: pretext/book/chapter/section/subsection/subsubsection/exercise/statement/p/ol/li/p/xref
INFO    : *              located within: "exer_integer_or_next_is_even" (xml:id), "\exerP" (title)
ERROR   : * PTX:ERROR:   a cross-reference ("xref") uses references [pff_or_implication] that do not point to any target, or perhaps point to multiple targets.  Maybe you typed an @xml:id value wrong, maybe the target of the @xml:id is nonexistent, or maybe you temporarily removed the target from your source, or maybe an auxiliary file contains a duplicate.  Your output will contain some placeholder text that you will not want to distribute to your readers.
INFO    : *              located at: pretext/book/chapter/section/subsection/subsubsection/exercise/statement/p/ol/li/p/xref
INFO    : *              located within: "exer_integer_or_next_is_even" (xml:id), "\exerP" (title)
ERROR   : * PTX:ERROR:   a cross-reference ("xref") uses references [pff_forall] that do not point to any target, or perhaps point to multiple targets.  Maybe you typed an @xml:id value wrong, maybe the target of the @xml:id is nonexistent, or maybe you temporarily removed the target from your source, or maybe an auxiliary file contains a duplicate.  Your output will contain some placeholder text that you will not want to distribute to your readers.
INFO    : *              located at: pretext/book/chapter/section/subsection/subsubsection/exercise/statement/p/xref
INFO    : *              located within: "exer_proof_no_zd_integers" (xml:id), "\exerU" (title)
ERROR   : * PTX:ERROR:   a cross-reference ("xref") uses references [pff_if_then_direct] that do not point to any target, or perhaps point to multiple targets.  Maybe you typed an @xml:id value wrong, maybe the target of the @xml:id is nonexistent, or maybe you temporarily removed the target from your source, or maybe an auxiliary file contains a duplicate.  Your output will contain some placeholder text that you will not want to distribute to your readers.
INFO    : *              located at: pretext/book/chapter/section/subsection/subsubsection/exercise/statement/p/xref
INFO    : *              located within: "exer_proof_no_zd_integers" (xml:id), "\exerU" (title)
ERROR   : * PTX:ERROR:   a cross-reference ("xref") uses references [pff_or_implication] that do not point to any target, or perhaps point to multiple targets.  Maybe you typed an @xml:id value wrong, maybe the target of the @xml:id is nonexistent, or maybe you temporarily removed the target from your source, or maybe an auxiliary file contains a duplicate.  Your output will contain some placeholder text that you will not want to distribute to your readers.
INFO    : *              located at: pretext/book/chapter/section/subsection/subsubsection/exercise/statement/p/xref
INFO    : *              located within: "exer_proof_no_zd_integers" (xml:id), "\exerU" (title)
ERROR   : * PTX:ERROR:   a cross-reference ("xref") uses references [pff_and] that do not point to any target, or perhaps point to multiple targets.  Maybe you typed an @xml:id value wrong, maybe the target of the @xml:id is nonexistent, or maybe you temporarily removed the target from your source, or maybe an auxiliary file contains a duplicate.  Your output will contain some placeholder text that you will not want to distribute to your readers.
INFO    : *              located at: pretext/book/chapter/section/subsection/p/xref
INFO    : *              located within: "sub_pff_iff" (xml:id), "\subpffiff" (title)
ERROR   : * PTX:ERROR:   a cross-reference ("xref") uses references [pff_if_then_direct] that do not point to any target, or perhaps point to multiple targets.  Maybe you typed an @xml:id value wrong, maybe the target of the @xml:id is nonexistent, or maybe you temporarily removed the target from your source, or maybe an auxiliary file contains a duplicate.  Your output will contain some placeholder text that you will not want to distribute to your readers.
INFO    : *              located at: pretext/book/chapter/section/subsection/p/xref
INFO    : *              located within: "sub_pff_iff" (xml:id), "\subpffiff" (title)
ERROR   : * PTX:ERROR:   a cross-reference ("xref") uses references [pff_if_then_cp] that do not point to any target, or perhaps point to multiple targets.  Maybe you typed an @xml:id value wrong, maybe the target of the @xml:id is nonexistent, or maybe you temporarily removed the target from your source, or maybe an auxiliary file contains a duplicate.  Your output will contain some placeholder text that you will not want to distribute to your readers.
INFO    : *              located at: pretext/book/chapter/section/subsection/example/statement/p/ol/li/p/xref
INFO    : *              located within: "exam_product_even_implies_even_factor" (xml:id), "Rewriting a proof by contradiction using the contrapositive" (title)
ERROR   : * PTX:ERROR:   a cross-reference ("xref") uses references [pff_iff] that do not point to any target, or perhaps point to multiple targets.  Maybe you typed an @xml:id value wrong, maybe the target of the @xml:id is nonexistent, or maybe you temporarily removed the target from your source, or maybe an auxiliary file contains a duplicate.  Your output will contain some placeholder text that you will not want to distribute to your readers.
INFO    : *              located at: pretext/book/chapter/section/subsection/subsubsection/exercise/statement/p/xref
INFO    : *              located within: "exer_proof_iff_even" (xml:id), "\exerP" (title)
ERROR   : * PTX:ERROR:   a cross-reference ("xref") uses references [pff_iff] that do not point to any target, or perhaps point to multiple targets.  Maybe you typed an @xml:id value wrong, maybe the target of the @xml:id is nonexistent, or maybe you temporarily removed the target from your source, or maybe an auxiliary file contains a duplicate.  Your output will contain some placeholder text that you will not want to distribute to your readers.
INFO    : *              located at: pretext/book/chapter/section/subsection/subsubsection/exercise/statement/p/xref
INFO    : *              located within: "exer_proof_iff_solution" (xml:id), "\exerP" (title)
ERROR   : * PTX:ERROR:   a cross-reference ("xref") uses references [pff_if_then_cp] that do not point to any target, or perhaps point to multiple targets.  Maybe you typed an @xml:id value wrong, maybe the target of the @xml:id is nonexistent, or maybe you temporarily removed the target from your source, or maybe an auxiliary file contains a duplicate.  Your output will contain some placeholder text that you will not want to distribute to your readers.
INFO    : *              located at: pretext/book/chapter/section/subsection/subsubsection/exercise/statement/p/xref
INFO    : *              located within: "exer_proof_sq_even_implies_even" (xml:id), "\exerP" (title)
ERROR   : * PTX:ERROR:   a cross-reference ("xref") uses references [pff_if_then_cp] that do not point to any target, or perhaps point to multiple targets.  Maybe you typed an @xml:id value wrong, maybe the target of the @xml:id is nonexistent, or maybe you temporarily removed the target from your source, or maybe an auxiliary file contains a duplicate.  Your output will contain some placeholder text that you will not want to distribute to your readers.
INFO    : *              located at: pretext/book/chapter/section/subsection/subsubsection/exercise/statement/p/xref
INFO    : *              located within: "exer_proof_3m_odd" (xml:id), "\exerP" (title)
ERROR   : * PTX:ERROR:   a cross-reference ("xref") uses references [pff_if_then_cp] that do not point to any target, or perhaps point to multiple targets.  Maybe you typed an @xml:id value wrong, maybe the target of the @xml:id is nonexistent, or maybe you temporarily removed the target from your source, or maybe an auxiliary file contains a duplicate.  Your output will contain some placeholder text that you will not want to distribute to your readers.
INFO    : *              located at: pretext/book/chapter/section/subsection/subsubsection/exercise/statement/p/xref
INFO    : *              located within: "exer_prove_only_check_prime_divisors" (xml:id), "\exerU" (title)
ERROR   : * PTX:ERROR:   a cross-reference ("xref") uses references [pff_if_then_cp] that do not point to any target, or perhaps point to multiple targets.  Maybe you typed an @xml:id value wrong, maybe the target of the @xml:id is nonexistent, or maybe you temporarily removed the target from your source, or maybe an auxiliary file contains a duplicate.  Your output will contain some placeholder text that you will not want to distribute to your readers.
INFO    : *              located at: pretext/book/chapter/section/subsection/subsubsection/exercise/statement/p/xref
INFO    : *              located within: "exer_prove_only_check_to_sqrtn" (xml:id), "\exerU" (title)
ERROR   : * PTX:ERROR:   a cross-reference ("xref") uses references [pff_iff] that do not point to any target, or perhaps point to multiple targets.  Maybe you typed an @xml:id value wrong, maybe the target of the @xml:id is nonexistent, or maybe you temporarily removed the target from your source, or maybe an auxiliary file contains a duplicate.  Your output will contain some placeholder text that you will not want to distribute to your readers.
INFO    : *              located at: pretext/book/chapter/section/subsection/subsubsection/exercise/statement/p/xref
INFO    : *              located within: "exer_proof_iff_using_cp_evens" (xml:id), "\exerE" (title)
ERROR   : * PTX:ERROR:   a cross-reference ("xref") uses references [pff_if_then_cp] that do not point to any target, or perhaps point to multiple targets.  Maybe you typed an @xml:id value wrong, maybe the target of the @xml:id is nonexistent, or maybe you temporarily removed the target from your source, or maybe an auxiliary file contains a duplicate.  Your output will contain some placeholder text that you will not want to distribute to your readers.
INFO    : *              located at: pretext/book/chapter/section/subsection/subsubsection/exercise/statement/p/xref
INFO    : *              located within: "exer_proof_iff_using_cp_evens" (xml:id), "\exerE" (title)
ERROR   : * PTX:ERROR:   a cross-reference ("xref") uses references [pff_iff] that do not point to any target, or perhaps point to multiple targets.  Maybe you typed an @xml:id value wrong, maybe the target of the @xml:id is nonexistent, or maybe you temporarily removed the target from your source, or maybe an auxiliary file contains a duplicate.  Your output will contain some placeholder text that you will not want to distribute to your readers.
INFO    : *              located at: pretext/book/chapter/section/subsection/subsubsection/p/xref
INFO    : *              located within: " Select Answers and Hints" (title)
ERROR   : * PTX:ERROR:   a cross-reference ("xref") uses references [pff_if_then_direct] that do not point to any target, or perhaps point to multiple targets.  Maybe you typed an @xml:id value wrong, maybe the target of the @xml:id is nonexistent, or maybe you temporarily removed the target from your source, or maybe an auxiliary file contains a duplicate.  Your output will contain some placeholder text that you will not want to distribute to your readers.
INFO    : *              located at: pretext/book/chapter/section/subsection/activity/p/ol/li/p/xref
INFO    : *              located within: "act_proofs_equiv_infer" (xml:id), "Proofs with equivalences and inferences" (title)
ERROR   : * PTX:ERROR:   a cross-reference ("xref") uses references [pff_contradiction] that do not point to any target, or perhaps point to multiple targets.  Maybe you typed an @xml:id value wrong, maybe the target of the @xml:id is nonexistent, or maybe you temporarily removed the target from your source, or maybe an auxiliary file contains a duplicate.  Your output will contain some placeholder text that you will not want to distribute to your readers.
INFO    : *              located at: pretext/book/chapter/section/subsection/subsubsection/exercise/statement/p/xref
INFO    : *              located within: "exer_proof_infer_contradiction" (xml:id), "\exerU" (title)
ERROR   : * PTX:ERROR:   a cross-reference ("xref") uses references [pff_if_then_direct] that do not point to any target, or perhaps point to multiple targets.  Maybe you typed an @xml:id value wrong, maybe the target of the @xml:id is nonexistent, or maybe you temporarily removed the target from your source, or maybe an auxiliary file contains a duplicate.  Your output will contain some placeholder text that you will not want to distribute to your readers.
INFO    : *              located at: pretext/book/chapter/section/subsection/subsubsection/exercise/statement/p/ol/li/p/xref
INFO    : *              located within: "exer_defn_increasing" (xml:id), "\exerE" (title)
ERROR   : * PTX:ERROR:   a cross-reference ("xref") uses references [pff_contradiction] that do not point to any target, or perhaps point to multiple targets.  Maybe you typed an @xml:id value wrong, maybe the target of the @xml:id is nonexistent, or maybe you temporarily removed the target from your source, or maybe an auxiliary file contains a duplicate.  Your output will contain some placeholder text that you will not want to distribute to your readers.
INFO    : *              located at: pretext/book/chapter/section/subsection/subsubsection/exercise/statement/p/xref
INFO    : *              located within: "exer_8isnotinimage" (xml:id), "\exerE" (title)
ERROR   : * PTX:ERROR:   a cross-reference ("xref") uses references [pff_forall] that do not point to any target, or perhaps point to multiple targets.  Maybe you typed an @xml:id value wrong, maybe the target of the @xml:id is nonexistent, or maybe you temporarily removed the target from your source, or maybe an auxiliary file contains a duplicate.  Your output will contain some placeholder text that you will not want to distribute to your readers.
INFO    : *              located at: pretext/book/chapter/section/subsection/example/statement/p/xref
INFO    : *              located within: "exam_proof_onto" (xml:id), "Proof that a function is onto" (title)
ERROR   : * PTX:ERROR:   a cross-reference ("xref") uses references [pff_exists] that do not point to any target, or perhaps point to multiple targets.  Maybe you typed an @xml:id value wrong, maybe the target of the @xml:id is nonexistent, or maybe you temporarily removed the target from your source, or maybe an auxiliary file contains a duplicate.  Your output will contain some placeholder text that you will not want to distribute to your readers.
INFO    : *              located at: pretext/book/chapter/section/subsection/example/statement/p/xref
INFO    : *              located within: "exam_proof_onto" (xml:id), "Proof that a function is onto" (title)
ERROR   : * PTX:ERROR:   a cross-reference ("xref") uses references [pff_exists] that do not point to any target, or perhaps point to multiple targets.  Maybe you typed an @xml:id value wrong, maybe the target of the @xml:id is nonexistent, or maybe you temporarily removed the target from your source, or maybe an auxiliary file contains a duplicate.  Your output will contain some placeholder text that you will not want to distribute to your readers.
INFO    : *              located at: pretext/book/chapter/section/subsection/example/solution/p/xref
INFO    : *              located within: "exam_proof_onto" (xml:id), "Proof that a function is onto" (title)
ERROR   : * PTX:ERROR:   a cross-reference ("xref") uses references [pff_forall] that do not point to any target, or perhaps point to multiple targets.  Maybe you typed an @xml:id value wrong, maybe the target of the @xml:id is nonexistent, or maybe you temporarily removed the target from your source, or maybe an auxiliary file contains a duplicate.  Your output will contain some placeholder text that you will not want to distribute to your readers.
INFO    : *              located at: pretext/book/chapter/section/subsection/example/solution/p/xref
INFO    : *              located within: "exam_proof_onto" (xml:id), "Proof that a function is onto" (title)
ERROR   : * PTX:ERROR:   a cross-reference ("xref") uses references [pff_contradiction] that do not point to any target, or perhaps point to multiple targets.  Maybe you typed an @xml:id value wrong, maybe the target of the @xml:id is nonexistent, or maybe you temporarily removed the target from your source, or maybe an auxiliary file contains a duplicate.  Your output will contain some placeholder text that you will not want to distribute to your readers.
INFO    : *              located at: pretext/book/chapter/section/subsection/p/xref
INFO    : *              located within: "sub_pff_unique" (xml:id), "\subpffunique" (title)
ERROR   : * PTX:ERROR:   a cross-reference ("xref") uses references [pff_unique_indirect] that do not point to any target, or perhaps point to multiple targets.  Maybe you typed an @xml:id value wrong, maybe the target of the @xml:id is nonexistent, or maybe you temporarily removed the target from your source, or maybe an auxiliary file contains a duplicate.  Your output will contain some placeholder text that you will not want to distribute to your readers.
INFO    : *              located at: pretext/book/chapter/section/subsection/p/xref
INFO    : *              located within: "sub_pff_unique" (xml:id), "\subpffunique" (title)
ERROR   : * PTX:ERROR:   a cross-reference ("xref") uses references [pff_unique_indirect] that do not point to any target, or perhaps point to multiple targets.  Maybe you typed an @xml:id value wrong, maybe the target of the @xml:id is nonexistent, or maybe you temporarily removed the target from your source, or maybe an auxiliary file contains a duplicate.  Your output will contain some placeholder text that you will not want to distribute to your readers.
INFO    : *              located at: pretext/book/chapter/section/subsection/p/xref
INFO    : *              located within: "sub_pff_unique" (xml:id), "\subpffunique" (title)
ERROR   : * PTX:ERROR:   a cross-reference ("xref") uses references [pff_exists] that do not point to any target, or perhaps point to multiple targets.  Maybe you typed an @xml:id value wrong, maybe the target of the @xml:id is nonexistent, or maybe you temporarily removed the target from your source, or maybe an auxiliary file contains a duplicate.  Your output will contain some placeholder text that you will not want to distribute to your readers.
INFO    : *              located at: pretext/book/chapter/section/subsection/p/xref
INFO    : *              located within: "sub_pff_unique" (xml:id), "\subpffunique" (title)
ERROR   : * PTX:ERROR:   a cross-reference ("xref") uses references [pff_unique_direct] that do not point to any target, or perhaps point to multiple targets.  Maybe you typed an @xml:id value wrong, maybe the target of the @xml:id is nonexistent, or maybe you temporarily removed the target from your source, or maybe an auxiliary file contains a duplicate.  Your output will contain some placeholder text that you will not want to distribute to your readers.
INFO    : *              located at: pretext/book/chapter/section/subsection/p/xref
INFO    : *              located within: "sub_pff_unique" (xml:id), "\subpffunique" (title)
ERROR   : * PTX:ERROR:   a cross-reference ("xref") uses references [pff_unique_direct] that do not point to any target, or perhaps point to multiple targets.  Maybe you typed an @xml:id value wrong, maybe the target of the @xml:id is nonexistent, or maybe you temporarily removed the target from your source, or maybe an auxiliary file contains a duplicate.  Your output will contain some placeholder text that you will not want to distribute to your readers.
INFO    : *              located at: pretext/book/chapter/section/subsection/subsubsection/exercise/statement/p/xref
INFO    : *              located within: "exer_direct_unique" (xml:id), "\exerP" (title)
ERROR   : * PTX:ERROR:   a cross-reference ("xref") uses references [pff_exists_unique] that do not point to any target, or perhaps point to multiple targets.  Maybe you typed an @xml:id value wrong, maybe the target of the @xml:id is nonexistent, or maybe you temporarily removed the target from your source, or maybe an auxiliary file contains a duplicate.  Your output will contain some placeholder text that you will not want to distribute to your readers.
INFO    : *              located at: pretext/book/chapter/section/subsection/subsubsection/exercise/statement/p/xref
INFO    : *              located within: "exer_prove_uniq_soln" (xml:id)
ERROR   : * PTX:ERROR:   a cross-reference ("xref") uses references [pff_if_then_direct] that do not point to any target, or perhaps point to multiple targets.  Maybe you typed an @xml:id value wrong, maybe the target of the @xml:id is nonexistent, or maybe you temporarily removed the target from your source, or maybe an auxiliary file contains a duplicate.  Your output will contain some placeholder text that you will not want to distribute to your readers.
INFO    : *              located at: pretext/book/chapter/section/subsection/example/statement/p/ol/li/p/solution/p/xref
INFO    : *              located within: "part_subset_proof" (xml:id)
WARNING : * PTX:WARNING: Unstructured content within a list item is being ignored ("Calculate")
INFO    : *              located at: pretext/book/chapter/section/subsection/activity/p/ol/li
INFO    : *              located within: "part_OR" (xml:id)
WARNING : * PTX:WARNING: Unstructured content within a list item is being ignored ("if")
INFO    : *              located at: pretext/book/chapter/section/subsection/activity/p/ol/li
INFO    : *              located within: "part_OR" (xml:id)
WARNING : * PTX:WARNING: Unstructured content within a list item is being ignored ("and")
INFO    : *              located at: pretext/book/chapter/section/subsection/activity/p/ol/li
INFO    : *              located within: "part_OR" (xml:id)
WARNING : * PTX:WARNING: Unstructured content within a list item is being ignored (". It might help to line up the bit strings as follows.")
INFO    : *              located at: pretext/book/chapter/section/subsection/activity/p/ol/li
INFO    : *              located within: "part_OR" (xml:id)
WARNING : * PTX:WARNING:    An <xref> wants to build text using a number to identify the target, but the target (which has @xml:id "exer_diagram_partition") does not have a number. You could try 'text="title"' or 'text="custom"' on the "xref".
INFO    : *              located at: pretext/book/chapter/section/subsection/subsubsection/title/xref
INFO    : *              located within: " Select Answers and Hints" (title)
WARNING : * PTX:WARNING:    An <xref> wants to build text using a number to identify the target, but the target (which has @xml:id "exer_diagram_partition") does not have a number. You could try 'text="title"' or 'text="custom"' on the "xref".
INFO    : *              located at: pretext/book/chapter/section/subsection/subsubsection/title/xref
INFO    : *              located within: " Select Answers and Hints" (title)
WARNING : * PTX:WARNING:    An <xref> wants to build text using a number to identify the target, but the target (which has @xml:id "exer_diagram_partition") does not have a number. You could try 'text="title"' or 'text="custom"' on the "xref".
INFO    : *              located at: pretext/book/chapter/section/subsection/subsubsection/title/xref
INFO    : *              located within: " Select Answers and Hints" (title)
WARNING : * PTX:WARNING:    An <xref> wants to build text using a number to identify the target, but the target (which has @xml:id "exer_even_selfconj_examples") does not have a number. You could try 'text="title"' or 'text="custom"' on the "xref".
INFO    : *              located at: pretext/book/chapter/section/subsection/subsubsection/title/xref
INFO    : *              located within: " Select Answers and Hints" (title)
WARNING : * PTX:WARNING:    An <xref> wants to build text using a number to identify the target, but the target (which has @xml:id "exer_even_selfconj_examples") does not have a number. You could try 'text="title"' or 'text="custom"' on the "xref".
INFO    : *              located at: pretext/book/chapter/section/subsection/subsubsection/title/xref
INFO    : *              located within: " Select Answers and Hints" (title)
WARNING : * PTX:WARNING:    An <xref> wants to build text using a number to identify the target, but the target (which has @xml:id "exer_even_selfconj_examples") does not have a number. You could try 'text="title"' or 'text="custom"' on the "xref".
INFO    : *              located at: pretext/book/chapter/section/subsection/subsubsection/title/xref
INFO    : *              located within: " Select Answers and Hints" (title)
WARNING : * PTX:WARNING:    An <xref> wants to build text using a number to identify the target, but the target (which has @xml:id "exer_even_selfconj_always") does not have a number. You could try 'text="title"' or 'text="custom"' on the "xref".
INFO    : *              located at: pretext/book/chapter/section/subsection/subsubsection/title/xref
INFO    : *              located within: " Select Answers and Hints" (title)
WARNING : * PTX:WARNING:    An <xref> wants to build text using a number to identify the target, but the target (which has @xml:id "exer_even_selfconj_always") does not have a number. You could try 'text="title"' or 'text="custom"' on the "xref".
INFO    : *              located at: pretext/book/chapter/section/subsection/subsubsection/title/xref
INFO    : *              located within: " Select Answers and Hints" (title)
WARNING : * PTX:WARNING:    An <xref> wants to build text using a number to identify the target, but the target (which has @xml:id "exer_even_selfconj_always") does not have a number. You could try 'text="title"' or 'text="custom"' on the "xref".
INFO    : *              located at: pretext/book/chapter/section/subsection/subsubsection/title/xref
INFO    : *              located within: " Select Answers and Hints" (title)
ERROR   : * PTX:ERROR:   a cross-reference ("xref") uses references [pff_if_then_direct] that do not point to any target, or perhaps point to multiple targets.  Maybe you typed an @xml:id value wrong, maybe the target of the @xml:id is nonexistent, or maybe you temporarily removed the target from your source, or maybe an auxiliary file contains a duplicate.  Your output will contain some placeholder text that you will not want to distribute to your readers.
INFO    : *              located at: pretext/book/chapter/section/subsection/example/statement/p/ol/li/p/solution/p/xref
INFO    : *              located within: "part_proof_cong" (xml:id)
ERROR   : * PTX:ERROR:   a cross-reference ("xref") uses references [pff_if_then_direct] that do not point to any target, or perhaps point to multiple targets.  Maybe you typed an @xml:id value wrong, maybe the target of the @xml:id is nonexistent, or maybe you temporarily removed the target from your source, or maybe an auxiliary file contains a duplicate.  Your output will contain some placeholder text that you will not want to distribute to your readers.
INFO    : *              located at: pretext/book/chapter/section/subsection/definition/statement/p/ol/li/p/xref
INFO    : *              located within: "defn_math_ind" (xml:id), "Proof by mathematical induction" (title)
WARNING : * PTX:WARNING: Unstructured content within a list item is being ignored ("For example,")
INFO    : *              located at: pretext/book/chapter/section/subsection/definition/statement/p/ol/li
INFO    : *              located within: "defn_proper_bs" (xml:id), "Proper bit strings" (title)
WARNING : * PTX:WARNING: Unstructured content within a list item is being ignored ("is proper, as we show in")
INFO    : *              located at: pretext/book/chapter/section/subsection/definition/statement/p/ol/li
INFO    : *              located within: "defn_proper_bs" (xml:id), "Proper bit strings" (title)
WARNING : * PTX:WARNING: Unstructured content within a list item is being ignored (".")
INFO    : *              located at: pretext/book/chapter/section/subsection/definition/statement/p/ol/li
INFO    : *              located within: "defn_proper_bs" (xml:id), "Proper bit strings" (title)
ERROR   : * PTX:ERROR:   a cross-reference ("xref") uses references [pff_math_ind] that do not point to any target, or perhaps point to multiple targets.  Maybe you typed an @xml:id value wrong, maybe the target of the @xml:id is nonexistent, or maybe you temporarily removed the target from your source, or maybe an auxiliary file contains a duplicate.  Your output will contain some placeholder text that you will not want to distribute to your readers.
INFO    : *              located at: pretext/book/chapter/section/subsection/example/statement/p/xref
INFO    : *              located within: "exam_math_ind_all0s_proper" (xml:id), "Proof by mathematical induction that involves recursively-defined set" (title)
ERROR   : * PTX:ERROR:   a cross-reference ("xref") uses references [pff_math_ind_matrix] that do not point to any target, or perhaps point to multiple targets.  Maybe you typed an @xml:id value wrong, maybe the target of the @xml:id is nonexistent, or maybe you temporarily removed the target from your source, or maybe an auxiliary file contains a duplicate.  Your output will contain some placeholder text that you will not want to distribute to your readers.
INFO    : *              located at: pretext/book/chapter/section/subsection/example/statement/p/ol/li/p/xref
INFO    : *              located within: "part_proof_matrix_fib" (xml:id)
ERROR   : * PTX:ERROR:   a cross-reference ("xref") uses references [pff_math_ind_matrix] that do not point to any target, or perhaps point to multiple targets.  Maybe you typed an @xml:id value wrong, maybe the target of the @xml:id is nonexistent, or maybe you temporarily removed the target from your source, or maybe an auxiliary file contains a duplicate.  Your output will contain some placeholder text that you will not want to distribute to your readers.
INFO    : *              located at: pretext/book/chapter/section/subsection/example/statement/p/ol/li/p/solution/p/xref
INFO    : *              located within: "part_proof_matrix_fib" (xml:id)
ERROR   : * PTX:ERROR:   a cross-reference ("xref") uses references [pff_strong_math_ind] that do not point to any target, or perhaps point to multiple targets.  Maybe you typed an @xml:id value wrong, maybe the target of the @xml:id is nonexistent, or maybe you temporarily removed the target from your source, or maybe an auxiliary file contains a duplicate.  Your output will contain some placeholder text that you will not want to distribute to your readers.
INFO    : *              located at: pretext/book/chapter/section/subsection/example/statement/p/xref
INFO    : *              located within: "exam_strong_math_ind" (xml:id), "Using strong mathematical induction" (title)
ERROR   : * PTX:ERROR:   a cross-reference ("xref") uses references [pff_strong_math_ind_seq] that do not point to any target, or perhaps point to multiple targets.  Maybe you typed an @xml:id value wrong, maybe the target of the @xml:id is nonexistent, or maybe you temporarily removed the target from your source, or maybe an auxiliary file contains a duplicate.  Your output will contain some placeholder text that you will not want to distribute to your readers.
INFO    : *              located at: pretext/book/chapter/section/subsection/activity/p/ol/li/p/xref
INFO    : *              located within: "act_strong_math_ind_lucas" (xml:id), "Strong mathematical induction" (title)
ERROR   : * PTX:ERROR:   a cross-reference ("xref") uses references [pff_strong_math_ind_seq] that do not point to any target, or perhaps point to multiple targets.  Maybe you typed an @xml:id value wrong, maybe the target of the @xml:id is nonexistent, or maybe you temporarily removed the target from your source, or maybe an auxiliary file contains a duplicate.  Your output will contain some placeholder text that you will not want to distribute to your readers.
INFO    : *              located at: pretext/book/chapter/section/subsection/activity/p/ol/li/p/xref
INFO    : *              located within: "act_strong_math_ind_lucas" (xml:id), "Strong mathematical induction" (title)
ERROR   : * PTX:ERROR:   a cross-reference ("xref") uses references [pff_strong_math_ind_seq] that do not point to any target, or perhaps point to multiple targets.  Maybe you typed an @xml:id value wrong, maybe the target of the @xml:id is nonexistent, or maybe you temporarily removed the target from your source, or maybe an auxiliary file contains a duplicate.  Your output will contain some placeholder text that you will not want to distribute to your readers.
INFO    : *              located at: pretext/book/chapter/section/subsection/example/statement/p/xref
INFO    : *              located within: "exam_strong_math_ind_explicit" (xml:id), "Verifying the explicit form of second order recursively-defined sequence" (title)
ERROR   : * PTX:ERROR:   a cross-reference ("xref") uses references [pff_math_ind_matrix] that do not point to any target, or perhaps point to multiple targets.  Maybe you typed an @xml:id value wrong, maybe the target of the @xml:id is nonexistent, or maybe you temporarily removed the target from your source, or maybe an auxiliary file contains a duplicate.  Your output will contain some placeholder text that you will not want to distribute to your readers.
INFO    : *              located at: pretext/book/chapter/section/subsection/subsubsection/exercise/statement/p/xref
INFO    : *              located within: "exer_fib_matrix_another_proof" (xml:id), "\exerU" (title)
ERROR   : * PTX:ERROR:   a cross-reference ("xref") uses references [pff_strong_math_ind] that do not point to any target, or perhaps point to multiple targets.  Maybe you typed an @xml:id value wrong, maybe the target of the @xml:id is nonexistent, or maybe you temporarily removed the target from your source, or maybe an auxiliary file contains a duplicate.  Your output will contain some placeholder text that you will not want to distribute to your readers.
INFO    : *              located at: pretext/book/chapter/section/subsection/subsubsection/exercise/statement/p/xref
INFO    : *              located within: "exer_properbs_number0s" (xml:id), "\exerP" (title)
ERROR   : * PTX:ERROR:   a cross-reference ("xref") uses references [pff_strong_math_ind_seq] that do not point to any target, or perhaps point to multiple targets.  Maybe you typed an @xml:id value wrong, maybe the target of the @xml:id is nonexistent, or maybe you temporarily removed the target from your source, or maybe an auxiliary file contains a duplicate.  Your output will contain some placeholder text that you will not want to distribute to your readers.
INFO    : *              located at: pretext/book/chapter/section/subsection/subsubsection/exercise/statement/p/xref
INFO    : *              located within: "exer_math_ind_second_order_linear" (xml:id), "\exerP" (title)
ERROR   : * PTX:ERROR:   a cross-reference ("xref") uses references [pff_strong_math_ind] that do not point to any target, or perhaps point to multiple targets.  Maybe you typed an @xml:id value wrong, maybe the target of the @xml:id is nonexistent, or maybe you temporarily removed the target from your source, or maybe an auxiliary file contains a duplicate.  Your output will contain some placeholder text that you will not want to distribute to your readers.
INFO    : *              located at: pretext/book/chapter/section/subsection/subsubsection/exercise/statement/p/xref
INFO    : *              located within: "exer_properbs_starting0s" (xml:id), "\exerU" (title)
ERROR   : * PTX:ERROR:   a cross-reference ("xref") uses references [pff_strong_math_ind_seq] that do not point to any target, or perhaps point to multiple targets.  Maybe you typed an @xml:id value wrong, maybe the target of the @xml:id is nonexistent, or maybe you temporarily removed the target from your source, or maybe an auxiliary file contains a duplicate.  Your output will contain some placeholder text that you will not want to distribute to your readers.
INFO    : *              located at: pretext/book/chapter/section/subsection/subsubsection/exercise/statement/p/xref
INFO    : *              located within: "exer_math_ind_second_order_powerof2" (xml:id), "\exerU" (title)
ERROR   : * PTX:ERROR:   a cross-reference ("xref") uses references [pff_strong_math_ind_seq] that do not point to any target, or perhaps point to multiple targets.  Maybe you typed an @xml:id value wrong, maybe the target of the @xml:id is nonexistent, or maybe you temporarily removed the target from your source, or maybe an auxiliary file contains a duplicate.  Your output will contain some placeholder text that you will not want to distribute to your readers.
INFO    : *              located at: pretext/book/chapter/section/subsection/subsubsection/exercise/statement/p/xref
INFO    : *              located within: "exer_math_ind_second_order_powerof5" (xml:id), "\exerU" (title)
ERROR   : * PTX:ERROR:   a cross-reference ("xref") uses references [pff_strong_math_ind_seq] that do not point to any target, or perhaps point to multiple targets.  Maybe you typed an @xml:id value wrong, maybe the target of the @xml:id is nonexistent, or maybe you temporarily removed the target from your source, or maybe an auxiliary file contains a duplicate.  Your output will contain some placeholder text that you will not want to distribute to your readers.
INFO    : *              located at: pretext/book/chapter/section/subsection/subsubsection/exercise/statement/p/xref
INFO    : *              located within: "exer_strong_math_ind_alternating" (xml:id), "\exerU" (title)
ERROR   : * PTX:ERROR:   a cross-reference ("xref") uses references [pff_strong_math_ind_seq] that do not point to any target, or perhaps point to multiple targets.  Maybe you typed an @xml:id value wrong, maybe the target of the @xml:id is nonexistent, or maybe you temporarily removed the target from your source, or maybe an auxiliary file contains a duplicate.  Your output will contain some placeholder text that you will not want to distribute to your readers.
INFO    : *              located at: pretext/book/chapter/section/subsection/subsubsection/exercise/statement/p/ol/li/p/xref
INFO    : *              located within: "exer_binets_formula" (xml:id), "\exerE" (title)
WARNING : * PTX:WARNING:    An <xref> wants to build text using a number to identify the target, but the target (which has @xml:id "exer_fact_rep_largest_upto6_") does not have a number. You could try 'text="title"' or 'text="custom"' on the "xref".
INFO    : *              located at: pretext/book/chapter/section/subsection/subsubsection/title/xref
INFO    : *              located within: " Select Answers and Hints" (title)
WARNING : * PTX:WARNING:    An <xref> wants to build text using a number to identify the target, but the target (which has @xml:id "exer_fact_rep_largest_upto6_") does not have a number. You could try 'text="title"' or 'text="custom"' on the "xref".
INFO    : *              located at: pretext/book/chapter/section/subsection/subsubsection/title/xref
INFO    : *              located within: " Select Answers and Hints" (title)
WARNING : * PTX:WARNING:    An <xref> wants to build text using a number to identify the target, but the target (which has @xml:id "exer_fact_rep_largest_upto6_") does not have a number. You could try 'text="title"' or 'text="custom"' on the "xref".
INFO    : *              located at: pretext/book/chapter/section/subsection/subsubsection/title/xref
INFO    : *              located within: " Select Answers and Hints" (title)
WARNING : * PTX:WARNING:    An <xref> wants to build text using a number to identify the target, but the target (which has @xml:id "exer_larger_fact_rep") does not have a number. You could try 'text="title"' or 'text="custom"' on the "xref".
INFO    : *              located at: pretext/book/chapter/section/subsection/subsubsection/title/xref
INFO    : *              located within: " Select Answers and Hints" (title)
WARNING : * PTX:WARNING:    An <xref> wants to build text using a number to identify the target, but the target (which has @xml:id "exer_larger_fact_rep") does not have a number. You could try 'text="title"' or 'text="custom"' on the "xref".
INFO    : *              located at: pretext/book/chapter/section/subsection/subsubsection/title/xref
INFO    : *              located within: " Select Answers and Hints" (title)
WARNING : * PTX:WARNING:    An <xref> wants to build text using a number to identify the target, but the target (which has @xml:id "exer_larger_fact_rep") does not have a number. You could try 'text="title"' or 'text="custom"' on the "xref".
INFO    : *              located at: pretext/book/chapter/section/subsection/subsubsection/title/xref
INFO    : *              located within: " Select Answers and Hints" (title)
WARNING : * PTX:WARNING:    An <xref> wants to build text using a number to identify the target, but the target (which has @xml:id "exer_fact_rep_divisibility") does not have a number. You could try 'text="title"' or 'text="custom"' on the "xref".
INFO    : *              located at: pretext/book/chapter/section/subsection/subsubsection/title/xref
INFO    : *              located within: " Select Answers and Hints" (title)
WARNING : * PTX:WARNING:    An <xref> wants to build text using a number to identify the target, but the target (which has @xml:id "exer_fact_rep_divisibility") does not have a number. You could try 'text="title"' or 'text="custom"' on the "xref".
INFO    : *              located at: pretext/book/chapter/section/subsection/subsubsection/title/xref
INFO    : *              located within: " Select Answers and Hints" (title)
WARNING : * PTX:WARNING:    An <xref> wants to build text using a number to identify the target, but the target (which has @xml:id "exer_fact_rep_divisibility") does not have a number. You could try 'text="title"' or 'text="custom"' on the "xref".
INFO    : *              located at: pretext/book/chapter/section/subsection/subsubsection/title/xref
INFO    : *              located within: " Select Answers and Hints" (title)
WARNING : * PTX:WARNING:    An <xref> wants to build text using a number to identify the target, but the target (which has @xml:id "exer_fact_rep_alg_example") does not have a number. You could try 'text="title"' or 'text="custom"' on the "xref".
INFO    : *              located at: pretext/book/chapter/section/subsection/subsubsection/title/xref
INFO    : *              located within: " Select Answers and Hints" (title)
WARNING : * PTX:WARNING:    An <xref> wants to build text using a number to identify the target, but the target (which has @xml:id "exer_fact_rep_divisibility") does not have a number. You could try 'text="title"' or 'text="custom"' on the "xref".
INFO    : *              located at: pretext/book/chapter/section/subsection/subsubsection/p/xref
INFO    : *              located within: " Select Answers and Hints" (title)
WARNING : * PTX:WARNING:    An <xref> wants to build text using a number to identify the target, but the target (which has @xml:id "exer_fact_rep_alg_example") does not have a number. You could try 'text="title"' or 'text="custom"' on the "xref".
INFO    : *              located at: pretext/book/chapter/section/subsection/subsubsection/title/xref
INFO    : *              located within: " Select Answers and Hints" (title)
WARNING : * PTX:WARNING:    An <xref> wants to build text using a number to identify the target, but the target (which has @xml:id "exer_fact_rep_alg_example") does not have a number. You could try 'text="title"' or 'text="custom"' on the "xref".
INFO    : *              located at: pretext/book/chapter/section/subsection/subsubsection/title/xref
INFO    : *              located within: " Select Answers and Hints" (title)
ERROR   : * PTX:ERROR:   a cross-reference ("xref") uses references [pff_comb_proof] that do not point to any target, or perhaps point to multiple targets.  Maybe you typed an @xml:id value wrong, maybe the target of the @xml:id is nonexistent, or maybe you temporarily removed the target from your source, or maybe an auxiliary file contains a duplicate.  Your output will contain some placeholder text that you will not want to distribute to your readers.
INFO    : *              located at: pretext/book/chapter/section/subsection/example/statement/p/xref
INFO    : *              located within: "exam_proof_explicit_binom" (xml:id), "Combinatorial proof of the explicit formula for the binomial coefficients" (title)
ERROR   : * PTX:ERROR:   a cross-reference ("xref") uses references [pff_comb_proof] that do not point to any target, or perhaps point to multiple targets.  Maybe you typed an @xml:id value wrong, maybe the target of the @xml:id is nonexistent, or maybe you temporarily removed the target from your source, or maybe an auxiliary file contains a duplicate.  Your output will contain some placeholder text that you will not want to distribute to your readers.
INFO    : *              located at: pretext/book/chapter/section/subsection/subsubsection/exercise/statement/p/xref
INFO    : *              located within: "exer_arith_tri_prove_sym" (xml:id), "\exerU" (title)
ERROR   : * PTX:ERROR:   a cross-reference ("xref") uses references [pff_comb_proof] that do not point to any target, or perhaps point to multiple targets.  Maybe you typed an @xml:id value wrong, maybe the target of the @xml:id is nonexistent, or maybe you temporarily removed the target from your source, or maybe an auxiliary file contains a duplicate.  Your output will contain some placeholder text that you will not want to distribute to your readers.
INFO    : *              located at: pretext/book/chapter/section/subsection/subsubsection/exercise/statement/p/ol/li/p/xref
INFO    : *              located within: "exer_dyk_binom_formula" (xml:id), "\exerR" (title)
ERROR   : * PTX:ERROR:   a cross-reference ("xref") uses references [pff_comb_proof] that do not point to any target, or perhaps point to multiple targets.  Maybe you typed an @xml:id value wrong, maybe the target of the @xml:id is nonexistent, or maybe you temporarily removed the target from your source, or maybe an auxiliary file contains a duplicate.  Your output will contain some placeholder text that you will not want to distribute to your readers.
INFO    : *              located at: pretext/book/chapter/section/subsection/subsubsection/exercise/statement/p/xref
INFO    : *              located within: "exer_comb_pf_recursion_arith_tri" (xml:id), "\exerE" (title)
ERROR   : * PTX:ERROR:   a cross-reference ("xref") uses references [pff_comb_proof] that do not point to any target, or perhaps point to multiple targets.  Maybe you typed an @xml:id value wrong, maybe the target of the @xml:id is nonexistent, or maybe you temporarily removed the target from your source, or maybe an auxiliary file contains a duplicate.  Your output will contain some placeholder text that you will not want to distribute to your readers.
INFO    : *              located at: pretext/book/chapter/section/subsection/p/xref
INFO    : *              located within: "sub_pff_comb_sums" (xml:id), "\subpffcombsums" (title)
ERROR   : * PTX:ERROR:   a cross-reference ("xref") uses references [pff_comb_proof_sum] that do not point to any target, or perhaps point to multiple targets.  Maybe you typed an @xml:id value wrong, maybe the target of the @xml:id is nonexistent, or maybe you temporarily removed the target from your source, or maybe an auxiliary file contains a duplicate.  Your output will contain some placeholder text that you will not want to distribute to your readers.
INFO    : *              located at: pretext/book/chapter/section/subsection/subsubsection/exercise/statement/p/xref
INFO    : *              located within: "exer_comb_pf_sum_hockey_stick" (xml:id), "\exerE" (title)
ERROR   : * PTX:ERROR:   a cross-reference ("xref") uses references [pff_forall] that do not point to any target, or perhaps point to multiple targets.  Maybe you typed an @xml:id value wrong, maybe the target of the @xml:id is nonexistent, or maybe you temporarily removed the target from your source, or maybe an auxiliary file contains a duplicate.  Your output will contain some placeholder text that you will not want to distribute to your readers.
INFO    : *              located at: pretext/book/chapter/section/subsection/subsubsection/exercise/statement/p/ol/li/p/xref
INFO    : *              located within: "part_EAthm_implies" (xml:id)
ERROR   : * PTX:ERROR:   a cross-reference ("xref") uses references [pff_if_then_direct] that do not point to any target, or perhaps point to multiple targets.  Maybe you typed an @xml:id value wrong, maybe the target of the @xml:id is nonexistent, or maybe you temporarily removed the target from your source, or maybe an auxiliary file contains a duplicate.  Your output will contain some placeholder text that you will not want to distribute to your readers.
INFO    : *              located at: pretext/book/chapter/section/subsection/subsubsection/exercise/statement/p/ol/li/p/xref
INFO    : *              located within: "part_EAthm_implies" (xml:id)
ERROR   : * PTX:ERROR:   a cross-reference ("xref") uses references [pff_forall] that do not point to any target, or perhaps point to multiple targets.  Maybe you typed an @xml:id value wrong, maybe the target of the @xml:id is nonexistent, or maybe you temporarily removed the target from your source, or maybe an auxiliary file contains a duplicate.  Your output will contain some placeholder text that you will not want to distribute to your readers.
INFO    : *              located at: pretext/book/chapter/section/subsection/subsubsection/exercise/statement/p/ol/li/p/xref
INFO    : *              located within: "part_EAthm_converse" (xml:id)
ERROR   : * PTX:ERROR:   a cross-reference ("xref") uses references [pff_if_then_direct] that do not point to any target, or perhaps point to multiple targets.  Maybe you typed an @xml:id value wrong, maybe the target of the @xml:id is nonexistent, or maybe you temporarily removed the target from your source, or maybe an auxiliary file contains a duplicate.  Your output will contain some placeholder text that you will not want to distribute to your readers.
INFO    : *              located at: pretext/book/chapter/section/subsection/subsubsection/exercise/statement/p/ol/li/p/xref
INFO    : *              located within: "part_EAthm_converse" (xml:id)
WARNING : * PTX:WARNING: Unstructured content within a list item is being ignored ("In this textbook we abbreviate true as")
INFO    : *              located at: pretext/book/chapter/section/subsection/definition/statement/p/ol/li
INFO    : *              located within: "defn_and_or_xor" (xml:id), "And, or, and xor" (title)
WARNING : * PTX:WARNING: Unstructured content within a list item is being ignored ("and false as")
INFO    : *              located at: pretext/book/chapter/section/subsection/definition/statement/p/ol/li
INFO    : *              located within: "defn_and_or_xor" (xml:id), "And, or, and xor" (title)
WARNING : * PTX:WARNING: Unstructured content within a list item is being ignored (". Some computer science textbooks use")
INFO    : *              located at: pretext/book/chapter/section/subsection/definition/statement/p/ol/li
INFO    : *              located within: "defn_and_or_xor" (xml:id), "And, or, and xor" (title)
WARNING : * PTX:WARNING: Unstructured content within a list item is being ignored ("for true and")
INFO    : *              located at: pretext/book/chapter/section/subsection/definition/statement/p/ol/li
INFO    : *              located within: "defn_and_or_xor" (xml:id), "And, or, and xor" (title)
WARNING : * PTX:WARNING: Unstructured content within a list item is being ignored ("for false instead.")
INFO    : *              located at: pretext/book/chapter/section/subsection/definition/statement/p/ol/li
INFO    : *              located within: "defn_and_or_xor" (xml:id), "And, or, and xor" (title)
ERROR   : * PTX:ERROR:   a cross-reference ("xref") uses references [pff_contradiction] that do not point to any target, or perhaps point to multiple targets.  Maybe you typed an @xml:id value wrong, maybe the target of the @xml:id is nonexistent, or maybe you temporarily removed the target from your source, or maybe an auxiliary file contains a duplicate.  Your output will contain some placeholder text that you will not want to distribute to your readers.
INFO    : *              located at: pretext/book/chapter/section/subsection/subsubsection/exercise/statement/p/xref
INFO    : *              located within: "exer_not_both_even_odd" (xml:id), "\exerE" (title)
ERROR   : * PTX:ERROR:   a cross-reference ("xref") uses references [pff_and] that do not point to any target, or perhaps point to multiple targets.  Maybe you typed an @xml:id value wrong, maybe the target of the @xml:id is nonexistent, or maybe you temporarily removed the target from your source, or maybe an auxiliary file contains a duplicate.  Your output will contain some placeholder text that you will not want to distribute to your readers.
INFO    : *              located at: pretext/book/chapter/section/subsection/subsubsection/exercise/statement/p/xref
INFO    : *              located within: "exer_prove_odd_and_mult3" (xml:id), "\exerP" (title)
ERROR   : * PTX:ERROR:   a cross-reference ("xref") uses references [pff_or_by_cases] that do not point to any target, or perhaps point to multiple targets.  Maybe you typed an @xml:id value wrong, maybe the target of the @xml:id is nonexistent, or maybe you temporarily removed the target from your source, or maybe an auxiliary file contains a duplicate.  Your output will contain some placeholder text that you will not want to distribute to your readers.
INFO    : *              located at: pretext/book/chapter/section/subsection/subsubsection/exercise/statement/p/xref
INFO    : *              located within: "exer_prove_nsqplusn_mod4" (xml:id), "\exerP" (title)
ERROR   : * PTX:ERROR:   a cross-reference ("xref") uses references [pff_and] that do not point to any target, or perhaps point to multiple targets.  Maybe you typed an @xml:id value wrong, maybe the target of the @xml:id is nonexistent, or maybe you temporarily removed the target from your source, or maybe an auxiliary file contains a duplicate.  Your output will contain some placeholder text that you will not want to distribute to your readers.
INFO    : *              located at: pretext/book/chapter/section/subsection/subsubsection/exercise/statement/p/xref
INFO    : *              located within: "exer_prove_odd_and_mult3_general" (xml:id), "\exerU" (title)
ERROR   : * PTX:ERROR:   a cross-reference ("xref") uses references [pff_or_by_cases_generalized] that do not point to any target, or perhaps point to multiple targets.  Maybe you typed an @xml:id value wrong, maybe the target of the @xml:id is nonexistent, or maybe you temporarily removed the target from your source, or maybe an auxiliary file contains a duplicate.  Your output will contain some placeholder text that you will not want to distribute to your readers.
INFO    : *              located at: pretext/book/chapter/section/subsection/subsubsection/exercise/statement/p/xref
INFO    : *              located within: "exer_sq_mod5" (xml:id), "\exerU" (title)
ERROR   : * PTX:ERROR:   a cross-reference ("xref") uses references [pff_contradiction] that do not point to any target, or perhaps point to multiple targets.  Maybe you typed an @xml:id value wrong, maybe the target of the @xml:id is nonexistent, or maybe you temporarily removed the target from your source, or maybe an auxiliary file contains a duplicate.  Your output will contain some placeholder text that you will not want to distribute to your readers.
INFO    : *              located at: pretext/book/chapter/section/subsection/subsubsection/exercise/statement/p/xref
INFO    : *              located within: "exer_prove_not_sum_3digits_equals25" (xml:id), "\exerP" (title)
ERROR   : * PTX:ERROR:   a cross-reference ("xref") uses references [pff_contradiction] that do not point to any target, or perhaps point to multiple targets.  Maybe you typed an @xml:id value wrong, maybe the target of the @xml:id is nonexistent, or maybe you temporarily removed the target from your source, or maybe an auxiliary file contains a duplicate.  Your output will contain some placeholder text that you will not want to distribute to your readers.
INFO    : *              located at: pretext/book/chapter/section/subsection/subsubsection/exercise/statement/p/xref
INFO    : *              located within: "exer_contradiction_3reg_graph_order7" (xml:id), "\exerP" (title)
ERROR   : * PTX:ERROR:   a cross-reference ("xref") uses references [pff_contradiction] that do not point to any target, or perhaps point to multiple targets.  Maybe you typed an @xml:id value wrong, maybe the target of the @xml:id is nonexistent, or maybe you temporarily removed the target from your source, or maybe an auxiliary file contains a duplicate.  Your output will contain some placeholder text that you will not want to distribute to your readers.
INFO    : *              located at: pretext/book/chapter/section/subsection/subsubsection/exercise/statement/p/ol/li/p/xref
INFO    : *              located within: "exer_prove_bs_length5_three0s_or_three1s" (xml:id), "\exerU" (title)
ERROR   : * PTX:ERROR:   a cross-reference ("xref") uses references [pff_contradiction] that do not point to any target, or perhaps point to multiple targets.  Maybe you typed an @xml:id value wrong, maybe the target of the @xml:id is nonexistent, or maybe you temporarily removed the target from your source, or maybe an auxiliary file contains a duplicate.  Your output will contain some placeholder text that you will not want to distribute to your readers.
INFO    : *              located at: pretext/book/chapter/section/subsection/subsubsection/exercise/statement/p/xref
INFO    : *              located within: "exer_contradiction_coprime" (xml:id), "\exerU" (title)
ERROR   : * PTX:ERROR:   a cross-reference ("xref") uses references [pff_exists] that do not point to any target, or perhaps point to multiple targets.  Maybe you typed an @xml:id value wrong, maybe the target of the @xml:id is nonexistent, or maybe you temporarily removed the target from your source, or maybe an auxiliary file contains a duplicate.  Your output will contain some placeholder text that you will not want to distribute to your readers.
INFO    : *              located at: pretext/book/chapter/section/subsection/activity/p/ol/li/p/xref
INFO    : *              located within: "part_exists_int_4div" (xml:id)
ERROR   : * PTX:ERROR:   a cross-reference ("xref") uses references [pff_forall] that do not point to any target, or perhaps point to multiple targets.  Maybe you typed an @xml:id value wrong, maybe the target of the @xml:id is nonexistent, or maybe you temporarily removed the target from your source, or maybe an auxiliary file contains a duplicate.  Your output will contain some placeholder text that you will not want to distribute to your readers.
INFO    : *              located at: pretext/book/chapter/section/subsection/activity/p/ol/li/p/xref
INFO    : *              located within: "part_ndivnfactorial" (xml:id)
ERROR   : * PTX:ERROR:   a cross-reference ("xref") uses references [pff_forall] that do not point to any target, or perhaps point to multiple targets.  Maybe you typed an @xml:id value wrong, maybe the target of the @xml:id is nonexistent, or maybe you temporarily removed the target from your source, or maybe an auxiliary file contains a duplicate.  Your output will contain some placeholder text that you will not want to distribute to your readers.
INFO    : *              located at: pretext/book/chapter/section/subsection/activity/p/ol/li/p/xref
INFO    : *              located within: "part_proof_forall_exists" (xml:id)
ERROR   : * PTX:ERROR:   a cross-reference ("xref") uses references [pff_exists] that do not point to any target, or perhaps point to multiple targets.  Maybe you typed an @xml:id value wrong, maybe the target of the @xml:id is nonexistent, or maybe you temporarily removed the target from your source, or maybe an auxiliary file contains a duplicate.  Your output will contain some placeholder text that you will not want to distribute to your readers.
INFO    : *              located at: pretext/book/chapter/section/subsection/activity/p/ol/li/p/xref
INFO    : *              located within: "part_proof_forall_exists" (xml:id)
ERROR   : * PTX:ERROR:   a cross-reference ("xref") uses references [pff_exists] that do not point to any target, or perhaps point to multiple targets.  Maybe you typed an @xml:id value wrong, maybe the target of the @xml:id is nonexistent, or maybe you temporarily removed the target from your source, or maybe an auxiliary file contains a duplicate.  Your output will contain some placeholder text that you will not want to distribute to your readers.
INFO    : *              located at: pretext/book/chapter/section/subsection/activity/p/ol/li/p/xref
INFO    : *              located within: "part_proof_exists_forall" (xml:id)
ERROR   : * PTX:ERROR:   a cross-reference ("xref") uses references [pff_forall] that do not point to any target, or perhaps point to multiple targets.  Maybe you typed an @xml:id value wrong, maybe the target of the @xml:id is nonexistent, or maybe you temporarily removed the target from your source, or maybe an auxiliary file contains a duplicate.  Your output will contain some placeholder text that you will not want to distribute to your readers.
INFO    : *              located at: pretext/book/chapter/section/subsection/activity/p/ol/li/p/xref
INFO    : *              located within: "part_proof_exists_forall" (xml:id)
ERROR   : * PTX:ERROR:   a cross-reference ("xref") uses references [pff_forall] that do not point to any target, or perhaps point to multiple targets.  Maybe you typed an @xml:id value wrong, maybe the target of the @xml:id is nonexistent, or maybe you temporarily removed the target from your source, or maybe an auxiliary file contains a duplicate.  Your output will contain some placeholder text that you will not want to distribute to your readers.
INFO    : *              located at: pretext/book/chapter/section/subsection/activity/p/ol/li/p/xref
INFO    : *              located within: "part_proof_forall_exists" (xml:id)
ERROR   : * PTX:ERROR:   a cross-reference ("xref") uses references [pff_exists] that do not point to any target, or perhaps point to multiple targets.  Maybe you typed an @xml:id value wrong, maybe the target of the @xml:id is nonexistent, or maybe you temporarily removed the target from your source, or maybe an auxiliary file contains a duplicate.  Your output will contain some placeholder text that you will not want to distribute to your readers.
INFO    : *              located at: pretext/book/chapter/section/subsection/activity/p/ol/li/p/xref
INFO    : *              located within: "part_proof_forall_exists" (xml:id)
ERROR   : * PTX:ERROR:   a cross-reference ("xref") uses references [pff_exists] that do not point to any target, or perhaps point to multiple targets.  Maybe you typed an @xml:id value wrong, maybe the target of the @xml:id is nonexistent, or maybe you temporarily removed the target from your source, or maybe an auxiliary file contains a duplicate.  Your output will contain some placeholder text that you will not want to distribute to your readers.
INFO    : *              located at: pretext/book/chapter/section/subsection/activity/p/ol/li/p/xref
INFO    : *              located within: "part_proof_exists_forall" (xml:id)
ERROR   : * PTX:ERROR:   a cross-reference ("xref") uses references [pff_forall] that do not point to any target, or perhaps point to multiple targets.  Maybe you typed an @xml:id value wrong, maybe the target of the @xml:id is nonexistent, or maybe you temporarily removed the target from your source, or maybe an auxiliary file contains a duplicate.  Your output will contain some placeholder text that you will not want to distribute to your readers.
INFO    : *              located at: pretext/book/chapter/section/subsection/activity/p/ol/li/p/xref
INFO    : *              located within: "part_proof_exists_forall" (xml:id)
ERROR   : * PTX:ERROR:   a cross-reference ("xref") uses references [pff_exists] that do not point to any target, or perhaps point to multiple targets.  Maybe you typed an @xml:id value wrong, maybe the target of the @xml:id is nonexistent, or maybe you temporarily removed the target from your source, or maybe an auxiliary file contains a duplicate.  Your output will contain some placeholder text that you will not want to distribute to your readers.
INFO    : *              located at: pretext/book/chapter/section/subsection/subsubsection/exercise/statement/p/xref
INFO    : *              located within: "exer_easy_proofs_exists" (xml:id), "\exerP" (title)
ERROR   : * PTX:ERROR:   a cross-reference ("xref") uses references [pff_forall] that do not point to any target, or perhaps point to multiple targets.  Maybe you typed an @xml:id value wrong, maybe the target of the @xml:id is nonexistent, or maybe you temporarily removed the target from your source, or maybe an auxiliary file contains a duplicate.  Your output will contain some placeholder text that you will not want to distribute to your readers.
INFO    : *              located at: pretext/book/chapter/section/subsection/subsubsection/exercise/statement/p/xref
INFO    : *              located within: "exer_easy_proofs_forall" (xml:id), "\exerP" (title)
ERROR   : * PTX:ERROR:   a cross-reference ("xref") uses references [pff_forall] that do not point to any target, or perhaps point to multiple targets.  Maybe you typed an @xml:id value wrong, maybe the target of the @xml:id is nonexistent, or maybe you temporarily removed the target from your source, or maybe an auxiliary file contains a duplicate.  Your output will contain some placeholder text that you will not want to distribute to your readers.
INFO    : *              located at: pretext/book/chapter/section/subsection/example/solution/p/xref
INFO    : *              located within: "exam_6qminus10_is_even" (xml:id), "6q-10 is even" (title)
ERROR   : * PTX:ERROR:   a cross-reference ("xref") uses references [pff_exists] that do not point to any target, or perhaps point to multiple targets.  Maybe you typed an @xml:id value wrong, maybe the target of the @xml:id is nonexistent, or maybe you temporarily removed the target from your source, or maybe an auxiliary file contains a duplicate.  Your output will contain some placeholder text that you will not want to distribute to your readers.
INFO    : *              located at: pretext/book/chapter/section/subsection/activity/p/ol/li/p/xref
INFO    : *              located within: "part_exists_int_4div" (xml:id)
ERROR   : * PTX:ERROR:   a cross-reference ("xref") uses references [pff_forall] that do not point to any target, or perhaps point to multiple targets.  Maybe you typed an @xml:id value wrong, maybe the target of the @xml:id is nonexistent, or maybe you temporarily removed the target from your source, or maybe an auxiliary file contains a duplicate.  Your output will contain some placeholder text that you will not want to distribute to your readers.
INFO    : *              located at: pretext/book/chapter/section/subsection/activity/p/ol/li/p/xref
INFO    : *              located within: "part_ndivnfactorial" (xml:id)
ERROR   : * PTX:ERROR:   a cross-reference ("xref") uses references [pff_forall] that do not point to any target, or perhaps point to multiple targets.  Maybe you typed an @xml:id value wrong, maybe the target of the @xml:id is nonexistent, or maybe you temporarily removed the target from your source, or maybe an auxiliary file contains a duplicate.  Your output will contain some placeholder text that you will not want to distribute to your readers.
INFO    : *              located at: pretext/book/chapter/section/subsection/subsubsection/exercise/statement/p/xref
INFO    : *              located within: "exer_proof_exists_forall" (xml:id), "\exerU" (title)
ERROR   : * PTX:ERROR:   a cross-reference ("xref") uses references [pff_exists] that do not point to any target, or perhaps point to multiple targets.  Maybe you typed an @xml:id value wrong, maybe the target of the @xml:id is nonexistent, or maybe you temporarily removed the target from your source, or maybe an auxiliary file contains a duplicate.  Your output will contain some placeholder text that you will not want to distribute to your readers.
INFO    : *              located at: pretext/book/chapter/section/subsection/subsubsection/exercise/statement/p/xref
INFO    : *              located within: "exer_proof_exists_forall" (xml:id), "\exerU" (title)
ERROR   : * PTX:ERROR:   a cross-reference ("xref") uses references [pff_forall] that do not point to any target, or perhaps point to multiple targets.  Maybe you typed an @xml:id value wrong, maybe the target of the @xml:id is nonexistent, or maybe you temporarily removed the target from your source, or maybe an auxiliary file contains a duplicate.  Your output will contain some placeholder text that you will not want to distribute to your readers.
INFO    : *              located at: pretext/book/chapter/section/subsection/subsubsection/exercise/statement/p/xref
INFO    : *              located within: "exer_rational_soln" (xml:id), "\exerU" (title)
ERROR   : * PTX:ERROR:   a cross-reference ("xref") uses references [pff_exists] that do not point to any target, or perhaps point to multiple targets.  Maybe you typed an @xml:id value wrong, maybe the target of the @xml:id is nonexistent, or maybe you temporarily removed the target from your source, or maybe an auxiliary file contains a duplicate.  Your output will contain some placeholder text that you will not want to distribute to your readers.
INFO    : *              located at: pretext/book/chapter/section/subsection/subsubsection/exercise/statement/p/xref
INFO    : *              located within: "exer_rational_soln" (xml:id), "\exerU" (title)
ERROR   : * PTX:ERROR:   a cross-reference ("xref") uses references [pff_forall] that do not point to any target, or perhaps point to multiple targets.  Maybe you typed an @xml:id value wrong, maybe the target of the @xml:id is nonexistent, or maybe you temporarily removed the target from your source, or maybe an auxiliary file contains a duplicate.  Your output will contain some placeholder text that you will not want to distribute to your readers.
INFO    : *              located at: pretext/book/chapter/section/subsection/activity/p/ol/li/p/xref
INFO    : *              located within: "part_if_then_direct" (xml:id)
ERROR   : * PTX:ERROR:   a cross-reference ("xref") uses references [pff_if_then_direct] that do not point to any target, or perhaps point to multiple targets.  Maybe you typed an @xml:id value wrong, maybe the target of the @xml:id is nonexistent, or maybe you temporarily removed the target from your source, or maybe an auxiliary file contains a duplicate.  Your output will contain some placeholder text that you will not want to distribute to your readers.
INFO    : *              located at: pretext/book/chapter/section/subsection/activity/p/ol/li/p/xref
INFO    : *              located within: "part_if_then_direct" (xml:id)
ERROR   : * PTX:ERROR:   a cross-reference ("xref") uses references [pff_forall] that do not point to any target, or perhaps point to multiple targets.  Maybe you typed an @xml:id value wrong, maybe the target of the @xml:id is nonexistent, or maybe you temporarily removed the target from your source, or maybe an auxiliary file contains a duplicate.  Your output will contain some placeholder text that you will not want to distribute to your readers.
INFO    : *              located at: pretext/book/chapter/section/subsection/activity/p/ol/li/p/xref
INFO    : *              located within: "part_or_implication" (xml:id)
ERROR   : * PTX:ERROR:   a cross-reference ("xref") uses references [pff_or_implication] that do not point to any target, or perhaps point to multiple targets.  Maybe you typed an @xml:id value wrong, maybe the target of the @xml:id is nonexistent, or maybe you temporarily removed the target from your source, or maybe an auxiliary file contains a duplicate.  Your output will contain some placeholder text that you will not want to distribute to your readers.
INFO    : *              located at: pretext/book/chapter/section/subsection/activity/p/ol/li/p/xref
INFO    : *              located within: "part_or_implication" (xml:id)
ERROR   : * PTX:ERROR:   a cross-reference ("xref") uses references [pff_forall] that do not point to any target, or perhaps point to multiple targets.  Maybe you typed an @xml:id value wrong, maybe the target of the @xml:id is nonexistent, or maybe you temporarily removed the target from your source, or maybe an auxiliary file contains a duplicate.  Your output will contain some placeholder text that you will not want to distribute to your readers.
INFO    : *              located at: pretext/book/chapter/section/subsection/subsubsection/exercise/statement/p/ol/li/p/xref
INFO    : *              located within: "part_EAthm_implies" (xml:id)
ERROR   : * PTX:ERROR:   a cross-reference ("xref") uses references [pff_if_then_direct] that do not point to any target, or perhaps point to multiple targets.  Maybe you typed an @xml:id value wrong, maybe the target of the @xml:id is nonexistent, or maybe you temporarily removed the target from your source, or maybe an auxiliary file contains a duplicate.  Your output will contain some placeholder text that you will not want to distribute to your readers.
INFO    : *              located at: pretext/book/chapter/section/subsection/subsubsection/exercise/statement/p/ol/li/p/xref
INFO    : *              located within: "part_EAthm_implies" (xml:id)
ERROR   : * PTX:ERROR:   a cross-reference ("xref") uses references [pff_forall] that do not point to any target, or perhaps point to multiple targets.  Maybe you typed an @xml:id value wrong, maybe the target of the @xml:id is nonexistent, or maybe you temporarily removed the target from your source, or maybe an auxiliary file contains a duplicate.  Your output will contain some placeholder text that you will not want to distribute to your readers.
INFO    : *              located at: pretext/book/chapter/section/subsection/subsubsection/exercise/statement/p/ol/li/p/xref
INFO    : *              located within: "part_EAthm_converse" (xml:id)
ERROR   : * PTX:ERROR:   a cross-reference ("xref") uses references [pff_if_then_direct] that do not point to any target, or perhaps point to multiple targets.  Maybe you typed an @xml:id value wrong, maybe the target of the @xml:id is nonexistent, or maybe you temporarily removed the target from your source, or maybe an auxiliary file contains a duplicate.  Your output will contain some placeholder text that you will not want to distribute to your readers.
INFO    : *              located at: pretext/book/chapter/section/subsection/subsubsection/exercise/statement/p/ol/li/p/xref
INFO    : *              located within: "part_EAthm_converse" (xml:id)
ERROR   : * PTX:ERROR:   a cross-reference ("xref") uses references [pff_forall] that do not point to any target, or perhaps point to multiple targets.  Maybe you typed an @xml:id value wrong, maybe the target of the @xml:id is nonexistent, or maybe you temporarily removed the target from your source, or maybe an auxiliary file contains a duplicate.  Your output will contain some placeholder text that you will not want to distribute to your readers.
INFO    : *              located at: pretext/book/chapter/section/subsection/subsubsection/exercise/statement/p/xref
INFO    : *              located within: "exer_mult6_is_mult3" (xml:id), "\exerP" (title)
ERROR   : * PTX:ERROR:   a cross-reference ("xref") uses references [pff_if_then_direct] that do not point to any target, or perhaps point to multiple targets.  Maybe you typed an @xml:id value wrong, maybe the target of the @xml:id is nonexistent, or maybe you temporarily removed the target from your source, or maybe an auxiliary file contains a duplicate.  Your output will contain some placeholder text that you will not want to distribute to your readers.
INFO    : *              located at: pretext/book/chapter/section/subsection/subsubsection/exercise/statement/p/xref
INFO    : *              located within: "exer_mult6_is_mult3" (xml:id), "\exerP" (title)
ERROR   : * PTX:ERROR:   a cross-reference ("xref") uses references [pff_forall] that do not point to any target, or perhaps point to multiple targets.  Maybe you typed an @xml:id value wrong, maybe the target of the @xml:id is nonexistent, or maybe you temporarily removed the target from your source, or maybe an auxiliary file contains a duplicate.  Your output will contain some placeholder text that you will not want to distribute to your readers.
INFO    : *              located at: pretext/book/chapter/section/subsection/subsubsection/exercise/statement/p/xref
INFO    : *              located within: "exer_proof_sums_prod_even_odd" (xml:id), "\exerU" (title)
ERROR   : * PTX:ERROR:   a cross-reference ("xref") uses references [pff_and] that do not point to any target, or perhaps point to multiple targets.  Maybe you typed an @xml:id value wrong, maybe the target of the @xml:id is nonexistent, or maybe you temporarily removed the target from your source, or maybe an auxiliary file contains a duplicate.  Your output will contain some placeholder text that you will not want to distribute to your readers.
INFO    : *              located at: pretext/book/chapter/section/subsection/subsubsection/exercise/statement/p/xref
INFO    : *              located within: "exer_proof_sums_prod_even_odd" (xml:id), "\exerU" (title)
ERROR   : * PTX:ERROR:   a cross-reference ("xref") uses references [pff_if_then_direct] that do not point to any target, or perhaps point to multiple targets.  Maybe you typed an @xml:id value wrong, maybe the target of the @xml:id is nonexistent, or maybe you temporarily removed the target from your source, or maybe an auxiliary file contains a duplicate.  Your output will contain some placeholder text that you will not want to distribute to your readers.
INFO    : *              located at: pretext/book/chapter/section/subsection/subsubsection/exercise/statement/p/xref
INFO    : *              located within: "exer_proof_sums_prod_even_odd" (xml:id), "\exerU" (title)
ERROR   : * PTX:ERROR:   a cross-reference ("xref") uses references [pff_forall] that do not point to any target, or perhaps point to multiple targets.  Maybe you typed an @xml:id value wrong, maybe the target of the @xml:id is nonexistent, or maybe you temporarily removed the target from your source, or maybe an auxiliary file contains a duplicate.  Your output will contain some placeholder text that you will not want to distribute to your readers.
INFO    : *              located at: pretext/book/chapter/section/subsection/subsubsection/exercise/statement/p/xref
INFO    : *              located within: "exer_divides_transitive" (xml:id), "\exerU" (title)
ERROR   : * PTX:ERROR:   a cross-reference ("xref") uses references [pff_if_then_direct] that do not point to any target, or perhaps point to multiple targets.  Maybe you typed an @xml:id value wrong, maybe the target of the @xml:id is nonexistent, or maybe you temporarily removed the target from your source, or maybe an auxiliary file contains a duplicate.  Your output will contain some placeholder text that you will not want to distribute to your readers.
INFO    : *              located at: pretext/book/chapter/section/subsection/subsubsection/exercise/statement/p/xref
INFO    : *              located within: "exer_divides_transitive" (xml:id), "\exerU" (title)
ERROR   : * PTX:ERROR:   a cross-reference ("xref") uses references [pff_forall] that do not point to any target, or perhaps point to multiple targets.  Maybe you typed an @xml:id value wrong, maybe the target of the @xml:id is nonexistent, or maybe you temporarily removed the target from your source, or maybe an auxiliary file contains a duplicate.  Your output will contain some placeholder text that you will not want to distribute to your readers.
INFO    : *              located at: pretext/book/chapter/section/subsection/subsubsection/exercise/statement/p/xref
INFO    : *              located within: "exer_last_digit_even_odd" (xml:id), "\exerE" (title)
ERROR   : * PTX:ERROR:   a cross-reference ("xref") uses references [pff_and] that do not point to any target, or perhaps point to multiple targets.  Maybe you typed an @xml:id value wrong, maybe the target of the @xml:id is nonexistent, or maybe you temporarily removed the target from your source, or maybe an auxiliary file contains a duplicate.  Your output will contain some placeholder text that you will not want to distribute to your readers.
INFO    : *              located at: pretext/book/chapter/section/subsection/subsubsection/exercise/statement/p/xref
INFO    : *              located within: "exer_last_digit_even_odd" (xml:id), "\exerE" (title)
ERROR   : * PTX:ERROR:   a cross-reference ("xref") uses references [pff_if_then_direct] that do not point to any target, or perhaps point to multiple targets.  Maybe you typed an @xml:id value wrong, maybe the target of the @xml:id is nonexistent, or maybe you temporarily removed the target from your source, or maybe an auxiliary file contains a duplicate.  Your output will contain some placeholder text that you will not want to distribute to your readers.
INFO    : *              located at: pretext/book/chapter/section/subsection/subsubsection/exercise/statement/p/xref
INFO    : *              located within: "exer_last_digit_even_odd" (xml:id), "\exerE" (title)
ERROR   : * PTX:ERROR:   a cross-reference ("xref") uses references [pff_forall] that do not point to any target, or perhaps point to multiple targets.  Maybe you typed an @xml:id value wrong, maybe the target of the @xml:id is nonexistent, or maybe you temporarily removed the target from your source, or maybe an auxiliary file contains a duplicate.  Your output will contain some placeholder text that you will not want to distribute to your readers.
INFO    : *              located at: pretext/book/chapter/section/subsection/subsubsection/exercise/statement/p/ol/li/p/xref
INFO    : *              located within: "exer_integer_or_next_is_even" (xml:id), "\exerP" (title)
ERROR   : * PTX:ERROR:   a cross-reference ("xref") uses references [pff_or_implication] that do not point to any target, or perhaps point to multiple targets.  Maybe you typed an @xml:id value wrong, maybe the target of the @xml:id is nonexistent, or maybe you temporarily removed the target from your source, or maybe an auxiliary file contains a duplicate.  Your output will contain some placeholder text that you will not want to distribute to your readers.
INFO    : *              located at: pretext/book/chapter/section/subsection/subsubsection/exercise/statement/p/ol/li/p/xref
INFO    : *              located within: "exer_integer_or_next_is_even" (xml:id), "\exerP" (title)
ERROR   : * PTX:ERROR:   a cross-reference ("xref") uses references [pff_forall] that do not point to any target, or perhaps point to multiple targets.  Maybe you typed an @xml:id value wrong, maybe the target of the @xml:id is nonexistent, or maybe you temporarily removed the target from your source, or maybe an auxiliary file contains a duplicate.  Your output will contain some placeholder text that you will not want to distribute to your readers.
INFO    : *              located at: pretext/book/chapter/section/subsection/activity/p/ol/li/p/xref
INFO    : *              located within: "part_if_then_direct" (xml:id)
ERROR   : * PTX:ERROR:   a cross-reference ("xref") uses references [pff_if_then_direct] that do not point to any target, or perhaps point to multiple targets.  Maybe you typed an @xml:id value wrong, maybe the target of the @xml:id is nonexistent, or maybe you temporarily removed the target from your source, or maybe an auxiliary file contains a duplicate.  Your output will contain some placeholder text that you will not want to distribute to your readers.
INFO    : *              located at: pretext/book/chapter/section/subsection/activity/p/ol/li/p/xref
INFO    : *              located within: "part_if_then_direct" (xml:id)
ERROR   : * PTX:ERROR:   a cross-reference ("xref") uses references [pff_if_then_cp] that do not point to any target, or perhaps point to multiple targets.  Maybe you typed an @xml:id value wrong, maybe the target of the @xml:id is nonexistent, or maybe you temporarily removed the target from your source, or maybe an auxiliary file contains a duplicate.  Your output will contain some placeholder text that you will not want to distribute to your readers.
INFO    : *              located at: pretext/book/chapter/section/subsection/subsubsection/exercise/statement/p/xref
INFO    : *              located within: "exer_proof_sq_even_implies_even" (xml:id), "\exerP" (title)
ERROR   : * PTX:ERROR:   a cross-reference ("xref") uses references [pff_iff] that do not point to any target, or perhaps point to multiple targets.  Maybe you typed an @xml:id value wrong, maybe the target of the @xml:id is nonexistent, or maybe you temporarily removed the target from your source, or maybe an auxiliary file contains a duplicate.  Your output will contain some placeholder text that you will not want to distribute to your readers.
INFO    : *              located at: pretext/book/chapter/section/subsection/subsubsection/exercise/statement/p/xref
INFO    : *              located within: "exer_proof_iff_even" (xml:id), "\exerP" (title)
ERROR   : * PTX:ERROR:   a cross-reference ("xref") uses references [pff_iff] that do not point to any target, or perhaps point to multiple targets.  Maybe you typed an @xml:id value wrong, maybe the target of the @xml:id is nonexistent, or maybe you temporarily removed the target from your source, or maybe an auxiliary file contains a duplicate.  Your output will contain some placeholder text that you will not want to distribute to your readers.
INFO    : *              located at: pretext/book/chapter/section/subsection/subsubsection/exercise/statement/p/xref
INFO    : *              located within: "exer_proof_iff_solution" (xml:id), "\exerP" (title)
ERROR   : * PTX:ERROR:   a cross-reference ("xref") uses references [pff_if_then_cp] that do not point to any target, or perhaps point to multiple targets.  Maybe you typed an @xml:id value wrong, maybe the target of the @xml:id is nonexistent, or maybe you temporarily removed the target from your source, or maybe an auxiliary file contains a duplicate.  Your output will contain some placeholder text that you will not want to distribute to your readers.
INFO    : *              located at: pretext/book/chapter/section/subsection/subsubsection/exercise/statement/p/xref
INFO    : *              located within: "exer_proof_3m_odd" (xml:id), "\exerP" (title)
ERROR   : * PTX:ERROR:   a cross-reference ("xref") uses references [pff_if_then_cp] that do not point to any target, or perhaps point to multiple targets.  Maybe you typed an @xml:id value wrong, maybe the target of the @xml:id is nonexistent, or maybe you temporarily removed the target from your source, or maybe an auxiliary file contains a duplicate.  Your output will contain some placeholder text that you will not want to distribute to your readers.
INFO    : *              located at: pretext/book/chapter/section/subsection/subsubsection/exercise/statement/p/xref
INFO    : *              located within: "exer_prove_only_check_prime_divisors" (xml:id), "\exerU" (title)
ERROR   : * PTX:ERROR:   a cross-reference ("xref") uses references [pff_if_then_cp] that do not point to any target, or perhaps point to multiple targets.  Maybe you typed an @xml:id value wrong, maybe the target of the @xml:id is nonexistent, or maybe you temporarily removed the target from your source, or maybe an auxiliary file contains a duplicate.  Your output will contain some placeholder text that you will not want to distribute to your readers.
INFO    : *              located at: pretext/book/chapter/section/subsection/subsubsection/exercise/statement/p/xref
INFO    : *              located within: "exer_prove_only_check_to_sqrtn" (xml:id), "\exerU" (title)
ERROR   : * PTX:ERROR:   a cross-reference ("xref") uses references [pff_iff] that do not point to any target, or perhaps point to multiple targets.  Maybe you typed an @xml:id value wrong, maybe the target of the @xml:id is nonexistent, or maybe you temporarily removed the target from your source, or maybe an auxiliary file contains a duplicate.  Your output will contain some placeholder text that you will not want to distribute to your readers.
INFO    : *              located at: pretext/book/chapter/section/subsection/subsubsection/exercise/statement/p/xref
INFO    : *              located within: "exer_proof_iff_using_cp_evens" (xml:id), "\exerE" (title)
ERROR   : * PTX:ERROR:   a cross-reference ("xref") uses references [pff_if_then_cp] that do not point to any target, or perhaps point to multiple targets.  Maybe you typed an @xml:id value wrong, maybe the target of the @xml:id is nonexistent, or maybe you temporarily removed the target from your source, or maybe an auxiliary file contains a duplicate.  Your output will contain some placeholder text that you will not want to distribute to your readers.
INFO    : *              located at: pretext/book/chapter/section/subsection/subsubsection/exercise/statement/p/xref
INFO    : *              located within: "exer_proof_iff_using_cp_evens" (xml:id), "\exerE" (title)
ERROR   : * PTX:ERROR:   a cross-reference ("xref") uses references [pff_if_then_direct] that do not point to any target, or perhaps point to multiple targets.  Maybe you typed an @xml:id value wrong, maybe the target of the @xml:id is nonexistent, or maybe you temporarily removed the target from your source, or maybe an auxiliary file contains a duplicate.  Your output will contain some placeholder text that you will not want to distribute to your readers.
INFO    : *              located at: pretext/book/chapter/section/subsection/activity/p/ol/li/p/xref
INFO    : *              located within: "act_proofs_equiv_infer" (xml:id), "Proofs with equivalences and inferences" (title)
ERROR   : * PTX:ERROR:   a cross-reference ("xref") uses references [pff_contradiction] that do not point to any target, or perhaps point to multiple targets.  Maybe you typed an @xml:id value wrong, maybe the target of the @xml:id is nonexistent, or maybe you temporarily removed the target from your source, or maybe an auxiliary file contains a duplicate.  Your output will contain some placeholder text that you will not want to distribute to your readers.
INFO    : *              located at: pretext/book/chapter/section/subsection/subsubsection/exercise/statement/p/xref
INFO    : *              located within: "exer_proof_infer_contradiction" (xml:id), "\exerU" (title)
ERROR   : * PTX:ERROR:   a cross-reference ("xref") uses references [pff_if_then_direct] that do not point to any target, or perhaps point to multiple targets.  Maybe you typed an @xml:id value wrong, maybe the target of the @xml:id is nonexistent, or maybe you temporarily removed the target from your source, or maybe an auxiliary file contains a duplicate.  Your output will contain some placeholder text that you will not want to distribute to your readers.
INFO    : *              located at: pretext/book/chapter/section/subsection/subsubsection/exercise/statement/p/ol/li/p/xref
INFO    : *              located within: "exer_defn_increasing" (xml:id), "\exerE" (title)
ERROR   : * PTX:ERROR:   a cross-reference ("xref") uses references [pff_forall] that do not point to any target, or perhaps point to multiple targets.  Maybe you typed an @xml:id value wrong, maybe the target of the @xml:id is nonexistent, or maybe you temporarily removed the target from your source, or maybe an auxiliary file contains a duplicate.  Your output will contain some placeholder text that you will not want to distribute to your readers.
INFO    : *              located at: pretext/book/chapter/section/subsection/example/statement/p/xref
INFO    : *              located within: "exam_proof_onto" (xml:id), "Proof that a function is onto" (title)
ERROR   : * PTX:ERROR:   a cross-reference ("xref") uses references [pff_exists] that do not point to any target, or perhaps point to multiple targets.  Maybe you typed an @xml:id value wrong, maybe the target of the @xml:id is nonexistent, or maybe you temporarily removed the target from your source, or maybe an auxiliary file contains a duplicate.  Your output will contain some placeholder text that you will not want to distribute to your readers.
INFO    : *              located at: pretext/book/chapter/section/subsection/example/statement/p/xref
INFO    : *              located within: "exam_proof_onto" (xml:id), "Proof that a function is onto" (title)
ERROR   : * PTX:ERROR:   a cross-reference ("xref") uses references [pff_exists] that do not point to any target, or perhaps point to multiple targets.  Maybe you typed an @xml:id value wrong, maybe the target of the @xml:id is nonexistent, or maybe you temporarily removed the target from your source, or maybe an auxiliary file contains a duplicate.  Your output will contain some placeholder text that you will not want to distribute to your readers.
INFO    : *              located at: pretext/book/chapter/section/subsection/example/solution/p/xref
INFO    : *              located within: "exam_proof_onto" (xml:id), "Proof that a function is onto" (title)
ERROR   : * PTX:ERROR:   a cross-reference ("xref") uses references [pff_forall] that do not point to any target, or perhaps point to multiple targets.  Maybe you typed an @xml:id value wrong, maybe the target of the @xml:id is nonexistent, or maybe you temporarily removed the target from your source, or maybe an auxiliary file contains a duplicate.  Your output will contain some placeholder text that you will not want to distribute to your readers.
INFO    : *              located at: pretext/book/chapter/section/subsection/example/solution/p/xref
INFO    : *              located within: "exam_proof_onto" (xml:id), "Proof that a function is onto" (title)
ERROR   : * PTX:ERROR:   a cross-reference ("xref") uses references [pff_unique_direct] that do not point to any target, or perhaps point to multiple targets.  Maybe you typed an @xml:id value wrong, maybe the target of the @xml:id is nonexistent, or maybe you temporarily removed the target from your source, or maybe an auxiliary file contains a duplicate.  Your output will contain some placeholder text that you will not want to distribute to your readers.
INFO    : *              located at: pretext/book/chapter/section/subsection/subsubsection/exercise/statement/p/xref
INFO    : *              located within: "exer_direct_unique" (xml:id), "\exerP" (title)
ERROR   : * PTX:ERROR:   a cross-reference ("xref") uses references [pff_exists_unique] that do not point to any target, or perhaps point to multiple targets.  Maybe you typed an @xml:id value wrong, maybe the target of the @xml:id is nonexistent, or maybe you temporarily removed the target from your source, or maybe an auxiliary file contains a duplicate.  Your output will contain some placeholder text that you will not want to distribute to your readers.
INFO    : *              located at: pretext/book/chapter/section/subsection/subsubsection/exercise/statement/p/xref
INFO    : *              located within: "exer_prove_uniq_soln" (xml:id)
ERROR   : * PTX:ERROR:   a cross-reference ("xref") uses references [pff_if_then_direct] that do not point to any target, or perhaps point to multiple targets.  Maybe you typed an @xml:id value wrong, maybe the target of the @xml:id is nonexistent, or maybe you temporarily removed the target from your source, or maybe an auxiliary file contains a duplicate.  Your output will contain some placeholder text that you will not want to distribute to your readers.
INFO    : *              located at: pretext/book/chapter/section/subsection/example/statement/p/ol/li/p/solution/p/xref
INFO    : *              located within: "part_subset_proof" (xml:id)
ERROR   : * PTX:ERROR:   a cross-reference ("xref") uses references [pff_if_then_direct] that do not point to any target, or perhaps point to multiple targets.  Maybe you typed an @xml:id value wrong, maybe the target of the @xml:id is nonexistent, or maybe you temporarily removed the target from your source, or maybe an auxiliary file contains a duplicate.  Your output will contain some placeholder text that you will not want to distribute to your readers.
INFO    : *              located at: pretext/book/chapter/section/subsection/example/statement/p/ol/li/p/solution/p/xref
INFO    : *              located within: "part_subset_proof" (xml:id)
ERROR   : * PTX:ERROR:   a cross-reference ("xref") uses references [pff_if_then_direct] that do not point to any target, or perhaps point to multiple targets.  Maybe you typed an @xml:id value wrong, maybe the target of the @xml:id is nonexistent, or maybe you temporarily removed the target from your source, or maybe an auxiliary file contains a duplicate.  Your output will contain some placeholder text that you will not want to distribute to your readers.
INFO    : *              located at: pretext/book/chapter/section/subsection/example/statement/p/ol/li/p/solution/p/xref
INFO    : *              located within: "part_proof_cong" (xml:id)
ERROR   : * PTX:ERROR:   a cross-reference ("xref") uses references [pff_if_then_direct] that do not point to any target, or perhaps point to multiple targets.  Maybe you typed an @xml:id value wrong, maybe the target of the @xml:id is nonexistent, or maybe you temporarily removed the target from your source, or maybe an auxiliary file contains a duplicate.  Your output will contain some placeholder text that you will not want to distribute to your readers.
INFO    : *              located at: pretext/book/chapter/section/subsection/example/statement/p/ol/li/p/solution/p/xref
INFO    : *              located within: "part_proof_cong" (xml:id)
WARNING : * PTX:WARNING: Unstructured content within a list item is being ignored ("For example,")
INFO    : *              located at: pretext/book/chapter/section/subsection/definition/statement/p/ol/li
INFO    : *              located within: "defn_proper_bs" (xml:id), "Proper bit strings" (title)
WARNING : * PTX:WARNING: Unstructured content within a list item is being ignored ("is proper, as we show in")
INFO    : *              located at: pretext/book/chapter/section/subsection/definition/statement/p/ol/li
INFO    : *              located within: "defn_proper_bs" (xml:id), "Proper bit strings" (title)
WARNING : * PTX:WARNING: Unstructured content within a list item is being ignored (".")
INFO    : *              located at: pretext/book/chapter/section/subsection/definition/statement/p/ol/li
INFO    : *              located within: "defn_proper_bs" (xml:id), "Proper bit strings" (title)
ERROR   : * PTX:ERROR:   a cross-reference ("xref") uses references [pff_math_ind_matrix] that do not point to any target, or perhaps point to multiple targets.  Maybe you typed an @xml:id value wrong, maybe the target of the @xml:id is nonexistent, or maybe you temporarily removed the target from your source, or maybe an auxiliary file contains a duplicate.  Your output will contain some placeholder text that you will not want to distribute to your readers.
INFO    : *              located at: pretext/book/chapter/section/subsection/subsubsection/exercise/statement/p/xref
INFO    : *              located within: "exer_fib_matrix_another_proof" (xml:id), "\exerU" (title)
ERROR   : * PTX:ERROR:   a cross-reference ("xref") uses references [pff_math_ind_matrix] that do not point to any target, or perhaps point to multiple targets.  Maybe you typed an @xml:id value wrong, maybe the target of the @xml:id is nonexistent, or maybe you temporarily removed the target from your source, or maybe an auxiliary file contains a duplicate.  Your output will contain some placeholder text that you will not want to distribute to your readers.
INFO    : *              located at: pretext/book/chapter/section/subsection/example/statement/p/ol/li/p/xref
INFO    : *              located within: "part_proof_matrix_fib" (xml:id)
ERROR   : * PTX:ERROR:   a cross-reference ("xref") uses references [pff_math_ind_matrix] that do not point to any target, or perhaps point to multiple targets.  Maybe you typed an @xml:id value wrong, maybe the target of the @xml:id is nonexistent, or maybe you temporarily removed the target from your source, or maybe an auxiliary file contains a duplicate.  Your output will contain some placeholder text that you will not want to distribute to your readers.
INFO    : *              located at: pretext/book/chapter/section/subsection/example/statement/p/ol/li/p/solution/p/xref
INFO    : *              located within: "part_proof_matrix_fib" (xml:id)
ERROR   : * PTX:ERROR:   a cross-reference ("xref") uses references [pff_math_ind_matrix] that do not point to any target, or perhaps point to multiple targets.  Maybe you typed an @xml:id value wrong, maybe the target of the @xml:id is nonexistent, or maybe you temporarily removed the target from your source, or maybe an auxiliary file contains a duplicate.  Your output will contain some placeholder text that you will not want to distribute to your readers.
INFO    : *              located at: pretext/book/chapter/section/subsection/example/statement/p/ol/li/p/xref
INFO    : *              located within: "part_proof_matrix_fib" (xml:id)
ERROR   : * PTX:ERROR:   a cross-reference ("xref") uses references [pff_math_ind_matrix] that do not point to any target, or perhaps point to multiple targets.  Maybe you typed an @xml:id value wrong, maybe the target of the @xml:id is nonexistent, or maybe you temporarily removed the target from your source, or maybe an auxiliary file contains a duplicate.  Your output will contain some placeholder text that you will not want to distribute to your readers.
INFO    : *              located at: pretext/book/chapter/section/subsection/example/statement/p/ol/li/p/solution/p/xref
INFO    : *              located within: "part_proof_matrix_fib" (xml:id)
ERROR   : * PTX:ERROR:   a cross-reference ("xref") uses references [pff_strong_math_ind_seq] that do not point to any target, or perhaps point to multiple targets.  Maybe you typed an @xml:id value wrong, maybe the target of the @xml:id is nonexistent, or maybe you temporarily removed the target from your source, or maybe an auxiliary file contains a duplicate.  Your output will contain some placeholder text that you will not want to distribute to your readers.
INFO    : *              located at: pretext/book/chapter/section/subsection/subsubsection/exercise/statement/p/xref
INFO    : *              located within: "exer_math_ind_second_order_linear" (xml:id), "\exerP" (title)
ERROR   : * PTX:ERROR:   a cross-reference ("xref") uses references [pff_strong_math_ind_seq] that do not point to any target, or perhaps point to multiple targets.  Maybe you typed an @xml:id value wrong, maybe the target of the @xml:id is nonexistent, or maybe you temporarily removed the target from your source, or maybe an auxiliary file contains a duplicate.  Your output will contain some placeholder text that you will not want to distribute to your readers.
INFO    : *              located at: pretext/book/chapter/section/subsection/subsubsection/exercise/statement/p/xref
INFO    : *              located within: "exer_math_ind_second_order_powerof2" (xml:id), "\exerU" (title)
ERROR   : * PTX:ERROR:   a cross-reference ("xref") uses references [pff_strong_math_ind_seq] that do not point to any target, or perhaps point to multiple targets.  Maybe you typed an @xml:id value wrong, maybe the target of the @xml:id is nonexistent, or maybe you temporarily removed the target from your source, or maybe an auxiliary file contains a duplicate.  Your output will contain some placeholder text that you will not want to distribute to your readers.
INFO    : *              located at: pretext/book/chapter/section/subsection/example/statement/p/xref
INFO    : *              located within: "exam_strong_math_ind_explicit" (xml:id), "Verifying the explicit form of second order recursively-defined sequence" (title)
ERROR   : * PTX:ERROR:   a cross-reference ("xref") uses references [pff_comb_proof] that do not point to any target, or perhaps point to multiple targets.  Maybe you typed an @xml:id value wrong, maybe the target of the @xml:id is nonexistent, or maybe you temporarily removed the target from your source, or maybe an auxiliary file contains a duplicate.  Your output will contain some placeholder text that you will not want to distribute to your readers.
INFO    : *              located at: pretext/book/chapter/section/subsection/subsubsection/exercise/statement/p/xref
INFO    : *              located within: "exer_comb_pf_recursion_arith_tri" (xml:id), "\exerE" (title)
INFO    : successful application of /home/codespace/.ptx/2.43.2/core/xsl/pretext-html.xsl
INFO    : Removing temporary directory /tmp/ptx-_tumb7p_
INFO    : Removing temporary directory /tmp/ptx-hm_dghvp
INFO    : 
Finished build for target web. Run `pretext view web` to see the results.

CRITICAL: There were errors during the build.  See above.
INFO    : ------------------------
CRITICAL: Failed to build without errors.  Exiting...
INFO    : 
----------------------------------------------------
INFO    : While running pretext, the following errors occurred:

INFO    : (see log messages above or in the 'logs' folder for more information)
INFO    : ----------------------------------------------------
