Version 2.44.0 of pretext is available.  You are currently using version 2.43.2.
To upgrade, run `pretext upgrade`.
PreTeXt project found in `/workspaces/activediscreteTEST0312826/Doree-main/source`.
[33mwarning: [0mUsing CLI version 2.43.2 but project's `requirements.txt`
[33mwarning: [0mis configured to use 2.43.1. Consider either installing
[33mwarning: [0mCLI version 2.43.1 or running `pretext update-project`
[33mwarning: [0mto update `requirements.txt` and other managed files to match 2.43.2.
Building target web
XSL conversion of /workspaces/activediscreteTEST0312826/Doree-main/source/main.ptx by /home/codespace/.ptx/2.43.2/core/xsl/utilities/pretext-enhanced-source.xsl
successful application of /home/codespace/.ptx/2.43.2/core/xsl/utilities/pretext-enhanced-source.xsl
[33mwarning: [0mSchema validation could not be completed: no validator was available (jing is not installed and lxml could not compile the schema). Continuing with build.
Generating any needed assets.
Finished generating assets.

Building with custom xsl /workspaces/activediscreteTEST0312826/Doree-main/source/xsl/custom-html.xsl
Preparing to build into /workspaces/activediscreteTEST0312826/Doree-main/source/build/web.
discovering source file's directory name: /workspaces/activediscreteTEST0312826/Doree-main/source
verifying and expanding input directory: /workspaces/activediscreteTEST0312826/Doree-main/source/../generated-assets
input directory expanded to absolute path: /workspaces/activediscreteTEST0312826/Doree-main/generated-assets
verifying and expanding input directory: /workspaces/activediscreteTEST0312826/Doree-main/source/../assets
input directory expanded to absolute path: /workspaces/activediscreteTEST0312826/Doree-main/assets
discovering source file's directory name: /workspaces/activediscreteTEST0312826/Doree-main/source
XSL conversion of /workspaces/activediscreteTEST0312826/Doree-main/source/main.ptx by /home/codespace/.ptx/2.43.2/core/xsl/utilities/report-publisher-variables.xsl
successful application of /home/codespace/.ptx/2.43.2/core/xsl/utilities/report-publisher-variables.xsl
Downloading rs services file from https://runestone.academy/cdn/runestone/latest/webpack_static_imports.xml.
Runestone Services via online CDN query: version 8.1.14
Downloading Runestone Services, version 8.1.14
Extracting Runestone Services from archive file
Building custom css theme: theme-default-modern
converting /workspaces/activediscreteTEST0312826/Doree-main/source/main.ptx to HTML in /tmp/ptx-9yln9q08
XSL conversion of /workspaces/activediscreteTEST0312826/Doree-main/source/main.ptx by /tmp/ptxcli_m8opou9y/cli_xsl/custom-html.xsl
messages from the log for XSL processing:
[33mwarning: [0m* PTX:WARNING: There are apparent XML elements in locations that should be text only (1 times).
[33mwarning: [0m* PTX:WARNING: There is an apparent XML element (<ndash>) inside an <c> element, which should only contain text.  Using an escaped "less than" ('&lt;') might be the solution, or using a CDATA section.
*              located at: pretext/book/chapter/section/subsection/subsubsection/exercise/statement/p/c/ndash
*              located within: "exer_bal_ternary_strings" (xml:id), "Explore" (title)
* PTX:INFO:   checking all deprecated elements.
[33mwarning: [0m* PTX:DEPRECATE: (2024-10-08) elements previously included in a "titlepage" element inside the "frontmatter" (author, editor, credit, date, and event) should now be placed in "frontmatter/bibinfo".  To ensure a title page is created, put only the empty element "titlepage-items" inside "titlepage".  Until you move these elements, we will try to honor your intent. (1 time)
*              located at: pretext/book/frontmatter/titlepage
*              located within: "Active Discrete Mathematics: Patterns, Structures, and Proof" (title)
* --------------
[33mwarning: [0m* PTX:DEPRECATE: (2026-05-11) the "me" and "men" elements have been deprecated.  The replacement is an "md" with no "mrow" children, and numbering is controlled by the "@number" attribute, or a global setting in "docinfo". (840 times)
*              located at: pretext/book/chapter/activity/p/ol/li/p/me
*              located within: "act_handshakes" (xml:id), "Handshakes puzzle" (title)
*              located at: pretext/book/chapter/example/solution/p/me
*              located within: "exam_hs6" (xml:id), "Six students shake hands" (title)
*              located at: pretext/book/chapter/example/solution/p/me
*              located within: "exam_hs6" (xml:id), "Six students shake hands" (title)
*              located at: pretext/book/chapter/example/solution/p/me
*              located within: "exam_hs6" (xml:id), "Six students shake hands" (title)
*              located at: pretext/book/chapter/p/me
*              located within: "ch_prologue" (xml:id), "Prologue: Handshakes" (title)
*              located at: pretext/book/chapter/section/subsection/example/statement/p/ol/li/p/solution/figure/me
*              located within: "fig_sq_dom6_start1" (xml:id)
*              located at: pretext/book/chapter/section/subsection/example/statement/p/ol/li/p/solution/figure/me
*              located within: "fig_sq_dom6_start2" (xml:id)
*              located at: pretext/book/chapter/section/subsection/example/statement/p/ol/li/p/solution/p/me
*              located within: "exam_sq_dom8" (xml:id), "Counting squares and dominoes tilings of a 1 \times 8 board" (title)
* --------------
[33mwarning: [0m* PTX:WARNING: Unstructured content within a list item is being ignored ("In this textbook we abbreviate true as")
*              located at: pretext/book/chapter/section/subsection/definition/statement/p/ol/li
*              located within: "defn_and_or_xor" (xml:id), "And, or, and xor" (title)
[33mwarning: [0m* PTX:WARNING: Unstructured content within a list item is being ignored ("and false as")
*              located at: pretext/book/chapter/section/subsection/definition/statement/p/ol/li
*              located within: "defn_and_or_xor" (xml:id), "And, or, and xor" (title)
[33mwarning: [0m* PTX:WARNING: Unstructured content within a list item is being ignored (". Some computer science textbooks use")
*              located at: pretext/book/chapter/section/subsection/definition/statement/p/ol/li
*              located within: "defn_and_or_xor" (xml:id), "And, or, and xor" (title)
[33mwarning: [0m* PTX:WARNING: Unstructured content within a list item is being ignored ("for true and")
*              located at: pretext/book/chapter/section/subsection/definition/statement/p/ol/li
*              located within: "defn_and_or_xor" (xml:id), "And, or, and xor" (title)
[33mwarning: [0m* PTX:WARNING: Unstructured content within a list item is being ignored ("for false instead.")
*              located at: pretext/book/chapter/section/subsection/definition/statement/p/ol/li
*              located within: "defn_and_or_xor" (xml:id), "And, or, and xor" (title)
[31merror: [0m* PTX:ERROR:   a cross-reference ("xref") uses references [pff_and] that do not point to any target, or perhaps point to multiple targets.  Maybe you typed an @xml:id value wrong, maybe the target of the @xml:id is nonexistent, or maybe you temporarily removed the target from your source, or maybe an auxiliary file contains a duplicate.  Your output will contain some placeholder text that you will not want to distribute to your readers.
*              located at: pretext/book/chapter/section/subsection/p/xref
*              located within: "sub_pff_contra" (xml:id), "Proof Format: Contradiction" (title)
[31merror: [0m* PTX:ERROR:   a cross-reference ("xref") uses references [pff_and] that do not point to any target, or perhaps point to multiple targets.  Maybe you typed an @xml:id value wrong, maybe the target of the @xml:id is nonexistent, or maybe you temporarily removed the target from your source, or maybe an auxiliary file contains a duplicate.  Your output will contain some placeholder text that you will not want to distribute to your readers.
*              located at: pretext/book/chapter/section/subsection/subsubsection/exercise/statement/p/xref
*              located within: "exer_prove_odd_and_mult3" (xml:id), "Practice" (title)
[31merror: [0m* PTX:ERROR:   a cross-reference ("xref") uses references [pff_or_by_cases] that do not point to any target, or perhaps point to multiple targets.  Maybe you typed an @xml:id value wrong, maybe the target of the @xml:id is nonexistent, or maybe you temporarily removed the target from your source, or maybe an auxiliary file contains a duplicate.  Your output will contain some placeholder text that you will not want to distribute to your readers.
*              located at: pretext/book/chapter/section/subsection/subsubsection/exercise/statement/p/xref
*              located within: "exer_prove_nsqplusn_mod4" (xml:id), "Practice" (title)
[31merror: [0m* PTX:ERROR:   a cross-reference ("xref") uses references [pff_and] that do not point to any target, or perhaps point to multiple targets.  Maybe you typed an @xml:id value wrong, maybe the target of the @xml:id is nonexistent, or maybe you temporarily removed the target from your source, or maybe an auxiliary file contains a duplicate.  Your output will contain some placeholder text that you will not want to distribute to your readers.
*              located at: pretext/book/chapter/section/subsection/subsubsection/exercise/statement/p/xref
*              located within: "exer_prove_odd_and_mult3_general" (xml:id), "Understand" (title)
[31merror: [0m* PTX:ERROR:   a cross-reference ("xref") uses references [pff_or_by_cases_generalized] that do not point to any target, or perhaps point to multiple targets.  Maybe you typed an @xml:id value wrong, maybe the target of the @xml:id is nonexistent, or maybe you temporarily removed the target from your source, or maybe an auxiliary file contains a duplicate.  Your output will contain some placeholder text that you will not want to distribute to your readers.
*              located at: pretext/book/chapter/section/subsection/subsubsection/exercise/statement/p/xref
*              located within: "exer_sq_mod5" (xml:id), "Understand" (title)
[31merror: [0m* PTX:ERROR:   a cross-reference ("xref") uses references [pff_contradiction] that do not point to any target, or perhaps point to multiple targets.  Maybe you typed an @xml:id value wrong, maybe the target of the @xml:id is nonexistent, or maybe you temporarily removed the target from your source, or maybe an auxiliary file contains a duplicate.  Your output will contain some placeholder text that you will not want to distribute to your readers.
*              located at: pretext/book/chapter/section/subsection/subsubsection/exercise/statement/p/xref
*              located within: "exer_prove_not_sum_3digits_equals25" (xml:id), "Practice" (title)
[31merror: [0m* PTX:ERROR:   a cross-reference ("xref") uses references [pff_contradiction] that do not point to any target, or perhaps point to multiple targets.  Maybe you typed an @xml:id value wrong, maybe the target of the @xml:id is nonexistent, or maybe you temporarily removed the target from your source, or maybe an auxiliary file contains a duplicate.  Your output will contain some placeholder text that you will not want to distribute to your readers.
*              located at: pretext/book/chapter/section/subsection/subsubsection/exercise/statement/p/xref
*              located within: "exer_contradiction_coins_in_cups" (xml:id), "Practice" (title)
[31merror: [0m* PTX:ERROR:   a cross-reference ("xref") uses references [pff_contradiction] that do not point to any target, or perhaps point to multiple targets.  Maybe you typed an @xml:id value wrong, maybe the target of the @xml:id is nonexistent, or maybe you temporarily removed the target from your source, or maybe an auxiliary file contains a duplicate.  Your output will contain some placeholder text that you will not want to distribute to your readers.
*              located at: pretext/book/chapter/section/subsection/subsubsection/exercise/statement/p/xref
*              located within: "exer_contradiction_3reg_graph_order7" (xml:id), "Practice" (title)
[31merror: [0m* PTX:ERROR:   a cross-reference ("xref") uses references [pff_contradiction] that do not point to any target, or perhaps point to multiple targets.  Maybe you typed an @xml:id value wrong, maybe the target of the @xml:id is nonexistent, or maybe you temporarily removed the target from your source, or maybe an auxiliary file contains a duplicate.  Your output will contain some placeholder text that you will not want to distribute to your readers.
*              located at: pretext/book/chapter/section/subsection/subsubsection/exercise/statement/p/ol/li/p/xref
*              located within: "exer_prove_bs_length5_three0s_or_three1s" (xml:id), "Understand" (title)
[31merror: [0m* PTX:ERROR:   a cross-reference ("xref") uses references [pff_contradiction] that do not point to any target, or perhaps point to multiple targets.  Maybe you typed an @xml:id value wrong, maybe the target of the @xml:id is nonexistent, or maybe you temporarily removed the target from your source, or maybe an auxiliary file contains a duplicate.  Your output will contain some placeholder text that you will not want to distribute to your readers.
*              located at: pretext/book/chapter/section/subsection/subsubsection/exercise/statement/p/xref
*              located within: "exer_contradiction_coprime" (xml:id), "Understand" (title)
[31merror: [0m* PTX:ERROR:   a cross-reference ("xref") uses references [pff_contradiction] that do not point to any target, or perhaps point to multiple targets.  Maybe you typed an @xml:id value wrong, maybe the target of the @xml:id is nonexistent, or maybe you temporarily removed the target from your source, or maybe an auxiliary file contains a duplicate.  Your output will contain some placeholder text that you will not want to distribute to your readers.
*              located at: pretext/book/chapter/section/subsection/subsubsection/exercise/statement/p/xref
*              located within: "exer_not_both_even_odd" (xml:id), "Explore" (title)
[33mwarning: [0m* PTX:WARNING: Unstructured content within a list item is being ignored ("Check that the set of three cards shown in")
*              located at: pretext/book/chapter/section/subsection/activity/ol/li
*              located within: "act_set_game" (xml:id), "The game SET\texttrademark" (title)
[33mwarning: [0m* PTX:WARNING: Unstructured content within a list item is being ignored ("is a SET.")
*              located at: pretext/book/chapter/section/subsection/activity/ol/li
*              located within: "act_set_game" (xml:id), "The game SET\texttrademark" (title)
[31merror: [0m* PTX:ERROR:   a cross-reference ("xref") uses references [exam_chromatic_K4_C5] that do not point to any target, or perhaps point to multiple targets.  Maybe you typed an @xml:id value wrong, maybe the target of the @xml:id is nonexistent, or maybe you temporarily removed the target from your source, or maybe an auxiliary file contains a duplicate.  Your output will contain some placeholder text that you will not want to distribute to your readers.
*              located at: pretext/book/chapter/section/subsection/subsubsection/ol/li/p/xref
*              located within: " Select Answers and Hints" (title)
[31merror: [0m* PTX:ERROR:   a cross-reference ("xref") uses references [pff_or_by_cases] that do not point to any target, or perhaps point to multiple targets.  Maybe you typed an @xml:id value wrong, maybe the target of the @xml:id is nonexistent, or maybe you temporarily removed the target from your source, or maybe an auxiliary file contains a duplicate.  Your output will contain some placeholder text that you will not want to distribute to your readers.
*              located at: pretext/book/chapter/section/subsection/p/xref
*              located within: "sub_pff_or_implication" (xml:id), "Proof Formats: Proof of \lor Using Implication" (title)
[31merror: [0m* PTX:ERROR:   a cross-reference ("xref") uses references [pff_or_implication] that do not point to any target, or perhaps point to multiple targets.  Maybe you typed an @xml:id value wrong, maybe the target of the @xml:id is nonexistent, or maybe you temporarily removed the target from your source, or maybe an auxiliary file contains a duplicate.  Your output will contain some placeholder text that you will not want to distribute to your readers.
*              located at: pretext/book/chapter/section/subsection/activity/p/ol/li/p/xref
*              located within: "part_or_implication" (xml:id)
[31merror: [0m* PTX:ERROR:   a cross-reference ("xref") uses references [pff_or_implication] that do not point to any target, or perhaps point to multiple targets.  Maybe you typed an @xml:id value wrong, maybe the target of the @xml:id is nonexistent, or maybe you temporarily removed the target from your source, or maybe an auxiliary file contains a duplicate.  Your output will contain some placeholder text that you will not want to distribute to your readers.
*              located at: pretext/book/chapter/section/subsection/p/xref
*              located within: "sub_pff_or_implication" (xml:id), "Proof Formats: Proof of \lor Using Implication" (title)
[31merror: [0m* PTX:ERROR:   a cross-reference ("xref") uses references [pff_or_implication] that do not point to any target, or perhaps point to multiple targets.  Maybe you typed an @xml:id value wrong, maybe the target of the @xml:id is nonexistent, or maybe you temporarily removed the target from your source, or maybe an auxiliary file contains a duplicate.  Your output will contain some placeholder text that you will not want to distribute to your readers.
*              located at: pretext/book/chapter/section/subsection/example/statement/p/xref
*              located within: "exam_implication_vs_cases_proof_or" (xml:id), "Compare proving an
      or
      statement using implication versus proof by cases" (title)
[31merror: [0m* PTX:ERROR:   a cross-reference ("xref") uses references [pff_or_by_cases] that do not point to any target, or perhaps point to multiple targets.  Maybe you typed an @xml:id value wrong, maybe the target of the @xml:id is nonexistent, or maybe you temporarily removed the target from your source, or maybe an auxiliary file contains a duplicate.  Your output will contain some placeholder text that you will not want to distribute to your readers.
*              located at: pretext/book/chapter/section/subsection/example/statement/p/xref
*              located within: "exam_implication_vs_cases_proof_or" (xml:id), "Compare proving an
      or
      statement using implication versus proof by cases" (title)
[31merror: [0m* PTX:ERROR:   a cross-reference ("xref") uses references [pff_or_by_cases] that do not point to any target, or perhaps point to multiple targets.  Maybe you typed an @xml:id value wrong, maybe the target of the @xml:id is nonexistent, or maybe you temporarily removed the target from your source, or maybe an auxiliary file contains a duplicate.  Your output will contain some placeholder text that you will not want to distribute to your readers.
*              located at: pretext/book/chapter/section/subsection/example/solution/p/xref
*              located within: "exam_implication_vs_cases_proof_or" (xml:id), "Compare proving an
      or
      statement using implication versus proof by cases" (title)
[31merror: [0m* PTX:ERROR:   a cross-reference ("xref") uses references [pff_or_implication] that do not point to any target, or perhaps point to multiple targets.  Maybe you typed an @xml:id value wrong, maybe the target of the @xml:id is nonexistent, or maybe you temporarily removed the target from your source, or maybe an auxiliary file contains a duplicate.  Your output will contain some placeholder text that you will not want to distribute to your readers.
*              located at: pretext/book/chapter/section/subsection/example/solution/p/xref
*              located within: "exam_implication_vs_cases_proof_or" (xml:id), "Compare proving an
      or
      statement using implication versus proof by cases" (title)
[31merror: [0m* PTX:ERROR:   a cross-reference ("xref") uses references [pff_and] that do not point to any target, or perhaps point to multiple targets.  Maybe you typed an @xml:id value wrong, maybe the target of the @xml:id is nonexistent, or maybe you temporarily removed the target from your source, or maybe an auxiliary file contains a duplicate.  Your output will contain some placeholder text that you will not want to distribute to your readers.
*              located at: pretext/book/chapter/section/subsection/subsubsection/exercise/statement/p/xref
*              located within: "exer_proof_sums_prod_even_odd" (xml:id), "Understand" (title)
[31merror: [0m* PTX:ERROR:   a cross-reference ("xref") uses references [pff_and] that do not point to any target, or perhaps point to multiple targets.  Maybe you typed an @xml:id value wrong, maybe the target of the @xml:id is nonexistent, or maybe you temporarily removed the target from your source, or maybe an auxiliary file contains a duplicate.  Your output will contain some placeholder text that you will not want to distribute to your readers.
*              located at: pretext/book/chapter/section/subsection/subsubsection/exercise/statement/p/xref
*              located within: "exer_last_digit_even_odd" (xml:id), "Explore" (title)
[31merror: [0m* PTX:ERROR:   a cross-reference ("xref") uses references [pff_or_implication] that do not point to any target, or perhaps point to multiple targets.  Maybe you typed an @xml:id value wrong, maybe the target of the @xml:id is nonexistent, or maybe you temporarily removed the target from your source, or maybe an auxiliary file contains a duplicate.  Your output will contain some placeholder text that you will not want to distribute to your readers.
*              located at: pretext/book/chapter/section/subsection/subsubsection/exercise/statement/p/ol/li/p/xref
*              located within: "exer_integer_or_next_is_even" (xml:id), "Practice" (title)
[31merror: [0m* PTX:ERROR:   a cross-reference ("xref") uses references [pff_or_implication] that do not point to any target, or perhaps point to multiple targets.  Maybe you typed an @xml:id value wrong, maybe the target of the @xml:id is nonexistent, or maybe you temporarily removed the target from your source, or maybe an auxiliary file contains a duplicate.  Your output will contain some placeholder text that you will not want to distribute to your readers.
*              located at: pretext/book/chapter/section/subsection/subsubsection/exercise/statement/p/xref
*              located within: "exer_proof_no_zd_integers" (xml:id), "Understand" (title)
[31merror: [0m* PTX:ERROR:   a cross-reference ("xref") uses references [pff_and] that do not point to any target, or perhaps point to multiple targets.  Maybe you typed an @xml:id value wrong, maybe the target of the @xml:id is nonexistent, or maybe you temporarily removed the target from your source, or maybe an auxiliary file contains a duplicate.  Your output will contain some placeholder text that you will not want to distribute to your readers.
*              located at: pretext/book/chapter/section/subsection/p/xref
*              located within: "sub_pff_iff" (xml:id), "Proof Format: $\leftrightarrow$" (title)
[31merror: [0m* PTX:ERROR:   a cross-reference ("xref") uses references [pff_iff] that do not point to any target, or perhaps point to multiple targets.  Maybe you typed an @xml:id value wrong, maybe the target of the @xml:id is nonexistent, or maybe you temporarily removed the target from your source, or maybe an auxiliary file contains a duplicate.  Your output will contain some placeholder text that you will not want to distribute to your readers.
*              located at: pretext/book/chapter/section/subsection/subsubsection/exercise/statement/p/xref
*              located within: "exer_proof_iff_even" (xml:id), "Practice" (title)
[31merror: [0m* PTX:ERROR:   a cross-reference ("xref") uses references [pff_iff] that do not point to any target, or perhaps point to multiple targets.  Maybe you typed an @xml:id value wrong, maybe the target of the @xml:id is nonexistent, or maybe you temporarily removed the target from your source, or maybe an auxiliary file contains a duplicate.  Your output will contain some placeholder text that you will not want to distribute to your readers.
*              located at: pretext/book/chapter/section/subsection/subsubsection/exercise/statement/p/xref
*              located within: "exer_proof_iff_solution" (xml:id), "Practice" (title)
[31merror: [0m* PTX:ERROR:   a cross-reference ("xref") uses references [pff_iff] that do not point to any target, or perhaps point to multiple targets.  Maybe you typed an @xml:id value wrong, maybe the target of the @xml:id is nonexistent, or maybe you temporarily removed the target from your source, or maybe an auxiliary file contains a duplicate.  Your output will contain some placeholder text that you will not want to distribute to your readers.
*              located at: pretext/book/chapter/section/subsection/subsubsection/exercise/statement/p/xref
*              located within: "exer_proof_iff_using_cp_evens" (xml:id), "Explore" (title)
[31merror: [0m* PTX:ERROR:   a cross-reference ("xref") uses references [pff_iff] that do not point to any target, or perhaps point to multiple targets.  Maybe you typed an @xml:id value wrong, maybe the target of the @xml:id is nonexistent, or maybe you temporarily removed the target from your source, or maybe an auxiliary file contains a duplicate.  Your output will contain some placeholder text that you will not want to distribute to your readers.
*              located at: pretext/book/chapter/section/subsection/subsubsection/p/xref
*              located within: " Select Answers and Hints" (title)
[31merror: [0m* PTX:ERROR:   a cross-reference ("xref") uses references [pff_contradiction] that do not point to any target, or perhaps point to multiple targets.  Maybe you typed an @xml:id value wrong, maybe the target of the @xml:id is nonexistent, or maybe you temporarily removed the target from your source, or maybe an auxiliary file contains a duplicate.  Your output will contain some placeholder text that you will not want to distribute to your readers.
*              located at: pretext/book/chapter/section/subsection/subsubsection/exercise/statement/p/xref
*              located within: "exer_proof_infer_contradiction" (xml:id), "Understand" (title)
[31merror: [0m* PTX:ERROR:   a cross-reference ("xref") uses references [pff_contradiction] that do not point to any target, or perhaps point to multiple targets.  Maybe you typed an @xml:id value wrong, maybe the target of the @xml:id is nonexistent, or maybe you temporarily removed the target from your source, or maybe an auxiliary file contains a duplicate.  Your output will contain some placeholder text that you will not want to distribute to your readers.
*              located at: pretext/book/chapter/section/subsection/subsubsection/exercise/statement/p/xref
*              located within: "exer_8isnotinimage" (xml:id), "Explore" (title)
[31merror: [0m* PTX:ERROR:   a cross-reference ("xref") uses references [pff_contradiction] that do not point to any target, or perhaps point to multiple targets.  Maybe you typed an @xml:id value wrong, maybe the target of the @xml:id is nonexistent, or maybe you temporarily removed the target from your source, or maybe an auxiliary file contains a duplicate.  Your output will contain some placeholder text that you will not want to distribute to your readers.
*              located at: pretext/book/chapter/section/subsection/p/xref
*              located within: "sub_pff_unique" (xml:id), "Proof Format: Uniqueness" (title)
[31merror: [0m* PTX:ERROR:   a cross-reference ("xref") uses references [pff_unique_indirect] that do not point to any target, or perhaps point to multiple targets.  Maybe you typed an @xml:id value wrong, maybe the target of the @xml:id is nonexistent, or maybe you temporarily removed the target from your source, or maybe an auxiliary file contains a duplicate.  Your output will contain some placeholder text that you will not want to distribute to your readers.
*              located at: pretext/book/chapter/section/subsection/p/xref
*              located within: "sub_pff_unique" (xml:id), "Proof Format: Uniqueness" (title)
[31merror: [0m* PTX:ERROR:   a cross-reference ("xref") uses references [pff_unique_indirect] that do not point to any target, or perhaps point to multiple targets.  Maybe you typed an @xml:id value wrong, maybe the target of the @xml:id is nonexistent, or maybe you temporarily removed the target from your source, or maybe an auxiliary file contains a duplicate.  Your output will contain some placeholder text that you will not want to distribute to your readers.
*              located at: pretext/book/chapter/section/subsection/p/xref
*              located within: "sub_pff_unique" (xml:id), "Proof Format: Uniqueness" (title)
[31merror: [0m* PTX:ERROR:   a cross-reference ("xref") uses references [pff_unique_direct] that do not point to any target, or perhaps point to multiple targets.  Maybe you typed an @xml:id value wrong, maybe the target of the @xml:id is nonexistent, or maybe you temporarily removed the target from your source, or maybe an auxiliary file contains a duplicate.  Your output will contain some placeholder text that you will not want to distribute to your readers.
*              located at: pretext/book/chapter/section/subsection/p/xref
*              located within: "sub_pff_unique" (xml:id), "Proof Format: Uniqueness" (title)
[31merror: [0m* PTX:ERROR:   a cross-reference ("xref") uses references [pff_unique_direct] that do not point to any target, or perhaps point to multiple targets.  Maybe you typed an @xml:id value wrong, maybe the target of the @xml:id is nonexistent, or maybe you temporarily removed the target from your source, or maybe an auxiliary file contains a duplicate.  Your output will contain some placeholder text that you will not want to distribute to your readers.
*              located at: pretext/book/chapter/section/subsection/subsubsection/exercise/statement/p/xref
*              located within: "exer_direct_unique" (xml:id), "Practice" (title)
[31merror: [0m* PTX:ERROR:   a cross-reference ("xref") uses references [pff_exists_unique] that do not point to any target, or perhaps point to multiple targets.  Maybe you typed an @xml:id value wrong, maybe the target of the @xml:id is nonexistent, or maybe you temporarily removed the target from your source, or maybe an auxiliary file contains a duplicate.  Your output will contain some placeholder text that you will not want to distribute to your readers.
*              located at: pretext/book/chapter/section/subsection/subsubsection/exercise/statement/p/xref
*              located within: "exer_prove_uniq_soln" (xml:id)
[33mwarning: [0m* PTX:WARNING: Unstructured content within a list item is being ignored ("Calculate")
*              located at: pretext/book/chapter/section/subsection/activity/p/ol/li
*              located within: "part_OR" (xml:id)
[33mwarning: [0m* PTX:WARNING: Unstructured content within a list item is being ignored ("if")
*              located at: pretext/book/chapter/section/subsection/activity/p/ol/li
*              located within: "part_OR" (xml:id)
[33mwarning: [0m* PTX:WARNING: Unstructured content within a list item is being ignored ("and")
*              located at: pretext/book/chapter/section/subsection/activity/p/ol/li
*              located within: "part_OR" (xml:id)
[33mwarning: [0m* PTX:WARNING: Unstructured content within a list item is being ignored (". It might help to line up the bit strings as follows.")
*              located at: pretext/book/chapter/section/subsection/activity/p/ol/li
*              located within: "part_OR" (xml:id)
[33mwarning: [0m* PTX:WARNING: Unstructured content within a list item is being ignored ("For example,")
*              located at: pretext/book/chapter/section/subsection/definition/statement/p/ol/li
*              located within: "defn_proper_bs" (xml:id), "Proper bit strings" (title)
[33mwarning: [0m* PTX:WARNING: Unstructured content within a list item is being ignored ("is proper, as we show in")
*              located at: pretext/book/chapter/section/subsection/definition/statement/p/ol/li
*              located within: "defn_proper_bs" (xml:id), "Proper bit strings" (title)
[33mwarning: [0m* PTX:WARNING: Unstructured content within a list item is being ignored (".")
*              located at: pretext/book/chapter/section/subsection/definition/statement/p/ol/li
*              located within: "defn_proper_bs" (xml:id), "Proper bit strings" (title)
[31merror: [0m* PTX:ERROR:   a cross-reference ("xref") uses references [pff_math_ind] that do not point to any target, or perhaps point to multiple targets.  Maybe you typed an @xml:id value wrong, maybe the target of the @xml:id is nonexistent, or maybe you temporarily removed the target from your source, or maybe an auxiliary file contains a duplicate.  Your output will contain some placeholder text that you will not want to distribute to your readers.
*              located at: pretext/book/chapter/section/subsection/example/statement/p/xref
*              located within: "exam_math_ind_all0s_proper" (xml:id), "Proof by mathematical induction that involves recursively-defined set" (title)
[31merror: [0m* PTX:ERROR:   a cross-reference ("xref") uses references [pff_math_ind_matrix] that do not point to any target, or perhaps point to multiple targets.  Maybe you typed an @xml:id value wrong, maybe the target of the @xml:id is nonexistent, or maybe you temporarily removed the target from your source, or maybe an auxiliary file contains a duplicate.  Your output will contain some placeholder text that you will not want to distribute to your readers.
*              located at: pretext/book/chapter/section/subsection/example/statement/p/ol/li/p/xref
*              located within: "part_proof_matrix_fib" (xml:id)
[31merror: [0m* PTX:ERROR:   a cross-reference ("xref") uses references [pff_math_ind_matrix] that do not point to any target, or perhaps point to multiple targets.  Maybe you typed an @xml:id value wrong, maybe the target of the @xml:id is nonexistent, or maybe you temporarily removed the target from your source, or maybe an auxiliary file contains a duplicate.  Your output will contain some placeholder text that you will not want to distribute to your readers.
*              located at: pretext/book/chapter/section/subsection/example/statement/p/ol/li/p/solution/p/xref
*              located within: "part_proof_matrix_fib" (xml:id)
[31merror: [0m* PTX:ERROR:   a cross-reference ("xref") uses references [pff_strong_math_ind] that do not point to any target, or perhaps point to multiple targets.  Maybe you typed an @xml:id value wrong, maybe the target of the @xml:id is nonexistent, or maybe you temporarily removed the target from your source, or maybe an auxiliary file contains a duplicate.  Your output will contain some placeholder text that you will not want to distribute to your readers.
*              located at: pretext/book/chapter/section/subsection/example/statement/p/xref
*              located within: "exam_strong_math_ind" (xml:id), "Using strong mathematical induction" (title)
[31merror: [0m* PTX:ERROR:   a cross-reference ("xref") uses references [pff_strong_math_ind_seq] that do not point to any target, or perhaps point to multiple targets.  Maybe you typed an @xml:id value wrong, maybe the target of the @xml:id is nonexistent, or maybe you temporarily removed the target from your source, or maybe an auxiliary file contains a duplicate.  Your output will contain some placeholder text that you will not want to distribute to your readers.
*              located at: pretext/book/chapter/section/subsection/activity/p/ol/li/p/xref
*              located within: "act_strong_math_ind_lucas" (xml:id), "Strong mathematical induction" (title)
[31merror: [0m* PTX:ERROR:   a cross-reference ("xref") uses references [pff_strong_math_ind_seq] that do not point to any target, or perhaps point to multiple targets.  Maybe you typed an @xml:id value wrong, maybe the target of the @xml:id is nonexistent, or maybe you temporarily removed the target from your source, or maybe an auxiliary file contains a duplicate.  Your output will contain some placeholder text that you will not want to distribute to your readers.
*              located at: pretext/book/chapter/section/subsection/activity/p/ol/li/p/xref
*              located within: "act_strong_math_ind_lucas" (xml:id), "Strong mathematical induction" (title)
[31merror: [0m* PTX:ERROR:   a cross-reference ("xref") uses references [pff_strong_math_ind_seq] that do not point to any target, or perhaps point to multiple targets.  Maybe you typed an @xml:id value wrong, maybe the target of the @xml:id is nonexistent, or maybe you temporarily removed the target from your source, or maybe an auxiliary file contains a duplicate.  Your output will contain some placeholder text that you will not want to distribute to your readers.
*              located at: pretext/book/chapter/section/subsection/example/statement/p/xref
*              located within: "exam_strong_math_ind_explicit" (xml:id), "Verifying the explicit form of second order recursively-defined sequence" (title)
[31merror: [0m* PTX:ERROR:   a cross-reference ("xref") uses references [pff_math_ind_matrix] that do not point to any target, or perhaps point to multiple targets.  Maybe you typed an @xml:id value wrong, maybe the target of the @xml:id is nonexistent, or maybe you temporarily removed the target from your source, or maybe an auxiliary file contains a duplicate.  Your output will contain some placeholder text that you will not want to distribute to your readers.
*              located at: pretext/book/chapter/section/subsection/subsubsection/exercise/statement/p/xref
*              located within: "exer_fib_matrix_another_proof" (xml:id), "Understand" (title)
[31merror: [0m* PTX:ERROR:   a cross-reference ("xref") uses references [pff_strong_math_ind] that do not point to any target, or perhaps point to multiple targets.  Maybe you typed an @xml:id value wrong, maybe the target of the @xml:id is nonexistent, or maybe you temporarily removed the target from your source, or maybe an auxiliary file contains a duplicate.  Your output will contain some placeholder text that you will not want to distribute to your readers.
*              located at: pretext/book/chapter/section/subsection/subsubsection/exercise/statement/p/xref
*              located within: "exer_properbs_number0s" (xml:id), "Practice" (title)
[31merror: [0m* PTX:ERROR:   a cross-reference ("xref") uses references [pff_strong_math_ind_seq] that do not point to any target, or perhaps point to multiple targets.  Maybe you typed an @xml:id value wrong, maybe the target of the @xml:id is nonexistent, or maybe you temporarily removed the target from your source, or maybe an auxiliary file contains a duplicate.  Your output will contain some placeholder text that you will not want to distribute to your readers.
*              located at: pretext/book/chapter/section/subsection/subsubsection/exercise/statement/p/xref
*              located within: "exer_math_ind_second_order_linear" (xml:id), "Practice" (title)
[31merror: [0m* PTX:ERROR:   a cross-reference ("xref") uses references [pff_strong_math_ind] that do not point to any target, or perhaps point to multiple targets.  Maybe you typed an @xml:id value wrong, maybe the target of the @xml:id is nonexistent, or maybe you temporarily removed the target from your source, or maybe an auxiliary file contains a duplicate.  Your output will contain some placeholder text that you will not want to distribute to your readers.
*              located at: pretext/book/chapter/section/subsection/subsubsection/exercise/statement/p/xref
*              located within: "exer_properbs_starting0s" (xml:id), "Understand" (title)
[31merror: [0m* PTX:ERROR:   a cross-reference ("xref") uses references [pff_strong_math_ind_seq] that do not point to any target, or perhaps point to multiple targets.  Maybe you typed an @xml:id value wrong, maybe the target of the @xml:id is nonexistent, or maybe you temporarily removed the target from your source, or maybe an auxiliary file contains a duplicate.  Your output will contain some placeholder text that you will not want to distribute to your readers.
*              located at: pretext/book/chapter/section/subsection/subsubsection/exercise/statement/p/xref
*              located within: "exer_math_ind_second_order_powerof2" (xml:id), "Understand" (title)
[31merror: [0m* PTX:ERROR:   a cross-reference ("xref") uses references [pff_strong_math_ind_seq] that do not point to any target, or perhaps point to multiple targets.  Maybe you typed an @xml:id value wrong, maybe the target of the @xml:id is nonexistent, or maybe you temporarily removed the target from your source, or maybe an auxiliary file contains a duplicate.  Your output will contain some placeholder text that you will not want to distribute to your readers.
*              located at: pretext/book/chapter/section/subsection/subsubsection/exercise/statement/p/xref
*              located within: "exer_math_ind_second_order_powerof5" (xml:id), "Understand" (title)
[31merror: [0m* PTX:ERROR:   a cross-reference ("xref") uses references [pff_strong_math_ind_seq] that do not point to any target, or perhaps point to multiple targets.  Maybe you typed an @xml:id value wrong, maybe the target of the @xml:id is nonexistent, or maybe you temporarily removed the target from your source, or maybe an auxiliary file contains a duplicate.  Your output will contain some placeholder text that you will not want to distribute to your readers.
*              located at: pretext/book/chapter/section/subsection/subsubsection/exercise/statement/p/xref
*              located within: "exer_strong_math_ind_alternating" (xml:id), "Understand" (title)
[31merror: [0m* PTX:ERROR:   a cross-reference ("xref") uses references [pff_strong_math_ind_seq] that do not point to any target, or perhaps point to multiple targets.  Maybe you typed an @xml:id value wrong, maybe the target of the @xml:id is nonexistent, or maybe you temporarily removed the target from your source, or maybe an auxiliary file contains a duplicate.  Your output will contain some placeholder text that you will not want to distribute to your readers.
*              located at: pretext/book/chapter/section/subsection/subsubsection/exercise/statement/p/ol/li/p/xref
*              located within: "exer_binets_formula" (xml:id), "Explore" (title)
[31merror: [0m* PTX:ERROR:   a cross-reference ("xref") uses references [pff_comb_proof] that do not point to any target, or perhaps point to multiple targets.  Maybe you typed an @xml:id value wrong, maybe the target of the @xml:id is nonexistent, or maybe you temporarily removed the target from your source, or maybe an auxiliary file contains a duplicate.  Your output will contain some placeholder text that you will not want to distribute to your readers.
*              located at: pretext/book/chapter/section/subsection/example/statement/p/xref
*              located within: "exam_proof_explicit_binom" (xml:id), "Combinatorial proof of the explicit formula for the binomial coefficients" (title)
[31merror: [0m* PTX:ERROR:   a cross-reference ("xref") uses references [pff_comb_proof] that do not point to any target, or perhaps point to multiple targets.  Maybe you typed an @xml:id value wrong, maybe the target of the @xml:id is nonexistent, or maybe you temporarily removed the target from your source, or maybe an auxiliary file contains a duplicate.  Your output will contain some placeholder text that you will not want to distribute to your readers.
*              located at: pretext/book/chapter/section/subsection/subsubsection/exercise/statement/p/xref
*              located within: "exer_arith_tri_prove_sym" (xml:id), "Understand" (title)
[31merror: [0m* PTX:ERROR:   a cross-reference ("xref") uses references [pff_comb_proof] that do not point to any target, or perhaps point to multiple targets.  Maybe you typed an @xml:id value wrong, maybe the target of the @xml:id is nonexistent, or maybe you temporarily removed the target from your source, or maybe an auxiliary file contains a duplicate.  Your output will contain some placeholder text that you will not want to distribute to your readers.
*              located at: pretext/book/chapter/section/subsection/subsubsection/exercise/statement/p/ol/li/p/xref
*              located within: "exer_dyk_binom_formula" (xml:id), "Recap" (title)
[31merror: [0m* PTX:ERROR:   a cross-reference ("xref") uses references [pff_comb_proof] that do not point to any target, or perhaps point to multiple targets.  Maybe you typed an @xml:id value wrong, maybe the target of the @xml:id is nonexistent, or maybe you temporarily removed the target from your source, or maybe an auxiliary file contains a duplicate.  Your output will contain some placeholder text that you will not want to distribute to your readers.
*              located at: pretext/book/chapter/section/subsection/subsubsection/exercise/statement/p/xref
*              located within: "exer_comb_pf_recursion_arith_tri" (xml:id), "Explore" (title)
[31merror: [0m* PTX:ERROR:   a cross-reference ("xref") uses references [pff_comb_proof] that do not point to any target, or perhaps point to multiple targets.  Maybe you typed an @xml:id value wrong, maybe the target of the @xml:id is nonexistent, or maybe you temporarily removed the target from your source, or maybe an auxiliary file contains a duplicate.  Your output will contain some placeholder text that you will not want to distribute to your readers.
*              located at: pretext/book/chapter/section/subsection/p/xref
*              located within: "sub_pff_comb_sums" (xml:id), "Proof Format: Combinatorial Proof of Sums" (title)
[31merror: [0m* PTX:ERROR:   a cross-reference ("xref") uses references [pff_comb_proof_sum] that do not point to any target, or perhaps point to multiple targets.  Maybe you typed an @xml:id value wrong, maybe the target of the @xml:id is nonexistent, or maybe you temporarily removed the target from your source, or maybe an auxiliary file contains a duplicate.  Your output will contain some placeholder text that you will not want to distribute to your readers.
*              located at: pretext/book/chapter/section/subsection/subsubsection/exercise/statement/p/xref
*              located within: "exer_comb_pf_sum_hockey_stick" (xml:id), "Explore" (title)
[33mwarning: [0m* PTX:WARNING: Unstructured content within a list item is being ignored ("In this textbook we abbreviate true as")
*              located at: pretext/book/chapter/section/subsection/definition/statement/p/ol/li
*              located within: "defn_and_or_xor" (xml:id), "And, or, and xor" (title)
[33mwarning: [0m* PTX:WARNING: Unstructured content within a list item is being ignored ("and false as")
*              located at: pretext/book/chapter/section/subsection/definition/statement/p/ol/li
*              located within: "defn_and_or_xor" (xml:id), "And, or, and xor" (title)
[33mwarning: [0m* PTX:WARNING: Unstructured content within a list item is being ignored (". Some computer science textbooks use")
*              located at: pretext/book/chapter/section/subsection/definition/statement/p/ol/li
*              located within: "defn_and_or_xor" (xml:id), "And, or, and xor" (title)
[33mwarning: [0m* PTX:WARNING: Unstructured content within a list item is being ignored ("for true and")
*              located at: pretext/book/chapter/section/subsection/definition/statement/p/ol/li
*              located within: "defn_and_or_xor" (xml:id), "And, or, and xor" (title)
[33mwarning: [0m* PTX:WARNING: Unstructured content within a list item is being ignored ("for false instead.")
*              located at: pretext/book/chapter/section/subsection/definition/statement/p/ol/li
*              located within: "defn_and_or_xor" (xml:id), "And, or, and xor" (title)
[31merror: [0m* PTX:ERROR:   a cross-reference ("xref") uses references [pff_contradiction] that do not point to any target, or perhaps point to multiple targets.  Maybe you typed an @xml:id value wrong, maybe the target of the @xml:id is nonexistent, or maybe you temporarily removed the target from your source, or maybe an auxiliary file contains a duplicate.  Your output will contain some placeholder text that you will not want to distribute to your readers.
*              located at: pretext/book/chapter/section/subsection/subsubsection/exercise/statement/p/xref
*              located within: "exer_not_both_even_odd" (xml:id), "Explore" (title)
[31merror: [0m* PTX:ERROR:   a cross-reference ("xref") uses references [pff_and] that do not point to any target, or perhaps point to multiple targets.  Maybe you typed an @xml:id value wrong, maybe the target of the @xml:id is nonexistent, or maybe you temporarily removed the target from your source, or maybe an auxiliary file contains a duplicate.  Your output will contain some placeholder text that you will not want to distribute to your readers.
*              located at: pretext/book/chapter/section/subsection/subsubsection/exercise/statement/p/xref
*              located within: "exer_prove_odd_and_mult3" (xml:id), "Practice" (title)
[31merror: [0m* PTX:ERROR:   a cross-reference ("xref") uses references [pff_or_by_cases] that do not point to any target, or perhaps point to multiple targets.  Maybe you typed an @xml:id value wrong, maybe the target of the @xml:id is nonexistent, or maybe you temporarily removed the target from your source, or maybe an auxiliary file contains a duplicate.  Your output will contain some placeholder text that you will not want to distribute to your readers.
*              located at: pretext/book/chapter/section/subsection/subsubsection/exercise/statement/p/xref
*              located within: "exer_prove_nsqplusn_mod4" (xml:id), "Practice" (title)
[31merror: [0m* PTX:ERROR:   a cross-reference ("xref") uses references [pff_and] that do not point to any target, or perhaps point to multiple targets.  Maybe you typed an @xml:id value wrong, maybe the target of the @xml:id is nonexistent, or maybe you temporarily removed the target from your source, or maybe an auxiliary file contains a duplicate.  Your output will contain some placeholder text that you will not want to distribute to your readers.
*              located at: pretext/book/chapter/section/subsection/subsubsection/exercise/statement/p/xref
*              located within: "exer_prove_odd_and_mult3_general" (xml:id), "Understand" (title)
[31merror: [0m* PTX:ERROR:   a cross-reference ("xref") uses references [pff_or_by_cases_generalized] that do not point to any target, or perhaps point to multiple targets.  Maybe you typed an @xml:id value wrong, maybe the target of the @xml:id is nonexistent, or maybe you temporarily removed the target from your source, or maybe an auxiliary file contains a duplicate.  Your output will contain some placeholder text that you will not want to distribute to your readers.
*              located at: pretext/book/chapter/section/subsection/subsubsection/exercise/statement/p/xref
*              located within: "exer_sq_mod5" (xml:id), "Understand" (title)
[31merror: [0m* PTX:ERROR:   a cross-reference ("xref") uses references [pff_contradiction] that do not point to any target, or perhaps point to multiple targets.  Maybe you typed an @xml:id value wrong, maybe the target of the @xml:id is nonexistent, or maybe you temporarily removed the target from your source, or maybe an auxiliary file contains a duplicate.  Your output will contain some placeholder text that you will not want to distribute to your readers.
*              located at: pretext/book/chapter/section/subsection/subsubsection/exercise/statement/p/xref
*              located within: "exer_prove_not_sum_3digits_equals25" (xml:id), "Practice" (title)
[31merror: [0m* PTX:ERROR:   a cross-reference ("xref") uses references [pff_contradiction] that do not point to any target, or perhaps point to multiple targets.  Maybe you typed an @xml:id value wrong, maybe the target of the @xml:id is nonexistent, or maybe you temporarily removed the target from your source, or maybe an auxiliary file contains a duplicate.  Your output will contain some placeholder text that you will not want to distribute to your readers.
*              located at: pretext/book/chapter/section/subsection/subsubsection/exercise/statement/p/xref
*              located within: "exer_contradiction_3reg_graph_order7" (xml:id), "Practice" (title)
[31merror: [0m* PTX:ERROR:   a cross-reference ("xref") uses references [pff_contradiction] that do not point to any target, or perhaps point to multiple targets.  Maybe you typed an @xml:id value wrong, maybe the target of the @xml:id is nonexistent, or maybe you temporarily removed the target from your source, or maybe an auxiliary file contains a duplicate.  Your output will contain some placeholder text that you will not want to distribute to your readers.
*              located at: pretext/book/chapter/section/subsection/subsubsection/exercise/statement/p/ol/li/p/xref
*              located within: "exer_prove_bs_length5_three0s_or_three1s" (xml:id), "Understand" (title)
[31merror: [0m* PTX:ERROR:   a cross-reference ("xref") uses references [pff_contradiction] that do not point to any target, or perhaps point to multiple targets.  Maybe you typed an @xml:id value wrong, maybe the target of the @xml:id is nonexistent, or maybe you temporarily removed the target from your source, or maybe an auxiliary file contains a duplicate.  Your output will contain some placeholder text that you will not want to distribute to your readers.
*              located at: pretext/book/chapter/section/subsection/subsubsection/exercise/statement/p/xref
*              located within: "exer_contradiction_coprime" (xml:id), "Understand" (title)
[31merror: [0m* PTX:ERROR:   a cross-reference ("xref") uses references [pff_or_implication] that do not point to any target, or perhaps point to multiple targets.  Maybe you typed an @xml:id value wrong, maybe the target of the @xml:id is nonexistent, or maybe you temporarily removed the target from your source, or maybe an auxiliary file contains a duplicate.  Your output will contain some placeholder text that you will not want to distribute to your readers.
*              located at: pretext/book/chapter/section/subsection/activity/p/ol/li/p/xref
*              located within: "part_or_implication" (xml:id)
[31merror: [0m* PTX:ERROR:   a cross-reference ("xref") uses references [pff_and] that do not point to any target, or perhaps point to multiple targets.  Maybe you typed an @xml:id value wrong, maybe the target of the @xml:id is nonexistent, or maybe you temporarily removed the target from your source, or maybe an auxiliary file contains a duplicate.  Your output will contain some placeholder text that you will not want to distribute to your readers.
*              located at: pretext/book/chapter/section/subsection/subsubsection/exercise/statement/p/xref
*              located within: "exer_proof_sums_prod_even_odd" (xml:id), "Understand" (title)
[31merror: [0m* PTX:ERROR:   a cross-reference ("xref") uses references [pff_and] that do not point to any target, or perhaps point to multiple targets.  Maybe you typed an @xml:id value wrong, maybe the target of the @xml:id is nonexistent, or maybe you temporarily removed the target from your source, or maybe an auxiliary file contains a duplicate.  Your output will contain some placeholder text that you will not want to distribute to your readers.
*              located at: pretext/book/chapter/section/subsection/subsubsection/exercise/statement/p/xref
*              located within: "exer_last_digit_even_odd" (xml:id), "Explore" (title)
[31merror: [0m* PTX:ERROR:   a cross-reference ("xref") uses references [pff_or_implication] that do not point to any target, or perhaps point to multiple targets.  Maybe you typed an @xml:id value wrong, maybe the target of the @xml:id is nonexistent, or maybe you temporarily removed the target from your source, or maybe an auxiliary file contains a duplicate.  Your output will contain some placeholder text that you will not want to distribute to your readers.
*              located at: pretext/book/chapter/section/subsection/subsubsection/exercise/statement/p/ol/li/p/xref
*              located within: "exer_integer_or_next_is_even" (xml:id), "Practice" (title)
[31merror: [0m* PTX:ERROR:   a cross-reference ("xref") uses references [pff_iff] that do not point to any target, or perhaps point to multiple targets.  Maybe you typed an @xml:id value wrong, maybe the target of the @xml:id is nonexistent, or maybe you temporarily removed the target from your source, or maybe an auxiliary file contains a duplicate.  Your output will contain some placeholder text that you will not want to distribute to your readers.
*              located at: pretext/book/chapter/section/subsection/subsubsection/exercise/statement/p/xref
*              located within: "exer_proof_iff_even" (xml:id), "Practice" (title)
[31merror: [0m* PTX:ERROR:   a cross-reference ("xref") uses references [pff_iff] that do not point to any target, or perhaps point to multiple targets.  Maybe you typed an @xml:id value wrong, maybe the target of the @xml:id is nonexistent, or maybe you temporarily removed the target from your source, or maybe an auxiliary file contains a duplicate.  Your output will contain some placeholder text that you will not want to distribute to your readers.
*              located at: pretext/book/chapter/section/subsection/subsubsection/exercise/statement/p/xref
*              located within: "exer_proof_iff_solution" (xml:id), "Practice" (title)
[31merror: [0m* PTX:ERROR:   a cross-reference ("xref") uses references [pff_iff] that do not point to any target, or perhaps point to multiple targets.  Maybe you typed an @xml:id value wrong, maybe the target of the @xml:id is nonexistent, or maybe you temporarily removed the target from your source, or maybe an auxiliary file contains a duplicate.  Your output will contain some placeholder text that you will not want to distribute to your readers.
*              located at: pretext/book/chapter/section/subsection/subsubsection/exercise/statement/p/xref
*              located within: "exer_proof_iff_using_cp_evens" (xml:id), "Explore" (title)
[31merror: [0m* PTX:ERROR:   a cross-reference ("xref") uses references [pff_contradiction] that do not point to any target, or perhaps point to multiple targets.  Maybe you typed an @xml:id value wrong, maybe the target of the @xml:id is nonexistent, or maybe you temporarily removed the target from your source, or maybe an auxiliary file contains a duplicate.  Your output will contain some placeholder text that you will not want to distribute to your readers.
*              located at: pretext/book/chapter/section/subsection/subsubsection/exercise/statement/p/xref
*              located within: "exer_proof_infer_contradiction" (xml:id), "Understand" (title)
[31merror: [0m* PTX:ERROR:   a cross-reference ("xref") uses references [pff_unique_direct] that do not point to any target, or perhaps point to multiple targets.  Maybe you typed an @xml:id value wrong, maybe the target of the @xml:id is nonexistent, or maybe you temporarily removed the target from your source, or maybe an auxiliary file contains a duplicate.  Your output will contain some placeholder text that you will not want to distribute to your readers.
*              located at: pretext/book/chapter/section/subsection/subsubsection/exercise/statement/p/xref
*              located within: "exer_direct_unique" (xml:id), "Practice" (title)
[31merror: [0m* PTX:ERROR:   a cross-reference ("xref") uses references [pff_exists_unique] that do not point to any target, or perhaps point to multiple targets.  Maybe you typed an @xml:id value wrong, maybe the target of the @xml:id is nonexistent, or maybe you temporarily removed the target from your source, or maybe an auxiliary file contains a duplicate.  Your output will contain some placeholder text that you will not want to distribute to your readers.
*              located at: pretext/book/chapter/section/subsection/subsubsection/exercise/statement/p/xref
*              located within: "exer_prove_uniq_soln" (xml:id)
[33mwarning: [0m* PTX:WARNING: Unstructured content within a list item is being ignored ("For example,")
*              located at: pretext/book/chapter/section/subsection/definition/statement/p/ol/li
*              located within: "defn_proper_bs" (xml:id), "Proper bit strings" (title)
[33mwarning: [0m* PTX:WARNING: Unstructured content within a list item is being ignored ("is proper, as we show in")
*              located at: pretext/book/chapter/section/subsection/definition/statement/p/ol/li
*              located within: "defn_proper_bs" (xml:id), "Proper bit strings" (title)
[33mwarning: [0m* PTX:WARNING: Unstructured content within a list item is being ignored (".")
*              located at: pretext/book/chapter/section/subsection/definition/statement/p/ol/li
*              located within: "defn_proper_bs" (xml:id), "Proper bit strings" (title)
[31merror: [0m* PTX:ERROR:   a cross-reference ("xref") uses references [pff_math_ind_matrix] that do not point to any target, or perhaps point to multiple targets.  Maybe you typed an @xml:id value wrong, maybe the target of the @xml:id is nonexistent, or maybe you temporarily removed the target from your source, or maybe an auxiliary file contains a duplicate.  Your output will contain some placeholder text that you will not want to distribute to your readers.
*              located at: pretext/book/chapter/section/subsection/subsubsection/exercise/statement/p/xref
*              located within: "exer_fib_matrix_another_proof" (xml:id), "Understand" (title)
[31merror: [0m* PTX:ERROR:   a cross-reference ("xref") uses references [pff_math_ind_matrix] that do not point to any target, or perhaps point to multiple targets.  Maybe you typed an @xml:id value wrong, maybe the target of the @xml:id is nonexistent, or maybe you temporarily removed the target from your source, or maybe an auxiliary file contains a duplicate.  Your output will contain some placeholder text that you will not want to distribute to your readers.
*              located at: pretext/book/chapter/section/subsection/example/statement/p/ol/li/p/xref
*              located within: "part_proof_matrix_fib" (xml:id)
[31merror: [0m* PTX:ERROR:   a cross-reference ("xref") uses references [pff_math_ind_matrix] that do not point to any target, or perhaps point to multiple targets.  Maybe you typed an @xml:id value wrong, maybe the target of the @xml:id is nonexistent, or maybe you temporarily removed the target from your source, or maybe an auxiliary file contains a duplicate.  Your output will contain some placeholder text that you will not want to distribute to your readers.
*              located at: pretext/book/chapter/section/subsection/example/statement/p/ol/li/p/solution/p/xref
*              located within: "part_proof_matrix_fib" (xml:id)
[31merror: [0m* PTX:ERROR:   a cross-reference ("xref") uses references [pff_math_ind_matrix] that do not point to any target, or perhaps point to multiple targets.  Maybe you typed an @xml:id value wrong, maybe the target of the @xml:id is nonexistent, or maybe you temporarily removed the target from your source, or maybe an auxiliary file contains a duplicate.  Your output will contain some placeholder text that you will not want to distribute to your readers.
*              located at: pretext/book/chapter/section/subsection/example/statement/p/ol/li/p/xref
*              located within: "part_proof_matrix_fib" (xml:id)
[31merror: [0m* PTX:ERROR:   a cross-reference ("xref") uses references [pff_math_ind_matrix] that do not point to any target, or perhaps point to multiple targets.  Maybe you typed an @xml:id value wrong, maybe the target of the @xml:id is nonexistent, or maybe you temporarily removed the target from your source, or maybe an auxiliary file contains a duplicate.  Your output will contain some placeholder text that you will not want to distribute to your readers.
*              located at: pretext/book/chapter/section/subsection/example/statement/p/ol/li/p/solution/p/xref
*              located within: "part_proof_matrix_fib" (xml:id)
[31merror: [0m* PTX:ERROR:   a cross-reference ("xref") uses references [pff_strong_math_ind_seq] that do not point to any target, or perhaps point to multiple targets.  Maybe you typed an @xml:id value wrong, maybe the target of the @xml:id is nonexistent, or maybe you temporarily removed the target from your source, or maybe an auxiliary file contains a duplicate.  Your output will contain some placeholder text that you will not want to distribute to your readers.
*              located at: pretext/book/chapter/section/subsection/subsubsection/exercise/statement/p/xref
*              located within: "exer_math_ind_second_order_linear" (xml:id), "Practice" (title)
[31merror: [0m* PTX:ERROR:   a cross-reference ("xref") uses references [pff_strong_math_ind_seq] that do not point to any target, or perhaps point to multiple targets.  Maybe you typed an @xml:id value wrong, maybe the target of the @xml:id is nonexistent, or maybe you temporarily removed the target from your source, or maybe an auxiliary file contains a duplicate.  Your output will contain some placeholder text that you will not want to distribute to your readers.
*              located at: pretext/book/chapter/section/subsection/subsubsection/exercise/statement/p/xref
*              located within: "exer_math_ind_second_order_powerof2" (xml:id), "Understand" (title)
[31merror: [0m* PTX:ERROR:   a cross-reference ("xref") uses references [pff_strong_math_ind_seq] that do not point to any target, or perhaps point to multiple targets.  Maybe you typed an @xml:id value wrong, maybe the target of the @xml:id is nonexistent, or maybe you temporarily removed the target from your source, or maybe an auxiliary file contains a duplicate.  Your output will contain some placeholder text that you will not want to distribute to your readers.
*              located at: pretext/book/chapter/section/subsection/example/statement/p/xref
*              located within: "exam_strong_math_ind_explicit" (xml:id), "Verifying the explicit form of second order recursively-defined sequence" (title)
[31merror: [0m* PTX:ERROR:   a cross-reference ("xref") uses references [pff_comb_proof] that do not point to any target, or perhaps point to multiple targets.  Maybe you typed an @xml:id value wrong, maybe the target of the @xml:id is nonexistent, or maybe you temporarily removed the target from your source, or maybe an auxiliary file contains a duplicate.  Your output will contain some placeholder text that you will not want to distribute to your readers.
*              located at: pretext/book/chapter/section/subsection/subsubsection/exercise/statement/p/xref
*              located within: "exer_comb_pf_recursion_arith_tri" (xml:id), "Explore" (title)
successful application of /tmp/ptxcli_m8opou9y/cli_xsl/custom-html.xsl
Removing temporary directory /tmp/ptx-9yln9q08
Removing temporary directory /tmp/ptx-t7dfozjs

Finished build for target web. Run `pretext view web` to see the results.

[31mcritical: [0mThere were errors during the build.  See above.
------------------------
[31mcritical: [0mFailed to build without errors.  Exiting...

----------------------------------------------------
While running pretext, the following errors occurred:

(see log messages above or in the 'logs' folder for more information)
[31merror: [0m* PTX:ERROR:   a cross-reference ("xref") uses references [pff_and] that do not point to any target, or perhaps point to multiple targets.  Maybe you typed an @xml:id value wrong, maybe the target of the @xml:id is nonexistent, or maybe you temporarily removed the target from your source, or maybe an auxiliary file contains a duplicate.  Your output will contain some placeholder text that you will not want to distribute to your readers.
[31merror: [0m* PTX:ERROR:   a cross-reference ("xref") uses references [pff_and] that do not point to any target, or perhaps point to multiple targets.  Maybe you typed an @xml:id value wrong, maybe the target of the @xml:id is nonexistent, or maybe you temporarily removed the target from your source, or maybe an auxiliary file contains a duplicate.  Your output will contain some placeholder text that you will not want to distribute to your readers.
[31merror: [0m* PTX:ERROR:   a cross-reference ("xref") uses references [pff_or_by_cases] that do not point to any target, or perhaps point to multiple targets.  Maybe you typed an @xml:id value wrong, maybe the target of the @xml:id is nonexistent, or maybe you temporarily removed the target from your source, or maybe an auxiliary file contains a duplicate.  Your output will contain some placeholder text that you will not want to distribute to your readers.
[31merror: [0m* PTX:ERROR:   a cross-reference ("xref") uses references [pff_and] that do not point to any target, or perhaps point to multiple targets.  Maybe you typed an @xml:id value wrong, maybe the target of the @xml:id is nonexistent, or maybe you temporarily removed the target from your source, or maybe an auxiliary file contains a duplicate.  Your output will contain some placeholder text that you will not want to distribute to your readers.
[31merror: [0m* PTX:ERROR:   a cross-reference ("xref") uses references [pff_or_by_cases_generalized] that do not point to any target, or perhaps point to multiple targets.  Maybe you typed an @xml:id value wrong, maybe the target of the @xml:id is nonexistent, or maybe you temporarily removed the target from your source, or maybe an auxiliary file contains a duplicate.  Your output will contain some placeholder text that you will not want to distribute to your readers.
[31merror: [0m* PTX:ERROR:   a cross-reference ("xref") uses references [pff_contradiction] that do not point to any target, or perhaps point to multiple targets.  Maybe you typed an @xml:id value wrong, maybe the target of the @xml:id is nonexistent, or maybe you temporarily removed the target from your source, or maybe an auxiliary file contains a duplicate.  Your output will contain some placeholder text that you will not want to distribute to your readers.
[31merror: [0m* PTX:ERROR:   a cross-reference ("xref") uses references [pff_contradiction] that do not point to any target, or perhaps point to multiple targets.  Maybe you typed an @xml:id value wrong, maybe the target of the @xml:id is nonexistent, or maybe you temporarily removed the target from your source, or maybe an auxiliary file contains a duplicate.  Your output will contain some placeholder text that you will not want to distribute to your readers.
[31merror: [0m* PTX:ERROR:   a cross-reference ("xref") uses references [pff_contradiction] that do not point to any target, or perhaps point to multiple targets.  Maybe you typed an @xml:id value wrong, maybe the target of the @xml:id is nonexistent, or maybe you temporarily removed the target from your source, or maybe an auxiliary file contains a duplicate.  Your output will contain some placeholder text that you will not want to distribute to your readers.
[31merror: [0m* PTX:ERROR:   a cross-reference ("xref") uses references [pff_contradiction] that do not point to any target, or perhaps point to multiple targets.  Maybe you typed an @xml:id value wrong, maybe the target of the @xml:id is nonexistent, or maybe you temporarily removed the target from your source, or maybe an auxiliary file contains a duplicate.  Your output will contain some placeholder text that you will not want to distribute to your readers.
[31merror: [0m* PTX:ERROR:   a cross-reference ("xref") uses references [pff_contradiction] that do not point to any target, or perhaps point to multiple targets.  Maybe you typed an @xml:id value wrong, maybe the target of the @xml:id is nonexistent, or maybe you temporarily removed the target from your source, or maybe an auxiliary file contains a duplicate.  Your output will contain some placeholder text that you will not want to distribute to your readers.
[31merror: [0m* PTX:ERROR:   a cross-reference ("xref") uses references [pff_contradiction] that do not point to any target, or perhaps point to multiple targets.  Maybe you typed an @xml:id value wrong, maybe the target of the @xml:id is nonexistent, or maybe you temporarily removed the target from your source, or maybe an auxiliary file contains a duplicate.  Your output will contain some placeholder text that you will not want to distribute to your readers.
[31merror: [0m* PTX:ERROR:   a cross-reference ("xref") uses references [exam_chromatic_K4_C5] that do not point to any target, or perhaps point to multiple targets.  Maybe you typed an @xml:id value wrong, maybe the target of the @xml:id is nonexistent, or maybe you temporarily removed the target from your source, or maybe an auxiliary file contains a duplicate.  Your output will contain some placeholder text that you will not want to distribute to your readers.
[31merror: [0m* PTX:ERROR:   a cross-reference ("xref") uses references [pff_or_by_cases] that do not point to any target, or perhaps point to multiple targets.  Maybe you typed an @xml:id value wrong, maybe the target of the @xml:id is nonexistent, or maybe you temporarily removed the target from your source, or maybe an auxiliary file contains a duplicate.  Your output will contain some placeholder text that you will not want to distribute to your readers.
[31merror: [0m* PTX:ERROR:   a cross-reference ("xref") uses references [pff_or_implication] that do not point to any target, or perhaps point to multiple targets.  Maybe you typed an @xml:id value wrong, maybe the target of the @xml:id is nonexistent, or maybe you temporarily removed the target from your source, or maybe an auxiliary file contains a duplicate.  Your output will contain some placeholder text that you will not want to distribute to your readers.
[31merror: [0m* PTX:ERROR:   a cross-reference ("xref") uses references [pff_or_implication] that do not point to any target, or perhaps point to multiple targets.  Maybe you typed an @xml:id value wrong, maybe the target of the @xml:id is nonexistent, or maybe you temporarily removed the target from your source, or maybe an auxiliary file contains a duplicate.  Your output will contain some placeholder text that you will not want to distribute to your readers.
[31merror: [0m* PTX:ERROR:   a cross-reference ("xref") uses references [pff_or_implication] that do not point to any target, or perhaps point to multiple targets.  Maybe you typed an @xml:id value wrong, maybe the target of the @xml:id is nonexistent, or maybe you temporarily removed the target from your source, or maybe an auxiliary file contains a duplicate.  Your output will contain some placeholder text that you will not want to distribute to your readers.
[31merror: [0m* PTX:ERROR:   a cross-reference ("xref") uses references [pff_or_by_cases] that do not point to any target, or perhaps point to multiple targets.  Maybe you typed an @xml:id value wrong, maybe the target of the @xml:id is nonexistent, or maybe you temporarily removed the target from your source, or maybe an auxiliary file contains a duplicate.  Your output will contain some placeholder text that you will not want to distribute to your readers.
[31merror: [0m* PTX:ERROR:   a cross-reference ("xref") uses references [pff_or_by_cases] that do not point to any target, or perhaps point to multiple targets.  Maybe you typed an @xml:id value wrong, maybe the target of the @xml:id is nonexistent, or maybe you temporarily removed the target from your source, or maybe an auxiliary file contains a duplicate.  Your output will contain some placeholder text that you will not want to distribute to your readers.
[31merror: [0m* PTX:ERROR:   a cross-reference ("xref") uses references [pff_or_implication] that do not point to any target, or perhaps point to multiple targets.  Maybe you typed an @xml:id value wrong, maybe the target of the @xml:id is nonexistent, or maybe you temporarily removed the target from your source, or maybe an auxiliary file contains a duplicate.  Your output will contain some placeholder text that you will not want to distribute to your readers.
[31merror: [0m* PTX:ERROR:   a cross-reference ("xref") uses references [pff_and] that do not point to any target, or perhaps point to multiple targets.  Maybe you typed an @xml:id value wrong, maybe the target of the @xml:id is nonexistent, or maybe you temporarily removed the target from your source, or maybe an auxiliary file contains a duplicate.  Your output will contain some placeholder text that you will not want to distribute to your readers.
[31merror: [0m* PTX:ERROR:   a cross-reference ("xref") uses references [pff_and] that do not point to any target, or perhaps point to multiple targets.  Maybe you typed an @xml:id value wrong, maybe the target of the @xml:id is nonexistent, or maybe you temporarily removed the target from your source, or maybe an auxiliary file contains a duplicate.  Your output will contain some placeholder text that you will not want to distribute to your readers.
[31merror: [0m* PTX:ERROR:   a cross-reference ("xref") uses references [pff_or_implication] that do not point to any target, or perhaps point to multiple targets.  Maybe you typed an @xml:id value wrong, maybe the target of the @xml:id is nonexistent, or maybe you temporarily removed the target from your source, or maybe an auxiliary file contains a duplicate.  Your output will contain some placeholder text that you will not want to distribute to your readers.
[31merror: [0m* PTX:ERROR:   a cross-reference ("xref") uses references [pff_or_implication] that do not point to any target, or perhaps point to multiple targets.  Maybe you typed an @xml:id value wrong, maybe the target of the @xml:id is nonexistent, or maybe you temporarily removed the target from your source, or maybe an auxiliary file contains a duplicate.  Your output will contain some placeholder text that you will not want to distribute to your readers.
[31merror: [0m* PTX:ERROR:   a cross-reference ("xref") uses references [pff_and] that do not point to any target, or perhaps point to multiple targets.  Maybe you typed an @xml:id value wrong, maybe the target of the @xml:id is nonexistent, or maybe you temporarily removed the target from your source, or maybe an auxiliary file contains a duplicate.  Your output will contain some placeholder text that you will not want to distribute to your readers.
[31merror: [0m* PTX:ERROR:   a cross-reference ("xref") uses references [pff_iff] that do not point to any target, or perhaps point to multiple targets.  Maybe you typed an @xml:id value wrong, maybe the target of the @xml:id is nonexistent, or maybe you temporarily removed the target from your source, or maybe an auxiliary file contains a duplicate.  Your output will contain some placeholder text that you will not want to distribute to your readers.
[31merror: [0m* PTX:ERROR:   a cross-reference ("xref") uses references [pff_iff] that do not point to any target, or perhaps point to multiple targets.  Maybe you typed an @xml:id value wrong, maybe the target of the @xml:id is nonexistent, or maybe you temporarily removed the target from your source, or maybe an auxiliary file contains a duplicate.  Your output will contain some placeholder text that you will not want to distribute to your readers.
[31merror: [0m* PTX:ERROR:   a cross-reference ("xref") uses references [pff_iff] that do not point to any target, or perhaps point to multiple targets.  Maybe you typed an @xml:id value wrong, maybe the target of the @xml:id is nonexistent, or maybe you temporarily removed the target from your source, or maybe an auxiliary file contains a duplicate.  Your output will contain some placeholder text that you will not want to distribute to your readers.
[31merror: [0m* PTX:ERROR:   a cross-reference ("xref") uses references [pff_iff] that do not point to any target, or perhaps point to multiple targets.  Maybe you typed an @xml:id value wrong, maybe the target of the @xml:id is nonexistent, or maybe you temporarily removed the target from your source, or maybe an auxiliary file contains a duplicate.  Your output will contain some placeholder text that you will not want to distribute to your readers.
[31merror: [0m* PTX:ERROR:   a cross-reference ("xref") uses references [pff_contradiction] that do not point to any target, or perhaps point to multiple targets.  Maybe you typed an @xml:id value wrong, maybe the target of the @xml:id is nonexistent, or maybe you temporarily removed the target from your source, or maybe an auxiliary file contains a duplicate.  Your output will contain some placeholder text that you will not want to distribute to your readers.
[31merror: [0m* PTX:ERROR:   a cross-reference ("xref") uses references [pff_contradiction] that do not point to any target, or perhaps point to multiple targets.  Maybe you typed an @xml:id value wrong, maybe the target of the @xml:id is nonexistent, or maybe you temporarily removed the target from your source, or maybe an auxiliary file contains a duplicate.  Your output will contain some placeholder text that you will not want to distribute to your readers.
[31merror: [0m* PTX:ERROR:   a cross-reference ("xref") uses references [pff_contradiction] that do not point to any target, or perhaps point to multiple targets.  Maybe you typed an @xml:id value wrong, maybe the target of the @xml:id is nonexistent, or maybe you temporarily removed the target from your source, or maybe an auxiliary file contains a duplicate.  Your output will contain some placeholder text that you will not want to distribute to your readers.
[31merror: [0m* PTX:ERROR:   a cross-reference ("xref") uses references [pff_unique_indirect] that do not point to any target, or perhaps point to multiple targets.  Maybe you typed an @xml:id value wrong, maybe the target of the @xml:id is nonexistent, or maybe you temporarily removed the target from your source, or maybe an auxiliary file contains a duplicate.  Your output will contain some placeholder text that you will not want to distribute to your readers.
[31merror: [0m* PTX:ERROR:   a cross-reference ("xref") uses references [pff_unique_indirect] that do not point to any target, or perhaps point to multiple targets.  Maybe you typed an @xml:id value wrong, maybe the target of the @xml:id is nonexistent, or maybe you temporarily removed the target from your source, or maybe an auxiliary file contains a duplicate.  Your output will contain some placeholder text that you will not want to distribute to your readers.
[31merror: [0m* PTX:ERROR:   a cross-reference ("xref") uses references [pff_unique_direct] that do not point to any target, or perhaps point to multiple targets.  Maybe you typed an @xml:id value wrong, maybe the target of the @xml:id is nonexistent, or maybe you temporarily removed the target from your source, or maybe an auxiliary file contains a duplicate.  Your output will contain some placeholder text that you will not want to distribute to your readers.
[31merror: [0m* PTX:ERROR:   a cross-reference ("xref") uses references [pff_unique_direct] that do not point to any target, or perhaps point to multiple targets.  Maybe you typed an @xml:id value wrong, maybe the target of the @xml:id is nonexistent, or maybe you temporarily removed the target from your source, or maybe an auxiliary file contains a duplicate.  Your output will contain some placeholder text that you will not want to distribute to your readers.
[31merror: [0m* PTX:ERROR:   a cross-reference ("xref") uses references [pff_exists_unique] that do not point to any target, or perhaps point to multiple targets.  Maybe you typed an @xml:id value wrong, maybe the target of the @xml:id is nonexistent, or maybe you temporarily removed the target from your source, or maybe an auxiliary file contains a duplicate.  Your output will contain some placeholder text that you will not want to distribute to your readers.
[31merror: [0m* PTX:ERROR:   a cross-reference ("xref") uses references [pff_math_ind] that do not point to any target, or perhaps point to multiple targets.  Maybe you typed an @xml:id value wrong, maybe the target of the @xml:id is nonexistent, or maybe you temporarily removed the target from your source, or maybe an auxiliary file contains a duplicate.  Your output will contain some placeholder text that you will not want to distribute to your readers.
[31merror: [0m* PTX:ERROR:   a cross-reference ("xref") uses references [pff_math_ind_matrix] that do not point to any target, or perhaps point to multiple targets.  Maybe you typed an @xml:id value wrong, maybe the target of the @xml:id is nonexistent, or maybe you temporarily removed the target from your source, or maybe an auxiliary file contains a duplicate.  Your output will contain some placeholder text that you will not want to distribute to your readers.
[31merror: [0m* PTX:ERROR:   a cross-reference ("xref") uses references [pff_math_ind_matrix] that do not point to any target, or perhaps point to multiple targets.  Maybe you typed an @xml:id value wrong, maybe the target of the @xml:id is nonexistent, or maybe you temporarily removed the target from your source, or maybe an auxiliary file contains a duplicate.  Your output will contain some placeholder text that you will not want to distribute to your readers.
[31merror: [0m* PTX:ERROR:   a cross-reference ("xref") uses references [pff_strong_math_ind] that do not point to any target, or perhaps point to multiple targets.  Maybe you typed an @xml:id value wrong, maybe the target of the @xml:id is nonexistent, or maybe you temporarily removed the target from your source, or maybe an auxiliary file contains a duplicate.  Your output will contain some placeholder text that you will not want to distribute to your readers.
[31merror: [0m* PTX:ERROR:   a cross-reference ("xref") uses references [pff_strong_math_ind_seq] that do not point to any target, or perhaps point to multiple targets.  Maybe you typed an @xml:id value wrong, maybe the target of the @xml:id is nonexistent, or maybe you temporarily removed the target from your source, or maybe an auxiliary file contains a duplicate.  Your output will contain some placeholder text that you will not want to distribute to your readers.
[31merror: [0m* PTX:ERROR:   a cross-reference ("xref") uses references [pff_strong_math_ind_seq] that do not point to any target, or perhaps point to multiple targets.  Maybe you typed an @xml:id value wrong, maybe the target of the @xml:id is nonexistent, or maybe you temporarily removed the target from your source, or maybe an auxiliary file contains a duplicate.  Your output will contain some placeholder text that you will not want to distribute to your readers.
[31merror: [0m* PTX:ERROR:   a cross-reference ("xref") uses references [pff_strong_math_ind_seq] that do not point to any target, or perhaps point to multiple targets.  Maybe you typed an @xml:id value wrong, maybe the target of the @xml:id is nonexistent, or maybe you temporarily removed the target from your source, or maybe an auxiliary file contains a duplicate.  Your output will contain some placeholder text that you will not want to distribute to your readers.
[31merror: [0m* PTX:ERROR:   a cross-reference ("xref") uses references [pff_math_ind_matrix] that do not point to any target, or perhaps point to multiple targets.  Maybe you typed an @xml:id value wrong, maybe the target of the @xml:id is nonexistent, or maybe you temporarily removed the target from your source, or maybe an auxiliary file contains a duplicate.  Your output will contain some placeholder text that you will not want to distribute to your readers.
[31merror: [0m* PTX:ERROR:   a cross-reference ("xref") uses references [pff_strong_math_ind] that do not point to any target, or perhaps point to multiple targets.  Maybe you typed an @xml:id value wrong, maybe the target of the @xml:id is nonexistent, or maybe you temporarily removed the target from your source, or maybe an auxiliary file contains a duplicate.  Your output will contain some placeholder text that you will not want to distribute to your readers.
[31merror: [0m* PTX:ERROR:   a cross-reference ("xref") uses references [pff_strong_math_ind_seq] that do not point to any target, or perhaps point to multiple targets.  Maybe you typed an @xml:id value wrong, maybe the target of the @xml:id is nonexistent, or maybe you temporarily removed the target from your source, or maybe an auxiliary file contains a duplicate.  Your output will contain some placeholder text that you will not want to distribute to your readers.
[31merror: [0m* PTX:ERROR:   a cross-reference ("xref") uses references [pff_strong_math_ind] that do not point to any target, or perhaps point to multiple targets.  Maybe you typed an @xml:id value wrong, maybe the target of the @xml:id is nonexistent, or maybe you temporarily removed the target from your source, or maybe an auxiliary file contains a duplicate.  Your output will contain some placeholder text that you will not want to distribute to your readers.
[31merror: [0m* PTX:ERROR:   a cross-reference ("xref") uses references [pff_strong_math_ind_seq] that do not point to any target, or perhaps point to multiple targets.  Maybe you typed an @xml:id value wrong, maybe the target of the @xml:id is nonexistent, or maybe you temporarily removed the target from your source, or maybe an auxiliary file contains a duplicate.  Your output will contain some placeholder text that you will not want to distribute to your readers.
[31merror: [0m* PTX:ERROR:   a cross-reference ("xref") uses references [pff_strong_math_ind_seq] that do not point to any target, or perhaps point to multiple targets.  Maybe you typed an @xml:id value wrong, maybe the target of the @xml:id is nonexistent, or maybe you temporarily removed the target from your source, or maybe an auxiliary file contains a duplicate.  Your output will contain some placeholder text that you will not want to distribute to your readers.
[31merror: [0m* PTX:ERROR:   a cross-reference ("xref") uses references [pff_strong_math_ind_seq] that do not point to any target, or perhaps point to multiple targets.  Maybe you typed an @xml:id value wrong, maybe the target of the @xml:id is nonexistent, or maybe you temporarily removed the target from your source, or maybe an auxiliary file contains a duplicate.  Your output will contain some placeholder text that you will not want to distribute to your readers.
[31merror: [0m* PTX:ERROR:   a cross-reference ("xref") uses references [pff_strong_math_ind_seq] that do not point to any target, or perhaps point to multiple targets.  Maybe you typed an @xml:id value wrong, maybe the target of the @xml:id is nonexistent, or maybe you temporarily removed the target from your source, or maybe an auxiliary file contains a duplicate.  Your output will contain some placeholder text that you will not want to distribute to your readers.
[31merror: [0m* PTX:ERROR:   a cross-reference ("xref") uses references [pff_comb_proof] that do not point to any target, or perhaps point to multiple targets.  Maybe you typed an @xml:id value wrong, maybe the target of the @xml:id is nonexistent, or maybe you temporarily removed the target from your source, or maybe an auxiliary file contains a duplicate.  Your output will contain some placeholder text that you will not want to distribute to your readers.
[31merror: [0m* PTX:ERROR:   a cross-reference ("xref") uses references [pff_comb_proof] that do not point to any target, or perhaps point to multiple targets.  Maybe you typed an @xml:id value wrong, maybe the target of the @xml:id is nonexistent, or maybe you temporarily removed the target from your source, or maybe an auxiliary file contains a duplicate.  Your output will contain some placeholder text that you will not want to distribute to your readers.
[31merror: [0m* PTX:ERROR:   a cross-reference ("xref") uses references [pff_comb_proof] that do not point to any target, or perhaps point to multiple targets.  Maybe you typed an @xml:id value wrong, maybe the target of the @xml:id is nonexistent, or maybe you temporarily removed the target from your source, or maybe an auxiliary file contains a duplicate.  Your output will contain some placeholder text that you will not want to distribute to your readers.
[31merror: [0m* PTX:ERROR:   a cross-reference ("xref") uses references [pff_comb_proof] that do not point to any target, or perhaps point to multiple targets.  Maybe you typed an @xml:id value wrong, maybe the target of the @xml:id is nonexistent, or maybe you temporarily removed the target from your source, or maybe an auxiliary file contains a duplicate.  Your output will contain some placeholder text that you will not want to distribute to your readers.
[31merror: [0m* PTX:ERROR:   a cross-reference ("xref") uses references [pff_comb_proof] that do not point to any target, or perhaps point to multiple targets.  Maybe you typed an @xml:id value wrong, maybe the target of the @xml:id is nonexistent, or maybe you temporarily removed the target from your source, or maybe an auxiliary file contains a duplicate.  Your output will contain some placeholder text that you will not want to distribute to your readers.
[31merror: [0m* PTX:ERROR:   a cross-reference ("xref") uses references [pff_comb_proof_sum] that do not point to any target, or perhaps point to multiple targets.  Maybe you typed an @xml:id value wrong, maybe the target of the @xml:id is nonexistent, or maybe you temporarily removed the target from your source, or maybe an auxiliary file contains a duplicate.  Your output will contain some placeholder text that you will not want to distribute to your readers.
[31merror: [0m* PTX:ERROR:   a cross-reference ("xref") uses references [pff_contradiction] that do not point to any target, or perhaps point to multiple targets.  Maybe you typed an @xml:id value wrong, maybe the target of the @xml:id is nonexistent, or maybe you temporarily removed the target from your source, or maybe an auxiliary file contains a duplicate.  Your output will contain some placeholder text that you will not want to distribute to your readers.
[31merror: [0m* PTX:ERROR:   a cross-reference ("xref") uses references [pff_and] that do not point to any target, or perhaps point to multiple targets.  Maybe you typed an @xml:id value wrong, maybe the target of the @xml:id is nonexistent, or maybe you temporarily removed the target from your source, or maybe an auxiliary file contains a duplicate.  Your output will contain some placeholder text that you will not want to distribute to your readers.
[31merror: [0m* PTX:ERROR:   a cross-reference ("xref") uses references [pff_or_by_cases] that do not point to any target, or perhaps point to multiple targets.  Maybe you typed an @xml:id value wrong, maybe the target of the @xml:id is nonexistent, or maybe you temporarily removed the target from your source, or maybe an auxiliary file contains a duplicate.  Your output will contain some placeholder text that you will not want to distribute to your readers.
[31merror: [0m* PTX:ERROR:   a cross-reference ("xref") uses references [pff_and] that do not point to any target, or perhaps point to multiple targets.  Maybe you typed an @xml:id value wrong, maybe the target of the @xml:id is nonexistent, or maybe you temporarily removed the target from your source, or maybe an auxiliary file contains a duplicate.  Your output will contain some placeholder text that you will not want to distribute to your readers.
[31merror: [0m* PTX:ERROR:   a cross-reference ("xref") uses references [pff_or_by_cases_generalized] that do not point to any target, or perhaps point to multiple targets.  Maybe you typed an @xml:id value wrong, maybe the target of the @xml:id is nonexistent, or maybe you temporarily removed the target from your source, or maybe an auxiliary file contains a duplicate.  Your output will contain some placeholder text that you will not want to distribute to your readers.
[31merror: [0m* PTX:ERROR:   a cross-reference ("xref") uses references [pff_contradiction] that do not point to any target, or perhaps point to multiple targets.  Maybe you typed an @xml:id value wrong, maybe the target of the @xml:id is nonexistent, or maybe you temporarily removed the target from your source, or maybe an auxiliary file contains a duplicate.  Your output will contain some placeholder text that you will not want to distribute to your readers.
[31merror: [0m* PTX:ERROR:   a cross-reference ("xref") uses references [pff_contradiction] that do not point to any target, or perhaps point to multiple targets.  Maybe you typed an @xml:id value wrong, maybe the target of the @xml:id is nonexistent, or maybe you temporarily removed the target from your source, or maybe an auxiliary file contains a duplicate.  Your output will contain some placeholder text that you will not want to distribute to your readers.
[31merror: [0m* PTX:ERROR:   a cross-reference ("xref") uses references [pff_contradiction] that do not point to any target, or perhaps point to multiple targets.  Maybe you typed an @xml:id value wrong, maybe the target of the @xml:id is nonexistent, or maybe you temporarily removed the target from your source, or maybe an auxiliary file contains a duplicate.  Your output will contain some placeholder text that you will not want to distribute to your readers.
[31merror: [0m* PTX:ERROR:   a cross-reference ("xref") uses references [pff_contradiction] that do not point to any target, or perhaps point to multiple targets.  Maybe you typed an @xml:id value wrong, maybe the target of the @xml:id is nonexistent, or maybe you temporarily removed the target from your source, or maybe an auxiliary file contains a duplicate.  Your output will contain some placeholder text that you will not want to distribute to your readers.
[31merror: [0m* PTX:ERROR:   a cross-reference ("xref") uses references [pff_or_implication] that do not point to any target, or perhaps point to multiple targets.  Maybe you typed an @xml:id value wrong, maybe the target of the @xml:id is nonexistent, or maybe you temporarily removed the target from your source, or maybe an auxiliary file contains a duplicate.  Your output will contain some placeholder text that you will not want to distribute to your readers.
[31merror: [0m* PTX:ERROR:   a cross-reference ("xref") uses references [pff_and] that do not point to any target, or perhaps point to multiple targets.  Maybe you typed an @xml:id value wrong, maybe the target of the @xml:id is nonexistent, or maybe you temporarily removed the target from your source, or maybe an auxiliary file contains a duplicate.  Your output will contain some placeholder text that you will not want to distribute to your readers.
[31merror: [0m* PTX:ERROR:   a cross-reference ("xref") uses references [pff_and] that do not point to any target, or perhaps point to multiple targets.  Maybe you typed an @xml:id value wrong, maybe the target of the @xml:id is nonexistent, or maybe you temporarily removed the target from your source, or maybe an auxiliary file contains a duplicate.  Your output will contain some placeholder text that you will not want to distribute to your readers.
[31merror: [0m* PTX:ERROR:   a cross-reference ("xref") uses references [pff_or_implication] that do not point to any target, or perhaps point to multiple targets.  Maybe you typed an @xml:id value wrong, maybe the target of the @xml:id is nonexistent, or maybe you temporarily removed the target from your source, or maybe an auxiliary file contains a duplicate.  Your output will contain some placeholder text that you will not want to distribute to your readers.
[31merror: [0m* PTX:ERROR:   a cross-reference ("xref") uses references [pff_iff] that do not point to any target, or perhaps point to multiple targets.  Maybe you typed an @xml:id value wrong, maybe the target of the @xml:id is nonexistent, or maybe you temporarily removed the target from your source, or maybe an auxiliary file contains a duplicate.  Your output will contain some placeholder text that you will not want to distribute to your readers.
[31merror: [0m* PTX:ERROR:   a cross-reference ("xref") uses references [pff_iff] that do not point to any target, or perhaps point to multiple targets.  Maybe you typed an @xml:id value wrong, maybe the target of the @xml:id is nonexistent, or maybe you temporarily removed the target from your source, or maybe an auxiliary file contains a duplicate.  Your output will contain some placeholder text that you will not want to distribute to your readers.
[31merror: [0m* PTX:ERROR:   a cross-reference ("xref") uses references [pff_iff] that do not point to any target, or perhaps point to multiple targets.  Maybe you typed an @xml:id value wrong, maybe the target of the @xml:id is nonexistent, or maybe you temporarily removed the target from your source, or maybe an auxiliary file contains a duplicate.  Your output will contain some placeholder text that you will not want to distribute to your readers.
[31merror: [0m* PTX:ERROR:   a cross-reference ("xref") uses references [pff_contradiction] that do not point to any target, or perhaps point to multiple targets.  Maybe you typed an @xml:id value wrong, maybe the target of the @xml:id is nonexistent, or maybe you temporarily removed the target from your source, or maybe an auxiliary file contains a duplicate.  Your output will contain some placeholder text that you will not want to distribute to your readers.
[31merror: [0m* PTX:ERROR:   a cross-reference ("xref") uses references [pff_unique_direct] that do not point to any target, or perhaps point to multiple targets.  Maybe you typed an @xml:id value wrong, maybe the target of the @xml:id is nonexistent, or maybe you temporarily removed the target from your source, or maybe an auxiliary file contains a duplicate.  Your output will contain some placeholder text that you will not want to distribute to your readers.
[31merror: [0m* PTX:ERROR:   a cross-reference ("xref") uses references [pff_exists_unique] that do not point to any target, or perhaps point to multiple targets.  Maybe you typed an @xml:id value wrong, maybe the target of the @xml:id is nonexistent, or maybe you temporarily removed the target from your source, or maybe an auxiliary file contains a duplicate.  Your output will contain some placeholder text that you will not want to distribute to your readers.
[31merror: [0m* PTX:ERROR:   a cross-reference ("xref") uses references [pff_math_ind_matrix] that do not point to any target, or perhaps point to multiple targets.  Maybe you typed an @xml:id value wrong, maybe the target of the @xml:id is nonexistent, or maybe you temporarily removed the target from your source, or maybe an auxiliary file contains a duplicate.  Your output will contain some placeholder text that you will not want to distribute to your readers.
[31merror: [0m* PTX:ERROR:   a cross-reference ("xref") uses references [pff_math_ind_matrix] that do not point to any target, or perhaps point to multiple targets.  Maybe you typed an @xml:id value wrong, maybe the target of the @xml:id is nonexistent, or maybe you temporarily removed the target from your source, or maybe an auxiliary file contains a duplicate.  Your output will contain some placeholder text that you will not want to distribute to your readers.
[31merror: [0m* PTX:ERROR:   a cross-reference ("xref") uses references [pff_math_ind_matrix] that do not point to any target, or perhaps point to multiple targets.  Maybe you typed an @xml:id value wrong, maybe the target of the @xml:id is nonexistent, or maybe you temporarily removed the target from your source, or maybe an auxiliary file contains a duplicate.  Your output will contain some placeholder text that you will not want to distribute to your readers.
[31merror: [0m* PTX:ERROR:   a cross-reference ("xref") uses references [pff_math_ind_matrix] that do not point to any target, or perhaps point to multiple targets.  Maybe you typed an @xml:id value wrong, maybe the target of the @xml:id is nonexistent, or maybe you temporarily removed the target from your source, or maybe an auxiliary file contains a duplicate.  Your output will contain some placeholder text that you will not want to distribute to your readers.
[31merror: [0m* PTX:ERROR:   a cross-reference ("xref") uses references [pff_math_ind_matrix] that do not point to any target, or perhaps point to multiple targets.  Maybe you typed an @xml:id value wrong, maybe the target of the @xml:id is nonexistent, or maybe you temporarily removed the target from your source, or maybe an auxiliary file contains a duplicate.  Your output will contain some placeholder text that you will not want to distribute to your readers.
[31merror: [0m* PTX:ERROR:   a cross-reference ("xref") uses references [pff_strong_math_ind_seq] that do not point to any target, or perhaps point to multiple targets.  Maybe you typed an @xml:id value wrong, maybe the target of the @xml:id is nonexistent, or maybe you temporarily removed the target from your source, or maybe an auxiliary file contains a duplicate.  Your output will contain some placeholder text that you will not want to distribute to your readers.
[31merror: [0m* PTX:ERROR:   a cross-reference ("xref") uses references [pff_strong_math_ind_seq] that do not point to any target, or perhaps point to multiple targets.  Maybe you typed an @xml:id value wrong, maybe the target of the @xml:id is nonexistent, or maybe you temporarily removed the target from your source, or maybe an auxiliary file contains a duplicate.  Your output will contain some placeholder text that you will not want to distribute to your readers.
[31merror: [0m* PTX:ERROR:   a cross-reference ("xref") uses references [pff_strong_math_ind_seq] that do not point to any target, or perhaps point to multiple targets.  Maybe you typed an @xml:id value wrong, maybe the target of the @xml:id is nonexistent, or maybe you temporarily removed the target from your source, or maybe an auxiliary file contains a duplicate.  Your output will contain some placeholder text that you will not want to distribute to your readers.
[31merror: [0m* PTX:ERROR:   a cross-reference ("xref") uses references [pff_comb_proof] that do not point to any target, or perhaps point to multiple targets.  Maybe you typed an @xml:id value wrong, maybe the target of the @xml:id is nonexistent, or maybe you temporarily removed the target from your source, or maybe an auxiliary file contains a duplicate.  Your output will contain some placeholder text that you will not want to distribute to your readers.
[31mcritical: [0mThere were errors during the build.  See above.
[31mcritical: [0mFailed to build without errors.  Exiting...
----------------------------------------------------
